[0.000000] (-) TimerEvent: {}
[0.000090] (fbg_msgs) JobQueued: {'identifier': 'fbg_msgs', 'dependencies': OrderedDict()}
[0.000112] (needle_shape) JobQueued: {'identifier': 'needle_shape', 'dependencies': OrderedDict()}
[0.000125] (sm130_interrogator) JobQueued: {'identifier': 'sm130_interrogator', 'dependencies': OrderedDict()}
[0.000136] (curvature_srvcli) JobQueued: {'identifier': 'curvature_srvcli', 'dependencies': OrderedDict([('fbg_msgs', '/home/yangshengxu/Desktop/InSituNeedle_Manipulation_FBG_FEM_ROS2/install/fbg_msgs'), ('sm130_interrogator', '/home/yangshengxu/Desktop/InSituNeedle_Manipulation_FBG_FEM_ROS2/install/sm130_interrogator')])}
[0.000150] (fbg_msgs) JobStarted: {'identifier': 'fbg_msgs'}
[0.007283] (sm130_interrogator) JobStarted: {'identifier': 'sm130_interrogator'}
[0.014840] (needle_shape) JobStarted: {'identifier': 'needle_shape'}
[0.024143] (fbg_msgs) JobProgress: {'identifier': 'fbg_msgs', 'progress': 'cmake'}
[0.024288] (fbg_msgs) Command: {'cmd': ['/usr/bin/cmake', '/home/yangshengxu/Desktop/InSituNeedle_Manipulation_FBG_FEM_ROS2/src/fbg_msgs', '-DCMAKE_INSTALL_PREFIX=/home/yangshengxu/Desktop/InSituNeedle_Manipulation_FBG_FEM_ROS2/install/fbg_msgs'], 'cwd': '/home/yangshengxu/Desktop/InSituNeedle_Manipulation_FBG_FEM_ROS2/build/fbg_msgs', 'env': OrderedDict([('LESSOPEN', '| /usr/bin/lesspipe %s'), ('USER', 'yangshengxu'), ('SSH_AGENT_PID', '1567'), ('XDG_SESSION_TYPE', 'x11'), ('SHLVL', '1'), ('LD_LIBRARY_PATH', '/home/yangshengxu/Desktop/InSituNeedle_Manipulation_FBG_FEM_ROS2/install/fbg_msgs/lib:/opt/ros/galactic/opt/yaml_cpp_vendor/lib:/opt/ros/galactic/opt/rviz_ogre_vendor/lib:/opt/ros/galactic/lib/x86_64-linux-gnu:/opt/ros/galactic/lib'), ('HOME', '/home/yangshengxu'), ('OLDPWD', '/home/yangshengxu'), ('DESKTOP_SESSION', 'ubuntu'), ('ROS_PYTHON_VERSION', '3'), ('GNOME_SHELL_SESSION_MODE', 'ubuntu'), ('GTK_MODULES', 'gail:atk-bridge'), ('MANAGERPID', '1386'), ('DBUS_SESSION_BUS_ADDRESS', 'unix:path=/run/user/1000/bus'), ('COLORTERM', 'truecolor'), ('IM_CONFIG_PHASE', '1'), ('COLCON_PREFIX_PATH', '/home/yangshengxu/Desktop/InSituNeedle_Manipulation_FBG_FEM_ROS2/install'), ('ROS_DISTRO', 'galactic'), ('LOGNAME', 'yangshengxu'), ('JOURNAL_STREAM', '8:46378'), ('_', '/usr/bin/colcon'), ('ROS_VERSION', '2'), ('XDG_SESSION_CLASS', 'user'), ('USERNAME', 'yangshengxu'), ('TERM', 'xterm-256color'), ('GNOME_DESKTOP_SESSION_ID', 'this-is-deprecated'), ('ROS_LOCALHOST_ONLY', '0'), ('WINDOWPATH', '2'), ('PATH', '/opt/ros/galactic/bin:/home/yangshengxu/.local/bin:/usr/local/sbin:/usr/local/bin:/usr/sbin:/usr/bin:/sbin:/bin:/usr/games:/usr/local/games:/snap/bin'), ('SESSION_MANAGER', 'local/yangshengxu-ThinkBook-13s-G2-ITL:@/tmp/.ICE-unix/1626,unix/yangshengxu-ThinkBook-13s-G2-ITL:/tmp/.ICE-unix/1626'), ('INVOCATION_ID', 'dd78b546e48449bc828040ccff6bec18'), ('XDG_MENU_PREFIX', 'gnome-'), ('GNOME_TERMINAL_SCREEN', '/org/gnome/Terminal/screen/7c423200_6898_4540_a048_d8550ed03d29'), ('XDG_RUNTIME_DIR', '/run/user/1000'), ('DISPLAY', ':0'), ('LANG', 'en_US.UTF-8'), ('XDG_CURRENT_DESKTOP', 'ubuntu:GNOME'), ('XMODIFIERS', '@im=ibus'), ('XDG_SESSION_DESKTOP', 'ubuntu'), ('XAUTHORITY', '/run/user/1000/gdm/Xauthority'), ('LS_COLORS', 'rs=0:di=01;34:ln=01;36:mh=00:pi=40;33:so=01;35:do=01;35:bd=40;33;01:cd=40;33;01:or=40;31;01:mi=00:su=37;41:sg=30;43:ca=30;41:tw=30;42:ow=34;42:st=37;44:ex=01;32:*.tar=01;31:*.tgz=01;31:*.arc=01;31:*.arj=01;31:*.taz=01;31:*.lha=01;31:*.lz4=01;31:*.lzh=01;31:*.lzma=01;31:*.tlz=01;31:*.txz=01;31:*.tzo=01;31:*.t7z=01;31:*.zip=01;31:*.z=01;31:*.dz=01;31:*.gz=01;31:*.lrz=01;31:*.lz=01;31:*.lzo=01;31:*.xz=01;31:*.zst=01;31:*.tzst=01;31:*.bz2=01;31:*.bz=01;31:*.tbz=01;31:*.tbz2=01;31:*.tz=01;31:*.deb=01;31:*.rpm=01;31:*.jar=01;31:*.war=01;31:*.ear=01;31:*.sar=01;31:*.rar=01;31:*.alz=01;31:*.ace=01;31:*.zoo=01;31:*.cpio=01;31:*.7z=01;31:*.rz=01;31:*.cab=01;31:*.wim=01;31:*.swm=01;31:*.dwm=01;31:*.esd=01;31:*.jpg=01;35:*.jpeg=01;35:*.mjpg=01;35:*.mjpeg=01;35:*.gif=01;35:*.bmp=01;35:*.pbm=01;35:*.pgm=01;35:*.ppm=01;35:*.tga=01;35:*.xbm=01;35:*.xpm=01;35:*.tif=01;35:*.tiff=01;35:*.png=01;35:*.svg=01;35:*.svgz=01;35:*.mng=01;35:*.pcx=01;35:*.mov=01;35:*.mpg=01;35:*.mpeg=01;35:*.m2v=01;35:*.mkv=01;35:*.webm=01;35:*.ogm=01;35:*.mp4=01;35:*.m4v=01;35:*.mp4v=01;35:*.vob=01;35:*.qt=01;35:*.nuv=01;35:*.wmv=01;35:*.asf=01;35:*.rm=01;35:*.rmvb=01;35:*.flc=01;35:*.avi=01;35:*.fli=01;35:*.flv=01;35:*.gl=01;35:*.dl=01;35:*.xcf=01;35:*.xwd=01;35:*.yuv=01;35:*.cgm=01;35:*.emf=01;35:*.ogv=01;35:*.ogx=01;35:*.aac=00;36:*.au=00;36:*.flac=00;36:*.m4a=00;36:*.mid=00;36:*.midi=00;36:*.mka=00;36:*.mp3=00;36:*.mpc=00;36:*.ogg=00;36:*.ra=00;36:*.wav=00;36:*.oga=00;36:*.opus=00;36:*.spx=00;36:*.xspf=00;36:'), ('GNOME_TERMINAL_SERVICE', ':1.488'), ('SSH_AUTH_SOCK', '/run/user/1000/keyring/ssh'), ('AMENT_PREFIX_PATH', '/home/yangshengxu/Desktop/InSituNeedle_Manipulation_FBG_FEM_ROS2/install/curvature_srvcli:/home/yangshengxu/Desktop/InSituNeedle_Manipulation_FBG_FEM_ROS2/install/sm130_interrogator:/home/yangshengxu/Desktop/InSituNeedle_Manipulation_FBG_FEM_ROS2/install/needle_shape:/home/yangshengxu/Desktop/InSituNeedle_Manipulation_FBG_FEM_ROS2/install/fbg_msgs:/opt/ros/galactic'), ('SHELL', '/bin/bash'), ('QT_ACCESSIBILITY', '1'), ('GDMSESSION', 'ubuntu'), ('LESSCLOSE', '/usr/bin/lesspipe %s %s'), ('GPG_AGENT_INFO', '/run/user/1000/gnupg/S.gpg-agent:0:1'), ('QT_IM_MODULE', 'ibus'), ('PWD', '/home/yangshengxu/Desktop/InSituNeedle_Manipulation_FBG_FEM_ROS2/build/fbg_msgs'), ('XDG_CONFIG_DIRS', '/etc/xdg/xdg-ubuntu:/etc/xdg'), ('XDG_DATA_DIRS', '/usr/share/ubuntu:/usr/local/share/:/usr/share/:/var/lib/snapd/desktop'), ('PYTHONPATH', '/home/yangshengxu/Desktop/InSituNeedle_Manipulation_FBG_FEM_ROS2/install/curvature_srvcli/lib/python3.8/site-packages:/home/yangshengxu/Desktop/InSituNeedle_Manipulation_FBG_FEM_ROS2/install/sm130_interrogator/lib/python3.8/site-packages:/home/yangshengxu/Desktop/InSituNeedle_Manipulation_FBG_FEM_ROS2/install/needle_shape/lib/python3.8/site-packages:/home/yangshengxu/Desktop/InSituNeedle_Manipulation_FBG_FEM_ROS2/install/fbg_msgs/lib/python3.8/site-packages:/opt/ros/galactic/lib/python3.8/site-packages'), ('COLCON', '1'), ('VTE_VERSION', '6003'), ('CMAKE_PREFIX_PATH', '/home/yangshengxu/Desktop/InSituNeedle_Manipulation_FBG_FEM_ROS2/install/fbg_msgs:/home/yangshengxu/Desktop/InSituNeedle_Manipulation_FBG_FEM_ROS2/install/curvature_srvcli:/home/yangshengxu/Desktop/InSituNeedle_Manipulation_FBG_FEM_ROS2/install/sm130_interrogator:/home/yangshengxu/Desktop/InSituNeedle_Manipulation_FBG_FEM_ROS2/install/needle_shape:/opt/ros/galactic')]), 'shell': False}
[0.099651] (-) TimerEvent: {}
[0.184900] (fbg_msgs) StdoutLine: {'line': b'-- The C compiler identification is GNU 9.4.0\n'}
[0.199842] (-) TimerEvent: {}
[0.219285] (fbg_msgs) StdoutLine: {'line': b'-- The CXX compiler identification is GNU 9.4.0\n'}
[0.225329] (fbg_msgs) StdoutLine: {'line': b'-- Check for working C compiler: /usr/bin/cc\n'}
[0.276018] (fbg_msgs) StdoutLine: {'line': b'-- Check for working C compiler: /usr/bin/cc -- works\n'}
[0.277081] (fbg_msgs) StdoutLine: {'line': b'-- Detecting C compiler ABI info\n'}
[0.299936] (-) TimerEvent: {}
[0.323264] (fbg_msgs) StdoutLine: {'line': b'-- Detecting C compiler ABI info - done\n'}
[0.331333] (fbg_msgs) StdoutLine: {'line': b'-- Detecting C compile features\n'}
[0.331814] (fbg_msgs) StdoutLine: {'line': b'-- Detecting C compile features - done\n'}
[0.334072] (fbg_msgs) StdoutLine: {'line': b'-- Check for working CXX compiler: /usr/bin/c++\n'}
[0.389033] (fbg_msgs) StdoutLine: {'line': b'-- Check for working CXX compiler: /usr/bin/c++ -- works\n'}
[0.390222] (fbg_msgs) StdoutLine: {'line': b'-- Detecting CXX compiler ABI info\n'}
[0.400042] (-) TimerEvent: {}
[0.451193] (fbg_msgs) StdoutLine: {'line': b'-- Detecting CXX compiler ABI info - done\n'}
[0.467394] (fbg_msgs) StdoutLine: {'line': b'-- Detecting CXX compile features\n'}
[0.468142] (fbg_msgs) StdoutLine: {'line': b'-- Detecting CXX compile features - done\n'}
[0.470767] (fbg_msgs) StdoutLine: {'line': b'-- Found ament_cmake: 1.1.6 (/opt/ros/galactic/share/ament_cmake/cmake)\n'}
[0.494756] (fbg_msgs) StdoutLine: {'line': b'-- Found PythonInterp: /usr/bin/python3 (found suitable version "3.8.10", minimum required is "3") \n'}
[0.494905] (fbg_msgs) StdoutLine: {'line': b'-- Using PYTHON_EXECUTABLE: /usr/bin/python3\n'}
[0.500212] (-) TimerEvent: {}
[0.571761] (fbg_msgs) StdoutLine: {'line': b'-- Found rclcpp: 9.2.2 (/opt/ros/galactic/share/rclcpp/cmake)\n'}
[0.600299] (-) TimerEvent: {}
[0.618680] (fbg_msgs) StdoutLine: {'line': b'-- Using all available rosidl_typesupport_c: rosidl_typesupport_fastrtps_c;rosidl_typesupport_introspection_c\n'}
[0.623685] (needle_shape) Command: {'cmd': ['/usr/bin/python3', 'setup.py', 'egg_info', '--egg-base', '../../build/needle_shape', 'build', '--build-base', '/home/yangshengxu/Desktop/InSituNeedle_Manipulation_FBG_FEM_ROS2/build/needle_shape/build', 'install', '--record', '/home/yangshengxu/Desktop/InSituNeedle_Manipulation_FBG_FEM_ROS2/build/needle_shape/install.log', '--single-version-externally-managed'], 'cwd': '/home/yangshengxu/Desktop/InSituNeedle_Manipulation_FBG_FEM_ROS2/src/needle_shape', 'env': {'LESSOPEN': '| /usr/bin/lesspipe %s', 'USER': 'yangshengxu', 'SSH_AGENT_PID': '1567', 'XDG_SESSION_TYPE': 'x11', 'SHLVL': '1', 'LD_LIBRARY_PATH': '/home/yangshengxu/Desktop/InSituNeedle_Manipulation_FBG_FEM_ROS2/install/fbg_msgs/lib:/opt/ros/galactic/opt/yaml_cpp_vendor/lib:/opt/ros/galactic/opt/rviz_ogre_vendor/lib:/opt/ros/galactic/lib/x86_64-linux-gnu:/opt/ros/galactic/lib', 'HOME': '/home/yangshengxu', 'OLDPWD': '/home/yangshengxu', 'DESKTOP_SESSION': 'ubuntu', 'ROS_PYTHON_VERSION': '3', 'GNOME_SHELL_SESSION_MODE': 'ubuntu', 'GTK_MODULES': 'gail:atk-bridge', 'MANAGERPID': '1386', 'DBUS_SESSION_BUS_ADDRESS': 'unix:path=/run/user/1000/bus', 'COLORTERM': 'truecolor', 'IM_CONFIG_PHASE': '1', 'COLCON_PREFIX_PATH': '/home/yangshengxu/Desktop/InSituNeedle_Manipulation_FBG_FEM_ROS2/install', 'ROS_DISTRO': 'galactic', 'LOGNAME': 'yangshengxu', 'JOURNAL_STREAM': '8:46378', '_': '/usr/bin/colcon', 'ROS_VERSION': '2', 'XDG_SESSION_CLASS': 'user', 'USERNAME': 'yangshengxu', 'TERM': 'xterm-256color', 'GNOME_DESKTOP_SESSION_ID': 'this-is-deprecated', 'ROS_LOCALHOST_ONLY': '0', 'WINDOWPATH': '2', 'PATH': '/opt/ros/galactic/bin:/home/yangshengxu/.local/bin:/usr/local/sbin:/usr/local/bin:/usr/sbin:/usr/bin:/sbin:/bin:/usr/games:/usr/local/games:/snap/bin', 'SESSION_MANAGER': 'local/yangshengxu-ThinkBook-13s-G2-ITL:@/tmp/.ICE-unix/1626,unix/yangshengxu-ThinkBook-13s-G2-ITL:/tmp/.ICE-unix/1626', 'INVOCATION_ID': 'dd78b546e48449bc828040ccff6bec18', 'XDG_MENU_PREFIX': 'gnome-', 'GNOME_TERMINAL_SCREEN': '/org/gnome/Terminal/screen/7c423200_6898_4540_a048_d8550ed03d29', 'XDG_RUNTIME_DIR': '/run/user/1000', 'DISPLAY': ':0', 'LANG': 'en_US.UTF-8', 'XDG_CURRENT_DESKTOP': 'ubuntu:GNOME', 'XMODIFIERS': '@im=ibus', 'XDG_SESSION_DESKTOP': 'ubuntu', 'XAUTHORITY': '/run/user/1000/gdm/Xauthority', 'LS_COLORS': 'rs=0:di=01;34:ln=01;36:mh=00:pi=40;33:so=01;35:do=01;35:bd=40;33;01:cd=40;33;01:or=40;31;01:mi=00:su=37;41:sg=30;43:ca=30;41:tw=30;42:ow=34;42:st=37;44:ex=01;32:*.tar=01;31:*.tgz=01;31:*.arc=01;31:*.arj=01;31:*.taz=01;31:*.lha=01;31:*.lz4=01;31:*.lzh=01;31:*.lzma=01;31:*.tlz=01;31:*.txz=01;31:*.tzo=01;31:*.t7z=01;31:*.zip=01;31:*.z=01;31:*.dz=01;31:*.gz=01;31:*.lrz=01;31:*.lz=01;31:*.lzo=01;31:*.xz=01;31:*.zst=01;31:*.tzst=01;31:*.bz2=01;31:*.bz=01;31:*.tbz=01;31:*.tbz2=01;31:*.tz=01;31:*.deb=01;31:*.rpm=01;31:*.jar=01;31:*.war=01;31:*.ear=01;31:*.sar=01;31:*.rar=01;31:*.alz=01;31:*.ace=01;31:*.zoo=01;31:*.cpio=01;31:*.7z=01;31:*.rz=01;31:*.cab=01;31:*.wim=01;31:*.swm=01;31:*.dwm=01;31:*.esd=01;31:*.jpg=01;35:*.jpeg=01;35:*.mjpg=01;35:*.mjpeg=01;35:*.gif=01;35:*.bmp=01;35:*.pbm=01;35:*.pgm=01;35:*.ppm=01;35:*.tga=01;35:*.xbm=01;35:*.xpm=01;35:*.tif=01;35:*.tiff=01;35:*.png=01;35:*.svg=01;35:*.svgz=01;35:*.mng=01;35:*.pcx=01;35:*.mov=01;35:*.mpg=01;35:*.mpeg=01;35:*.m2v=01;35:*.mkv=01;35:*.webm=01;35:*.ogm=01;35:*.mp4=01;35:*.m4v=01;35:*.mp4v=01;35:*.vob=01;35:*.qt=01;35:*.nuv=01;35:*.wmv=01;35:*.asf=01;35:*.rm=01;35:*.rmvb=01;35:*.flc=01;35:*.avi=01;35:*.fli=01;35:*.flv=01;35:*.gl=01;35:*.dl=01;35:*.xcf=01;35:*.xwd=01;35:*.yuv=01;35:*.cgm=01;35:*.emf=01;35:*.ogv=01;35:*.ogx=01;35:*.aac=00;36:*.au=00;36:*.flac=00;36:*.m4a=00;36:*.mid=00;36:*.midi=00;36:*.mka=00;36:*.mp3=00;36:*.mpc=00;36:*.ogg=00;36:*.ra=00;36:*.wav=00;36:*.oga=00;36:*.opus=00;36:*.spx=00;36:*.xspf=00;36:', 'GNOME_TERMINAL_SERVICE': ':1.488', 'SSH_AUTH_SOCK': '/run/user/1000/keyring/ssh', 'AMENT_PREFIX_PATH': '/home/yangshengxu/Desktop/InSituNeedle_Manipulation_FBG_FEM_ROS2/install/curvature_srvcli:/home/yangshengxu/Desktop/InSituNeedle_Manipulation_FBG_FEM_ROS2/install/sm130_interrogator:/home/yangshengxu/Desktop/InSituNeedle_Manipulation_FBG_FEM_ROS2/install/needle_shape:/home/yangshengxu/Desktop/InSituNeedle_Manipulation_FBG_FEM_ROS2/install/fbg_msgs:/opt/ros/galactic', 'SHELL': '/bin/bash', 'QT_ACCESSIBILITY': '1', 'GDMSESSION': 'ubuntu', 'LESSCLOSE': '/usr/bin/lesspipe %s %s', 'GPG_AGENT_INFO': '/run/user/1000/gnupg/S.gpg-agent:0:1', 'QT_IM_MODULE': 'ibus', 'PWD': '/home/yangshengxu/Desktop/InSituNeedle_Manipulation_FBG_FEM_ROS2/build/needle_shape', 'XDG_CONFIG_DIRS': '/etc/xdg/xdg-ubuntu:/etc/xdg', 'XDG_DATA_DIRS': '/usr/share/ubuntu:/usr/local/share/:/usr/share/:/var/lib/snapd/desktop', 'PYTHONPATH': '/home/yangshengxu/Desktop/InSituNeedle_Manipulation_FBG_FEM_ROS2/build/needle_shape/prefix_override:/home/yangshengxu/Desktop/InSituNeedle_Manipulation_FBG_FEM_ROS2/install/needle_shape/lib/python3.8/site-packages:/home/yangshengxu/Desktop/InSituNeedle_Manipulation_FBG_FEM_ROS2/install/curvature_srvcli/lib/python3.8/site-packages:/home/yangshengxu/Desktop/InSituNeedle_Manipulation_FBG_FEM_ROS2/install/sm130_interrogator/lib/python3.8/site-packages:/home/yangshengxu/Desktop/InSituNeedle_Manipulation_FBG_FEM_ROS2/install/needle_shape/lib/python3.8/site-packages:/home/yangshengxu/Desktop/InSituNeedle_Manipulation_FBG_FEM_ROS2/install/fbg_msgs/lib/python3.8/site-packages:/opt/ros/galactic/lib/python3.8/site-packages', 'COLCON': '1', 'VTE_VERSION': '6003', 'CMAKE_PREFIX_PATH': '/home/yangshengxu/Desktop/InSituNeedle_Manipulation_FBG_FEM_ROS2/install/fbg_msgs'}, 'shell': False}
[0.625447] (fbg_msgs) StdoutLine: {'line': b'-- Found rosidl_adapter: 2.2.3 (/opt/ros/galactic/share/rosidl_adapter/cmake)\n'}
[0.637791] (sm130_interrogator) Command: {'cmd': ['/usr/bin/python3', 'setup.py', 'egg_info', '--egg-base', '../../build/sm130_interrogator', 'build', '--build-base', '/home/yangshengxu/Desktop/InSituNeedle_Manipulation_FBG_FEM_ROS2/build/sm130_interrogator/build', 'install', '--record', '/home/yangshengxu/Desktop/InSituNeedle_Manipulation_FBG_FEM_ROS2/build/sm130_interrogator/install.log', '--single-version-externally-managed'], 'cwd': '/home/yangshengxu/Desktop/InSituNeedle_Manipulation_FBG_FEM_ROS2/src/sm130_interrogator', 'env': {'LESSOPEN': '| /usr/bin/lesspipe %s', 'USER': 'yangshengxu', 'SSH_AGENT_PID': '1567', 'XDG_SESSION_TYPE': 'x11', 'SHLVL': '1', 'LD_LIBRARY_PATH': '/home/yangshengxu/Desktop/InSituNeedle_Manipulation_FBG_FEM_ROS2/install/fbg_msgs/lib:/opt/ros/galactic/opt/yaml_cpp_vendor/lib:/opt/ros/galactic/opt/rviz_ogre_vendor/lib:/opt/ros/galactic/lib/x86_64-linux-gnu:/opt/ros/galactic/lib', 'HOME': '/home/yangshengxu', 'OLDPWD': '/home/yangshengxu', 'DESKTOP_SESSION': 'ubuntu', 'ROS_PYTHON_VERSION': '3', 'GNOME_SHELL_SESSION_MODE': 'ubuntu', 'GTK_MODULES': 'gail:atk-bridge', 'MANAGERPID': '1386', 'DBUS_SESSION_BUS_ADDRESS': 'unix:path=/run/user/1000/bus', 'COLORTERM': 'truecolor', 'IM_CONFIG_PHASE': '1', 'COLCON_PREFIX_PATH': '/home/yangshengxu/Desktop/InSituNeedle_Manipulation_FBG_FEM_ROS2/install', 'ROS_DISTRO': 'galactic', 'LOGNAME': 'yangshengxu', 'JOURNAL_STREAM': '8:46378', '_': '/usr/bin/colcon', 'ROS_VERSION': '2', 'XDG_SESSION_CLASS': 'user', 'USERNAME': 'yangshengxu', 'TERM': 'xterm-256color', 'GNOME_DESKTOP_SESSION_ID': 'this-is-deprecated', 'ROS_LOCALHOST_ONLY': '0', 'WINDOWPATH': '2', 'PATH': '/opt/ros/galactic/bin:/home/yangshengxu/.local/bin:/usr/local/sbin:/usr/local/bin:/usr/sbin:/usr/bin:/sbin:/bin:/usr/games:/usr/local/games:/snap/bin', 'SESSION_MANAGER': 'local/yangshengxu-ThinkBook-13s-G2-ITL:@/tmp/.ICE-unix/1626,unix/yangshengxu-ThinkBook-13s-G2-ITL:/tmp/.ICE-unix/1626', 'INVOCATION_ID': 'dd78b546e48449bc828040ccff6bec18', 'XDG_MENU_PREFIX': 'gnome-', 'GNOME_TERMINAL_SCREEN': '/org/gnome/Terminal/screen/7c423200_6898_4540_a048_d8550ed03d29', 'XDG_RUNTIME_DIR': '/run/user/1000', 'DISPLAY': ':0', 'LANG': 'en_US.UTF-8', 'XDG_CURRENT_DESKTOP': 'ubuntu:GNOME', 'XMODIFIERS': '@im=ibus', 'XDG_SESSION_DESKTOP': 'ubuntu', 'XAUTHORITY': '/run/user/1000/gdm/Xauthority', 'LS_COLORS': 'rs=0:di=01;34:ln=01;36:mh=00:pi=40;33:so=01;35:do=01;35:bd=40;33;01:cd=40;33;01:or=40;31;01:mi=00:su=37;41:sg=30;43:ca=30;41:tw=30;42:ow=34;42:st=37;44:ex=01;32:*.tar=01;31:*.tgz=01;31:*.arc=01;31:*.arj=01;31:*.taz=01;31:*.lha=01;31:*.lz4=01;31:*.lzh=01;31:*.lzma=01;31:*.tlz=01;31:*.txz=01;31:*.tzo=01;31:*.t7z=01;31:*.zip=01;31:*.z=01;31:*.dz=01;31:*.gz=01;31:*.lrz=01;31:*.lz=01;31:*.lzo=01;31:*.xz=01;31:*.zst=01;31:*.tzst=01;31:*.bz2=01;31:*.bz=01;31:*.tbz=01;31:*.tbz2=01;31:*.tz=01;31:*.deb=01;31:*.rpm=01;31:*.jar=01;31:*.war=01;31:*.ear=01;31:*.sar=01;31:*.rar=01;31:*.alz=01;31:*.ace=01;31:*.zoo=01;31:*.cpio=01;31:*.7z=01;31:*.rz=01;31:*.cab=01;31:*.wim=01;31:*.swm=01;31:*.dwm=01;31:*.esd=01;31:*.jpg=01;35:*.jpeg=01;35:*.mjpg=01;35:*.mjpeg=01;35:*.gif=01;35:*.bmp=01;35:*.pbm=01;35:*.pgm=01;35:*.ppm=01;35:*.tga=01;35:*.xbm=01;35:*.xpm=01;35:*.tif=01;35:*.tiff=01;35:*.png=01;35:*.svg=01;35:*.svgz=01;35:*.mng=01;35:*.pcx=01;35:*.mov=01;35:*.mpg=01;35:*.mpeg=01;35:*.m2v=01;35:*.mkv=01;35:*.webm=01;35:*.ogm=01;35:*.mp4=01;35:*.m4v=01;35:*.mp4v=01;35:*.vob=01;35:*.qt=01;35:*.nuv=01;35:*.wmv=01;35:*.asf=01;35:*.rm=01;35:*.rmvb=01;35:*.flc=01;35:*.avi=01;35:*.fli=01;35:*.flv=01;35:*.gl=01;35:*.dl=01;35:*.xcf=01;35:*.xwd=01;35:*.yuv=01;35:*.cgm=01;35:*.emf=01;35:*.ogv=01;35:*.ogx=01;35:*.aac=00;36:*.au=00;36:*.flac=00;36:*.m4a=00;36:*.mid=00;36:*.midi=00;36:*.mka=00;36:*.mp3=00;36:*.mpc=00;36:*.ogg=00;36:*.ra=00;36:*.wav=00;36:*.oga=00;36:*.opus=00;36:*.spx=00;36:*.xspf=00;36:', 'GNOME_TERMINAL_SERVICE': ':1.488', 'SSH_AUTH_SOCK': '/run/user/1000/keyring/ssh', 'AMENT_PREFIX_PATH': '/home/yangshengxu/Desktop/InSituNeedle_Manipulation_FBG_FEM_ROS2/install/curvature_srvcli:/home/yangshengxu/Desktop/InSituNeedle_Manipulation_FBG_FEM_ROS2/install/sm130_interrogator:/home/yangshengxu/Desktop/InSituNeedle_Manipulation_FBG_FEM_ROS2/install/needle_shape:/home/yangshengxu/Desktop/InSituNeedle_Manipulation_FBG_FEM_ROS2/install/fbg_msgs:/opt/ros/galactic', 'SHELL': '/bin/bash', 'QT_ACCESSIBILITY': '1', 'GDMSESSION': 'ubuntu', 'LESSCLOSE': '/usr/bin/lesspipe %s %s', 'GPG_AGENT_INFO': '/run/user/1000/gnupg/S.gpg-agent:0:1', 'QT_IM_MODULE': 'ibus', 'PWD': '/home/yangshengxu/Desktop/InSituNeedle_Manipulation_FBG_FEM_ROS2/build/sm130_interrogator', 'XDG_CONFIG_DIRS': '/etc/xdg/xdg-ubuntu:/etc/xdg', 'XDG_DATA_DIRS': '/usr/share/ubuntu:/usr/local/share/:/usr/share/:/var/lib/snapd/desktop', 'PYTHONPATH': '/home/yangshengxu/Desktop/InSituNeedle_Manipulation_FBG_FEM_ROS2/build/sm130_interrogator/prefix_override:/home/yangshengxu/Desktop/InSituNeedle_Manipulation_FBG_FEM_ROS2/install/sm130_interrogator/lib/python3.8/site-packages:/home/yangshengxu/Desktop/InSituNeedle_Manipulation_FBG_FEM_ROS2/install/curvature_srvcli/lib/python3.8/site-packages:/home/yangshengxu/Desktop/InSituNeedle_Manipulation_FBG_FEM_ROS2/install/sm130_interrogator/lib/python3.8/site-packages:/home/yangshengxu/Desktop/InSituNeedle_Manipulation_FBG_FEM_ROS2/install/needle_shape/lib/python3.8/site-packages:/home/yangshengxu/Desktop/InSituNeedle_Manipulation_FBG_FEM_ROS2/install/fbg_msgs/lib/python3.8/site-packages:/opt/ros/galactic/lib/python3.8/site-packages', 'COLCON': '1', 'VTE_VERSION': '6003', 'CMAKE_PREFIX_PATH': '/home/yangshengxu/Desktop/InSituNeedle_Manipulation_FBG_FEM_ROS2/install/fbg_msgs'}, 'shell': False}
[0.700399] (-) TimerEvent: {}
[0.706245] (fbg_msgs) StdoutLine: {'line': b'-- Found OpenSSL: /usr/lib/x86_64-linux-gnu/libcrypto.so (found version "1.1.1f")  \n'}
[0.743223] (fbg_msgs) StdoutLine: {'line': b'-- Found FastRTPS: /opt/ros/galactic/include  \n'}
[0.780226] (sm130_interrogator) StdoutLine: {'line': b'running egg_info\n'}
[0.780646] (sm130_interrogator) StdoutLine: {'line': b'creating ../../build/sm130_interrogator/sm130_interrogator.egg-info\n'}
[0.780818] (sm130_interrogator) StdoutLine: {'line': b'writing ../../build/sm130_interrogator/sm130_interrogator.egg-info/PKG-INFO\n'}
[0.780969] (sm130_interrogator) StdoutLine: {'line': b'writing dependency_links to ../../build/sm130_interrogator/sm130_interrogator.egg-info/dependency_links.txt\n'}
[0.781147] (sm130_interrogator) StdoutLine: {'line': b'writing entry points to ../../build/sm130_interrogator/sm130_interrogator.egg-info/entry_points.txt\n'}
[0.781230] (sm130_interrogator) StdoutLine: {'line': b'writing requirements to ../../build/sm130_interrogator/sm130_interrogator.egg-info/requires.txt\n'}
[0.781299] (sm130_interrogator) StdoutLine: {'line': b'writing top-level names to ../../build/sm130_interrogator/sm130_interrogator.egg-info/top_level.txt\n'}
[0.782142] (sm130_interrogator) StdoutLine: {'line': b"writing manifest file '../../build/sm130_interrogator/sm130_interrogator.egg-info/SOURCES.txt'\n"}
[0.800490] (-) TimerEvent: {}
[0.805964] (sm130_interrogator) StdoutLine: {'line': b"reading manifest file '../../build/sm130_interrogator/sm130_interrogator.egg-info/SOURCES.txt'\n"}
[0.806591] (sm130_interrogator) StdoutLine: {'line': b"writing manifest file '../../build/sm130_interrogator/sm130_interrogator.egg-info/SOURCES.txt'\n"}
[0.806741] (sm130_interrogator) StdoutLine: {'line': b'running build\n'}
[0.806845] (sm130_interrogator) StdoutLine: {'line': b'running build_py\n'}
[0.806918] (sm130_interrogator) StdoutLine: {'line': b'creating /home/yangshengxu/Desktop/InSituNeedle_Manipulation_FBG_FEM_ROS2/build/sm130_interrogator/build\n'}
[0.806962] (sm130_interrogator) StdoutLine: {'line': b'creating /home/yangshengxu/Desktop/InSituNeedle_Manipulation_FBG_FEM_ROS2/build/sm130_interrogator/build/lib\n'}
[0.807006] (sm130_interrogator) StdoutLine: {'line': b'creating /home/yangshengxu/Desktop/InSituNeedle_Manipulation_FBG_FEM_ROS2/build/sm130_interrogator/build/lib/sm130_interrogator\n'}
[0.807046] (sm130_interrogator) StdoutLine: {'line': b'copying sm130_interrogator/sm130_read.py -> /home/yangshengxu/Desktop/InSituNeedle_Manipulation_FBG_FEM_ROS2/build/sm130_interrogator/build/lib/sm130_interrogator\n'}
[0.807566] (sm130_interrogator) StdoutLine: {'line': b'copying sm130_interrogator/__init__.py -> /home/yangshengxu/Desktop/InSituNeedle_Manipulation_FBG_FEM_ROS2/build/sm130_interrogator/build/lib/sm130_interrogator\n'}
[0.807702] (sm130_interrogator) StdoutLine: {'line': b'copying sm130_interrogator/talker.py -> /home/yangshengxu/Desktop/InSituNeedle_Manipulation_FBG_FEM_ROS2/build/sm130_interrogator/build/lib/sm130_interrogator\n'}
[0.807969] (sm130_interrogator) StdoutLine: {'line': b'copying sm130_interrogator/listener.py -> /home/yangshengxu/Desktop/InSituNeedle_Manipulation_FBG_FEM_ROS2/build/sm130_interrogator/build/lib/sm130_interrogator\n'}
[0.808162] (sm130_interrogator) StdoutLine: {'line': b'copying sm130_interrogator/sm130_member_function.py -> /home/yangshengxu/Desktop/InSituNeedle_Manipulation_FBG_FEM_ROS2/build/sm130_interrogator/build/lib/sm130_interrogator\n'}
[0.808926] (sm130_interrogator) StdoutLine: {'line': b'running install\n'}
[0.809459] (sm130_interrogator) StdoutLine: {'line': b'running install_lib\n'}
[0.810114] (sm130_interrogator) StdoutLine: {'line': b'creating /home/yangshengxu/Desktop/InSituNeedle_Manipulation_FBG_FEM_ROS2/install/sm130_interrogator/lib/python3.8/site-packages/sm130_interrogator\n'}
[0.810230] (sm130_interrogator) StdoutLine: {'line': b'copying /home/yangshengxu/Desktop/InSituNeedle_Manipulation_FBG_FEM_ROS2/build/sm130_interrogator/build/lib/sm130_interrogator/sm130_read.py -> /home/yangshengxu/Desktop/InSituNeedle_Manipulation_FBG_FEM_ROS2/install/sm130_interrogator/lib/python3.8/site-packages/sm130_interrogator\n'}
[0.810342] (sm130_interrogator) StdoutLine: {'line': b'copying /home/yangshengxu/Desktop/InSituNeedle_Manipulation_FBG_FEM_ROS2/build/sm130_interrogator/build/lib/sm130_interrogator/__init__.py -> /home/yangshengxu/Desktop/InSituNeedle_Manipulation_FBG_FEM_ROS2/install/sm130_interrogator/lib/python3.8/site-packages/sm130_interrogator\n'}
[0.810444] (sm130_interrogator) StdoutLine: {'line': b'copying /home/yangshengxu/Desktop/InSituNeedle_Manipulation_FBG_FEM_ROS2/build/sm130_interrogator/build/lib/sm130_interrogator/talker.py -> /home/yangshengxu/Desktop/InSituNeedle_Manipulation_FBG_FEM_ROS2/install/sm130_interrogator/lib/python3.8/site-packages/sm130_interrogator\n'}
[0.810535] (sm130_interrogator) StdoutLine: {'line': b'copying /home/yangshengxu/Desktop/InSituNeedle_Manipulation_FBG_FEM_ROS2/build/sm130_interrogator/build/lib/sm130_interrogator/listener.py -> /home/yangshengxu/Desktop/InSituNeedle_Manipulation_FBG_FEM_ROS2/install/sm130_interrogator/lib/python3.8/site-packages/sm130_interrogator\n'}
[0.810614] (sm130_interrogator) StdoutLine: {'line': b'copying /home/yangshengxu/Desktop/InSituNeedle_Manipulation_FBG_FEM_ROS2/build/sm130_interrogator/build/lib/sm130_interrogator/sm130_member_function.py -> /home/yangshengxu/Desktop/InSituNeedle_Manipulation_FBG_FEM_ROS2/install/sm130_interrogator/lib/python3.8/site-packages/sm130_interrogator\n'}
[0.810879] (sm130_interrogator) StdoutLine: {'line': b'byte-compiling /home/yangshengxu/Desktop/InSituNeedle_Manipulation_FBG_FEM_ROS2/install/sm130_interrogator/lib/python3.8/site-packages/sm130_interrogator/sm130_read.py to sm130_read.cpython-38.pyc\n'}
[0.812609] (sm130_interrogator) StdoutLine: {'line': b'byte-compiling /home/yangshengxu/Desktop/InSituNeedle_Manipulation_FBG_FEM_ROS2/install/sm130_interrogator/lib/python3.8/site-packages/sm130_interrogator/__init__.py to __init__.cpython-38.pyc\n'}
[0.812731] (sm130_interrogator) StdoutLine: {'line': b'byte-compiling /home/yangshengxu/Desktop/InSituNeedle_Manipulation_FBG_FEM_ROS2/install/sm130_interrogator/lib/python3.8/site-packages/sm130_interrogator/talker.py to talker.cpython-38.pyc\n'}
[0.812908] (sm130_interrogator) StdoutLine: {'line': b'byte-compiling /home/yangshengxu/Desktop/InSituNeedle_Manipulation_FBG_FEM_ROS2/install/sm130_interrogator/lib/python3.8/site-packages/sm130_interrogator/listener.py to listener.cpython-38.pyc\n'}
[0.813079] (sm130_interrogator) StdoutLine: {'line': b'byte-compiling /home/yangshengxu/Desktop/InSituNeedle_Manipulation_FBG_FEM_ROS2/install/sm130_interrogator/lib/python3.8/site-packages/sm130_interrogator/sm130_member_function.py to sm130_member_function.cpython-38.pyc\n'}
[0.813465] (sm130_interrogator) StdoutLine: {'line': b'running install_data\n'}
[0.813591] (needle_shape) StdoutLine: {'line': b'running egg_info\n'}
[0.813846] (sm130_interrogator) StdoutLine: {'line': b'creating /home/yangshengxu/Desktop/InSituNeedle_Manipulation_FBG_FEM_ROS2/install/sm130_interrogator/share/ament_index\n'}
[0.813964] (sm130_interrogator) StdoutLine: {'line': b'creating /home/yangshengxu/Desktop/InSituNeedle_Manipulation_FBG_FEM_ROS2/install/sm130_interrogator/share/ament_index/resource_index\n'}
[0.814089] (sm130_interrogator) StdoutLine: {'line': b'creating /home/yangshengxu/Desktop/InSituNeedle_Manipulation_FBG_FEM_ROS2/install/sm130_interrogator/share/ament_index/resource_index/packages\n'}
[0.814185] (sm130_interrogator) StdoutLine: {'line': b'copying resource/sm130_interrogator -> /home/yangshengxu/Desktop/InSituNeedle_Manipulation_FBG_FEM_ROS2/install/sm130_interrogator/share/ament_index/resource_index/packages\n'}
[0.814272] (needle_shape) StdoutLine: {'line': b'creating ../../build/needle_shape/needle_shape.egg-info\n'}
[0.814369] (needle_shape) StdoutLine: {'line': b'writing ../../build/needle_shape/needle_shape.egg-info/PKG-INFO\n'}
[0.814441] (sm130_interrogator) StdoutLine: {'line': b'copying package.xml -> /home/yangshengxu/Desktop/InSituNeedle_Manipulation_FBG_FEM_ROS2/install/sm130_interrogator/share/sm130_interrogator\n'}
[0.814518] (sm130_interrogator) StdoutLine: {'line': b'running install_egg_info\n'}
[0.814589] (needle_shape) StdoutLine: {'line': b'writing dependency_links to ../../build/needle_shape/needle_shape.egg-info/dependency_links.txt\n'}
[0.814659] (needle_shape) StdoutLine: {'line': b'writing entry points to ../../build/needle_shape/needle_shape.egg-info/entry_points.txt\n'}
[0.814734] (needle_shape) StdoutLine: {'line': b'writing requirements to ../../build/needle_shape/needle_shape.egg-info/requires.txt\n'}
[0.814805] (needle_shape) StdoutLine: {'line': b'writing top-level names to ../../build/needle_shape/needle_shape.egg-info/top_level.txt\n'}
[0.815206] (needle_shape) StdoutLine: {'line': b"writing manifest file '../../build/needle_shape/needle_shape.egg-info/SOURCES.txt'\n"}
[0.815591] (sm130_interrogator) StdoutLine: {'line': b'Copying ../../build/sm130_interrogator/sm130_interrogator.egg-info to /home/yangshengxu/Desktop/InSituNeedle_Manipulation_FBG_FEM_ROS2/install/sm130_interrogator/lib/python3.8/site-packages/sm130_interrogator-0.0.0-py3.8.egg-info\n'}
[0.816087] (sm130_interrogator) StdoutLine: {'line': b'running install_scripts\n'}
[0.824843] (fbg_msgs) StdoutLine: {'line': b'-- Using all available rosidl_typesupport_cpp: rosidl_typesupport_fastrtps_cpp;rosidl_typesupport_introspection_cpp\n'}
[0.828180] (sm130_interrogator) StdoutLine: {'line': b'Installing listener script to /home/yangshengxu/Desktop/InSituNeedle_Manipulation_FBG_FEM_ROS2/install/sm130_interrogator/lib/sm130_interrogator\n'}
[0.828357] (sm130_interrogator) StdoutLine: {'line': b'Installing talker script to /home/yangshengxu/Desktop/InSituNeedle_Manipulation_FBG_FEM_ROS2/install/sm130_interrogator/lib/sm130_interrogator\n'}
[0.828553] (sm130_interrogator) StdoutLine: {'line': b"writing list of installed files to '/home/yangshengxu/Desktop/InSituNeedle_Manipulation_FBG_FEM_ROS2/build/sm130_interrogator/install.log'\n"}
[0.839448] (needle_shape) StdoutLine: {'line': b"reading manifest file '../../build/needle_shape/needle_shape.egg-info/SOURCES.txt'\n"}
[0.839997] (needle_shape) StdoutLine: {'line': b"writing manifest file '../../build/needle_shape/needle_shape.egg-info/SOURCES.txt'\n"}
[0.840104] (needle_shape) StdoutLine: {'line': b'running build\n'}
[0.840167] (needle_shape) StdoutLine: {'line': b'running build_py\n'}
[0.840243] (needle_shape) StdoutLine: {'line': b'creating /home/yangshengxu/Desktop/InSituNeedle_Manipulation_FBG_FEM_ROS2/build/needle_shape/build\n'}
[0.840332] (needle_shape) StdoutLine: {'line': b'creating /home/yangshengxu/Desktop/InSituNeedle_Manipulation_FBG_FEM_ROS2/build/needle_shape/build/lib\n'}
[0.840377] (needle_shape) StdoutLine: {'line': b'creating /home/yangshengxu/Desktop/InSituNeedle_Manipulation_FBG_FEM_ROS2/build/needle_shape/build/lib/needle_shape\n'}
[0.840431] (needle_shape) StdoutLine: {'line': b'copying needle_shape/__init__.py -> /home/yangshengxu/Desktop/InSituNeedle_Manipulation_FBG_FEM_ROS2/build/needle_shape/build/lib/needle_shape\n'}
[0.840486] (needle_shape) StdoutLine: {'line': b'copying needle_shape/needle_shape_viewer.py -> /home/yangshengxu/Desktop/InSituNeedle_Manipulation_FBG_FEM_ROS2/build/needle_shape/build/lib/needle_shape\n'}
[0.840540] (needle_shape) StdoutLine: {'line': b'copying needle_shape/needle_shape_member_function.py -> /home/yangshengxu/Desktop/InSituNeedle_Manipulation_FBG_FEM_ROS2/build/needle_shape/build/lib/needle_shape\n'}
[0.840612] (needle_shape) StdoutLine: {'line': b'running install\n'}
[0.840993] (needle_shape) StdoutLine: {'line': b'running install_lib\n'}
[0.841619] (needle_shape) StdoutLine: {'line': b'creating /home/yangshengxu/Desktop/InSituNeedle_Manipulation_FBG_FEM_ROS2/install/needle_shape/lib/python3.8/site-packages/needle_shape\n'}
[0.841806] (needle_shape) StdoutLine: {'line': b'copying /home/yangshengxu/Desktop/InSituNeedle_Manipulation_FBG_FEM_ROS2/build/needle_shape/build/lib/needle_shape/__init__.py -> /home/yangshengxu/Desktop/InSituNeedle_Manipulation_FBG_FEM_ROS2/install/needle_shape/lib/python3.8/site-packages/needle_shape\n'}
[0.841859] (needle_shape) StdoutLine: {'line': b'copying /home/yangshengxu/Desktop/InSituNeedle_Manipulation_FBG_FEM_ROS2/build/needle_shape/build/lib/needle_shape/needle_shape_viewer.py -> /home/yangshengxu/Desktop/InSituNeedle_Manipulation_FBG_FEM_ROS2/install/needle_shape/lib/python3.8/site-packages/needle_shape\n'}
[0.841953] (needle_shape) StdoutLine: {'line': b'copying /home/yangshengxu/Desktop/InSituNeedle_Manipulation_FBG_FEM_ROS2/build/needle_shape/build/lib/needle_shape/needle_shape_member_function.py -> /home/yangshengxu/Desktop/InSituNeedle_Manipulation_FBG_FEM_ROS2/install/needle_shape/lib/python3.8/site-packages/needle_shape\n'}
[0.842118] (needle_shape) StdoutLine: {'line': b'byte-compiling /home/yangshengxu/Desktop/InSituNeedle_Manipulation_FBG_FEM_ROS2/install/needle_shape/lib/python3.8/site-packages/needle_shape/__init__.py to __init__.cpython-38.pyc\n'}
[0.842863] (sm130_interrogator) CommandEnded: {'returncode': 0}
[0.843167] (needle_shape) StdoutLine: {'line': b'byte-compiling /home/yangshengxu/Desktop/InSituNeedle_Manipulation_FBG_FEM_ROS2/install/needle_shape/lib/python3.8/site-packages/needle_shape/needle_shape_viewer.py to needle_shape_viewer.cpython-38.pyc\n'}
[0.843223] (needle_shape) StdoutLine: {'line': b'byte-compiling /home/yangshengxu/Desktop/InSituNeedle_Manipulation_FBG_FEM_ROS2/install/needle_shape/lib/python3.8/site-packages/needle_shape/needle_shape_member_function.py to needle_shape_member_function.cpython-38.pyc\n'}
[0.844617] (needle_shape) StdoutLine: {'line': b'running install_data\n'}
[0.844672] (needle_shape) StdoutLine: {'line': b'creating /home/yangshengxu/Desktop/InSituNeedle_Manipulation_FBG_FEM_ROS2/install/needle_shape/share/ament_index\n'}
[0.844745] (needle_shape) StdoutLine: {'line': b'creating /home/yangshengxu/Desktop/InSituNeedle_Manipulation_FBG_FEM_ROS2/install/needle_shape/share/ament_index/resource_index\n'}
[0.844790] (needle_shape) StdoutLine: {'line': b'creating /home/yangshengxu/Desktop/InSituNeedle_Manipulation_FBG_FEM_ROS2/install/needle_shape/share/ament_index/resource_index/packages\n'}
[0.844833] (needle_shape) StdoutLine: {'line': b'copying resource/needle_shape -> /home/yangshengxu/Desktop/InSituNeedle_Manipulation_FBG_FEM_ROS2/install/needle_shape/share/ament_index/resource_index/packages\n'}
[0.844876] (needle_shape) StdoutLine: {'line': b'copying package.xml -> /home/yangshengxu/Desktop/InSituNeedle_Manipulation_FBG_FEM_ROS2/install/needle_shape/share/needle_shape\n'}
[0.844918] (needle_shape) StdoutLine: {'line': b'running install_egg_info\n'}
[0.845896] (needle_shape) StdoutLine: {'line': b'Copying ../../build/needle_shape/needle_shape.egg-info to /home/yangshengxu/Desktop/InSituNeedle_Manipulation_FBG_FEM_ROS2/install/needle_shape/lib/python3.8/site-packages/needle_shape-0.0.0-py3.8.egg-info\n'}
[0.846771] (needle_shape) StdoutLine: {'line': b'running install_scripts\n'}
[0.859457] (sm130_interrogator) JobEnded: {'identifier': 'sm130_interrogator', 'rc': 0}
[0.862957] (needle_shape) StdoutLine: {'line': b'Installing needle_shape_viewer script to /home/yangshengxu/Desktop/InSituNeedle_Manipulation_FBG_FEM_ROS2/install/needle_shape/lib/needle_shape\n'}
[0.863094] (needle_shape) StdoutLine: {'line': b"writing list of installed files to '/home/yangshengxu/Desktop/InSituNeedle_Manipulation_FBG_FEM_ROS2/build/needle_shape/install.log'\n"}
[0.878232] (needle_shape) CommandEnded: {'returncode': 0}
[0.878526] (fbg_msgs) StdoutLine: {'line': b'-- Found rmw_implementation_cmake: 3.3.1 (/opt/ros/galactic/share/rmw_implementation_cmake/cmake)\n'}
[0.880581] (fbg_msgs) StdoutLine: {'line': b'-- Found rmw_cyclonedds_cpp: 0.22.6 (/opt/ros/galactic/share/rmw_cyclonedds_cpp/cmake)\n'}
[0.883360] (needle_shape) JobEnded: {'identifier': 'needle_shape', 'rc': 0}
[0.898433] (fbg_msgs) StdoutLine: {'line': b"-- Using RMW implementation 'rmw_cyclonedds_cpp' as default\n"}
[0.899561] (fbg_msgs) StdoutLine: {'line': b'-- Looking for pthread.h\n'}
[0.900557] (-) TimerEvent: {}
[0.958935] (fbg_msgs) StdoutLine: {'line': b'-- Looking for pthread.h - found\n'}
[0.959091] (fbg_msgs) StdoutLine: {'line': b'-- Performing Test CMAKE_HAVE_LIBC_PTHREAD\n'}
[1.000753] (-) TimerEvent: {}
[1.017488] (fbg_msgs) StdoutLine: {'line': b'-- Performing Test CMAKE_HAVE_LIBC_PTHREAD - Failed\n'}
[1.017664] (fbg_msgs) StdoutLine: {'line': b'-- Looking for pthread_create in pthreads\n'}
[1.058199] (fbg_msgs) StdoutLine: {'line': b'-- Looking for pthread_create in pthreads - not found\n'}
[1.058394] (fbg_msgs) StdoutLine: {'line': b'-- Looking for pthread_create in pthread\n'}
[1.100954] (-) TimerEvent: {}
[1.110684] (fbg_msgs) StdoutLine: {'line': b'-- Looking for pthread_create in pthread - found\n'}
[1.111650] (fbg_msgs) StdoutLine: {'line': b'-- Found Threads: TRUE  \n'}
[1.201130] (-) TimerEvent: {}
[1.229890] (fbg_msgs) StdoutLine: {'line': b'-- Found rosidl_default_generators: 1.1.1 (/opt/ros/galactic/share/rosidl_default_generators/cmake)\n'}
[1.255186] (fbg_msgs) StdoutLine: {'line': b'-- Found PythonInterp: /usr/bin/python3 (found version "3.8.10") \n'}
[1.301322] (-) TimerEvent: {}
[1.357976] (fbg_msgs) StdoutLine: {'line': b'-- Found ament_cmake_ros: 0.9.2 (/opt/ros/galactic/share/ament_cmake_ros/cmake)\n'}
[1.401435] (-) TimerEvent: {}
[1.446266] (fbg_msgs) StdoutLine: {'line': b'-- Using all available rosidl_typesupport_c: rosidl_typesupport_fastrtps_c;rosidl_typesupport_introspection_c\n'}
[1.453311] (fbg_msgs) StdoutLine: {'line': b'-- Using all available rosidl_typesupport_cpp: rosidl_typesupport_fastrtps_cpp;rosidl_typesupport_introspection_cpp\n'}
[1.473600] (fbg_msgs) StdoutLine: {'line': b'-- Found PythonInterp: /usr/bin/python3 (found suitable version "3.8.10", minimum required is "3.5") \n'}
[1.474618] (fbg_msgs) StdoutLine: {'line': b'-- Found python_cmake_module: 0.8.1 (/opt/ros/galactic/share/python_cmake_module/cmake)\n'}
[1.498588] (fbg_msgs) StdoutLine: {'line': b'-- Found PythonLibs: /usr/lib/x86_64-linux-gnu/libpython3.8.so (found suitable version "3.8.10", minimum required is "3.5") \n'}
[1.498768] (fbg_msgs) StdoutLine: {'line': b'-- Using PYTHON_EXECUTABLE: /usr/bin/python3\n'}
[1.498816] (fbg_msgs) StdoutLine: {'line': b'-- Using PYTHON_INCLUDE_DIRS: /usr/include/python3.8\n'}
[1.498858] (fbg_msgs) StdoutLine: {'line': b'-- Using PYTHON_LIBRARIES: /usr/lib/x86_64-linux-gnu/libpython3.8.so\n'}
[1.501513] (-) TimerEvent: {}
[1.515110] (fbg_msgs) StdoutLine: {'line': b'-- Found PythonExtra: .so  \n'}
[1.546087] (fbg_msgs) StdoutLine: {'line': b'-- Found ament_lint_auto: 0.10.7 (/opt/ros/galactic/share/ament_lint_auto/cmake)\n'}
[1.567147] (fbg_msgs) StdoutLine: {'line': b"-- Added test 'copyright' to check source files copyright and LICENSE\n"}
[1.568944] (fbg_msgs) StdoutLine: {'line': b"-- Added test 'lint_cmake' to check CMake code style\n"}
[1.569761] (fbg_msgs) StdoutLine: {'line': b"-- Added test 'xmllint' to check XML markup files\n"}
[1.573550] (fbg_msgs) StdoutLine: {'line': b'-- Configuring done\n'}
[1.596491] (fbg_msgs) StdoutLine: {'line': b'-- Generating done\n'}
[1.598411] (fbg_msgs) StdoutLine: {'line': b'-- Build files have been written to: /home/yangshengxu/Desktop/InSituNeedle_Manipulation_FBG_FEM_ROS2/build/fbg_msgs\n'}
[1.601616] (-) TimerEvent: {}
[1.605934] (fbg_msgs) CommandEnded: {'returncode': 0}
[1.608002] (fbg_msgs) JobProgress: {'identifier': 'fbg_msgs', 'progress': 'build'}
[1.608088] (fbg_msgs) Command: {'cmd': ['/usr/bin/cmake', '--build', '/home/yangshengxu/Desktop/InSituNeedle_Manipulation_FBG_FEM_ROS2/build/fbg_msgs', '--', '-j8', '-l8'], 'cwd': '/home/yangshengxu/Desktop/InSituNeedle_Manipulation_FBG_FEM_ROS2/build/fbg_msgs', 'env': OrderedDict([('LESSOPEN', '| /usr/bin/lesspipe %s'), ('USER', 'yangshengxu'), ('SSH_AGENT_PID', '1567'), ('XDG_SESSION_TYPE', 'x11'), ('SHLVL', '1'), ('LD_LIBRARY_PATH', '/home/yangshengxu/Desktop/InSituNeedle_Manipulation_FBG_FEM_ROS2/install/fbg_msgs/lib:/opt/ros/galactic/opt/yaml_cpp_vendor/lib:/opt/ros/galactic/opt/rviz_ogre_vendor/lib:/opt/ros/galactic/lib/x86_64-linux-gnu:/opt/ros/galactic/lib'), ('HOME', '/home/yangshengxu'), ('OLDPWD', '/home/yangshengxu'), ('DESKTOP_SESSION', 'ubuntu'), ('ROS_PYTHON_VERSION', '3'), ('GNOME_SHELL_SESSION_MODE', 'ubuntu'), ('GTK_MODULES', 'gail:atk-bridge'), ('MANAGERPID', '1386'), ('DBUS_SESSION_BUS_ADDRESS', 'unix:path=/run/user/1000/bus'), ('COLORTERM', 'truecolor'), ('IM_CONFIG_PHASE', '1'), ('COLCON_PREFIX_PATH', '/home/yangshengxu/Desktop/InSituNeedle_Manipulation_FBG_FEM_ROS2/install'), ('ROS_DISTRO', 'galactic'), ('LOGNAME', 'yangshengxu'), ('JOURNAL_STREAM', '8:46378'), ('_', '/usr/bin/colcon'), ('ROS_VERSION', '2'), ('XDG_SESSION_CLASS', 'user'), ('USERNAME', 'yangshengxu'), ('TERM', 'xterm-256color'), ('GNOME_DESKTOP_SESSION_ID', 'this-is-deprecated'), ('ROS_LOCALHOST_ONLY', '0'), ('WINDOWPATH', '2'), ('PATH', '/opt/ros/galactic/bin:/home/yangshengxu/.local/bin:/usr/local/sbin:/usr/local/bin:/usr/sbin:/usr/bin:/sbin:/bin:/usr/games:/usr/local/games:/snap/bin'), ('SESSION_MANAGER', 'local/yangshengxu-ThinkBook-13s-G2-ITL:@/tmp/.ICE-unix/1626,unix/yangshengxu-ThinkBook-13s-G2-ITL:/tmp/.ICE-unix/1626'), ('INVOCATION_ID', 'dd78b546e48449bc828040ccff6bec18'), ('XDG_MENU_PREFIX', 'gnome-'), ('GNOME_TERMINAL_SCREEN', '/org/gnome/Terminal/screen/7c423200_6898_4540_a048_d8550ed03d29'), ('XDG_RUNTIME_DIR', '/run/user/1000'), ('DISPLAY', ':0'), ('LANG', 'en_US.UTF-8'), ('XDG_CURRENT_DESKTOP', 'ubuntu:GNOME'), ('XMODIFIERS', '@im=ibus'), ('XDG_SESSION_DESKTOP', 'ubuntu'), ('XAUTHORITY', '/run/user/1000/gdm/Xauthority'), ('LS_COLORS', 'rs=0:di=01;34:ln=01;36:mh=00:pi=40;33:so=01;35:do=01;35:bd=40;33;01:cd=40;33;01:or=40;31;01:mi=00:su=37;41:sg=30;43:ca=30;41:tw=30;42:ow=34;42:st=37;44:ex=01;32:*.tar=01;31:*.tgz=01;31:*.arc=01;31:*.arj=01;31:*.taz=01;31:*.lha=01;31:*.lz4=01;31:*.lzh=01;31:*.lzma=01;31:*.tlz=01;31:*.txz=01;31:*.tzo=01;31:*.t7z=01;31:*.zip=01;31:*.z=01;31:*.dz=01;31:*.gz=01;31:*.lrz=01;31:*.lz=01;31:*.lzo=01;31:*.xz=01;31:*.zst=01;31:*.tzst=01;31:*.bz2=01;31:*.bz=01;31:*.tbz=01;31:*.tbz2=01;31:*.tz=01;31:*.deb=01;31:*.rpm=01;31:*.jar=01;31:*.war=01;31:*.ear=01;31:*.sar=01;31:*.rar=01;31:*.alz=01;31:*.ace=01;31:*.zoo=01;31:*.cpio=01;31:*.7z=01;31:*.rz=01;31:*.cab=01;31:*.wim=01;31:*.swm=01;31:*.dwm=01;31:*.esd=01;31:*.jpg=01;35:*.jpeg=01;35:*.mjpg=01;35:*.mjpeg=01;35:*.gif=01;35:*.bmp=01;35:*.pbm=01;35:*.pgm=01;35:*.ppm=01;35:*.tga=01;35:*.xbm=01;35:*.xpm=01;35:*.tif=01;35:*.tiff=01;35:*.png=01;35:*.svg=01;35:*.svgz=01;35:*.mng=01;35:*.pcx=01;35:*.mov=01;35:*.mpg=01;35:*.mpeg=01;35:*.m2v=01;35:*.mkv=01;35:*.webm=01;35:*.ogm=01;35:*.mp4=01;35:*.m4v=01;35:*.mp4v=01;35:*.vob=01;35:*.qt=01;35:*.nuv=01;35:*.wmv=01;35:*.asf=01;35:*.rm=01;35:*.rmvb=01;35:*.flc=01;35:*.avi=01;35:*.fli=01;35:*.flv=01;35:*.gl=01;35:*.dl=01;35:*.xcf=01;35:*.xwd=01;35:*.yuv=01;35:*.cgm=01;35:*.emf=01;35:*.ogv=01;35:*.ogx=01;35:*.aac=00;36:*.au=00;36:*.flac=00;36:*.m4a=00;36:*.mid=00;36:*.midi=00;36:*.mka=00;36:*.mp3=00;36:*.mpc=00;36:*.ogg=00;36:*.ra=00;36:*.wav=00;36:*.oga=00;36:*.opus=00;36:*.spx=00;36:*.xspf=00;36:'), ('GNOME_TERMINAL_SERVICE', ':1.488'), ('SSH_AUTH_SOCK', '/run/user/1000/keyring/ssh'), ('AMENT_PREFIX_PATH', '/home/yangshengxu/Desktop/InSituNeedle_Manipulation_FBG_FEM_ROS2/install/curvature_srvcli:/home/yangshengxu/Desktop/InSituNeedle_Manipulation_FBG_FEM_ROS2/install/sm130_interrogator:/home/yangshengxu/Desktop/InSituNeedle_Manipulation_FBG_FEM_ROS2/install/needle_shape:/home/yangshengxu/Desktop/InSituNeedle_Manipulation_FBG_FEM_ROS2/install/fbg_msgs:/opt/ros/galactic'), ('SHELL', '/bin/bash'), ('QT_ACCESSIBILITY', '1'), ('GDMSESSION', 'ubuntu'), ('LESSCLOSE', '/usr/bin/lesspipe %s %s'), ('GPG_AGENT_INFO', '/run/user/1000/gnupg/S.gpg-agent:0:1'), ('QT_IM_MODULE', 'ibus'), ('PWD', '/home/yangshengxu/Desktop/InSituNeedle_Manipulation_FBG_FEM_ROS2/build/fbg_msgs'), ('XDG_CONFIG_DIRS', '/etc/xdg/xdg-ubuntu:/etc/xdg'), ('XDG_DATA_DIRS', '/usr/share/ubuntu:/usr/local/share/:/usr/share/:/var/lib/snapd/desktop'), ('PYTHONPATH', '/home/yangshengxu/Desktop/InSituNeedle_Manipulation_FBG_FEM_ROS2/install/curvature_srvcli/lib/python3.8/site-packages:/home/yangshengxu/Desktop/InSituNeedle_Manipulation_FBG_FEM_ROS2/install/sm130_interrogator/lib/python3.8/site-packages:/home/yangshengxu/Desktop/InSituNeedle_Manipulation_FBG_FEM_ROS2/install/needle_shape/lib/python3.8/site-packages:/home/yangshengxu/Desktop/InSituNeedle_Manipulation_FBG_FEM_ROS2/install/fbg_msgs/lib/python3.8/site-packages:/opt/ros/galactic/lib/python3.8/site-packages'), ('COLCON', '1'), ('VTE_VERSION', '6003'), ('CMAKE_PREFIX_PATH', '/home/yangshengxu/Desktop/InSituNeedle_Manipulation_FBG_FEM_ROS2/install/fbg_msgs:/home/yangshengxu/Desktop/InSituNeedle_Manipulation_FBG_FEM_ROS2/install/curvature_srvcli:/home/yangshengxu/Desktop/InSituNeedle_Manipulation_FBG_FEM_ROS2/install/sm130_interrogator:/home/yangshengxu/Desktop/InSituNeedle_Manipulation_FBG_FEM_ROS2/install/needle_shape:/opt/ros/galactic')]), 'shell': False}
[1.638112] (fbg_msgs) StdoutLine: {'line': b'[  1%] \x1b[34m\x1b[1mGenerating C code for ROS interfaces\x1b[0m\n'}
[1.638303] (fbg_msgs) StdoutLine: {'line': b'\x1b[35m\x1b[1mScanning dependencies of target fbg_msgs__cpp\x1b[0m\n'}
[1.645428] (fbg_msgs) StdoutLine: {'line': b'[  3%] \x1b[34m\x1b[1mGenerating C++ code for ROS interfaces\x1b[0m\n'}
[1.701788] (-) TimerEvent: {}
[1.802115] (-) TimerEvent: {}
[1.902354] (-) TimerEvent: {}
[1.924123] (fbg_msgs) StdoutLine: {'line': b'[  3%] Built target fbg_msgs__cpp\n'}
[1.933011] (fbg_msgs) StdoutLine: {'line': b'[  5%] \x1b[34m\x1b[1mGenerating C++ type support dispatch for ROS interfaces\x1b[0m\n'}
[1.933246] (fbg_msgs) StdoutLine: {'line': b'[  7%] \x1b[34m\x1b[1mGenerating C++ type support for eProsima Fast-RTPS\x1b[0m\n'}
[1.934052] (fbg_msgs) StdoutLine: {'line': b'[  9%] \x1b[34m\x1b[1mGenerating C++ introspection for ROS interfaces\x1b[0m\n'}
[1.961275] (fbg_msgs) StdoutLine: {'line': b'\x1b[35m\x1b[1mScanning dependencies of target fbg_msgs__rosidl_generator_c\x1b[0m\n'}
[1.972410] (fbg_msgs) StdoutLine: {'line': b'[ 16%] \x1b[32mBuilding C object CMakeFiles/fbg_msgs__rosidl_generator_c.dir/rosidl_generator_c/fbg_msgs/msg/detail/fbg_reading__functions.c.o\x1b[0m\n'}
[1.972616] (fbg_msgs) StdoutLine: {'line': b'[ 16%] \x1b[32mBuilding C object CMakeFiles/fbg_msgs__rosidl_generator_c.dir/rosidl_generator_c/fbg_msgs/srv/detail/cal_curvature__functions.c.o\x1b[0m\n'}
[1.972715] (fbg_msgs) StdoutLine: {'line': b'[ 16%] \x1b[32mBuilding C object CMakeFiles/fbg_msgs__rosidl_generator_c.dir/rosidl_generator_c/fbg_msgs/msg/detail/needle_shape__functions.c.o\x1b[0m\n'}
[1.972790] (fbg_msgs) StdoutLine: {'line': b'[ 16%] \x1b[32mBuilding C object CMakeFiles/fbg_msgs__rosidl_generator_c.dir/rosidl_generator_c/fbg_msgs/msg/detail/curvature__functions.c.o\x1b[0m\n'}
[2.002450] (-) TimerEvent: {}
[2.027889] (fbg_msgs) StdoutLine: {'line': b'[ 18%] \x1b[32m\x1b[1mLinking C shared library libfbg_msgs__rosidl_generator_c.so\x1b[0m\n'}
[2.051569] (fbg_msgs) StdoutLine: {'line': b'[ 18%] Built target fbg_msgs__rosidl_generator_c\n'}
[2.058662] (fbg_msgs) StdoutLine: {'line': b'[ 20%] \x1b[34m\x1b[1mGenerating C introspection for ROS interfaces\x1b[0m\n'}
[2.060814] (fbg_msgs) StdoutLine: {'line': b'[ 21%] \x1b[34m\x1b[1mGenerating C type support dispatch for ROS interfaces\x1b[0m\n'}
[2.102543] (-) TimerEvent: {}
[2.174892] (fbg_msgs) StdoutLine: {'line': b'\x1b[35m\x1b[1mScanning dependencies of target fbg_msgs__rosidl_typesupport_cpp\x1b[0m\n'}
[2.187850] (fbg_msgs) StdoutLine: {'line': b'[ 25%] \x1b[32mBuilding CXX object CMakeFiles/fbg_msgs__rosidl_typesupport_cpp.dir/rosidl_typesupport_cpp/fbg_msgs/msg/fbg_reading__type_support.cpp.o\x1b[0m\n'}
[2.188464] (fbg_msgs) StdoutLine: {'line': b'[ 25%] \x1b[32mBuilding CXX object CMakeFiles/fbg_msgs__rosidl_typesupport_cpp.dir/rosidl_typesupport_cpp/fbg_msgs/msg/curvature__type_support.cpp.o\x1b[0m\n'}
[2.189176] (fbg_msgs) StdoutLine: {'line': b'[ 27%] \x1b[32mBuilding CXX object CMakeFiles/fbg_msgs__rosidl_typesupport_cpp.dir/rosidl_typesupport_cpp/fbg_msgs/msg/needle_shape__type_support.cpp.o\x1b[0m\n'}
[2.189310] (fbg_msgs) StdoutLine: {'line': b'[ 29%] \x1b[32mBuilding CXX object CMakeFiles/fbg_msgs__rosidl_typesupport_cpp.dir/rosidl_typesupport_cpp/fbg_msgs/srv/cal_curvature__type_support.cpp.o\x1b[0m\n'}
[2.202645] (-) TimerEvent: {}
[2.247114] (fbg_msgs) StdoutLine: {'line': b'\x1b[35m\x1b[1mScanning dependencies of target fbg_msgs__rosidl_typesupport_introspection_cpp\x1b[0m\n'}
[2.268287] (fbg_msgs) StdoutLine: {'line': b'[ 30%] \x1b[32mBuilding CXX object CMakeFiles/fbg_msgs__rosidl_typesupport_introspection_cpp.dir/rosidl_typesupport_introspection_cpp/fbg_msgs/msg/detail/fbg_reading__type_support.cpp.o\x1b[0m\n'}
[2.268609] (fbg_msgs) StdoutLine: {'line': b'\x1b[35m\x1b[1mScanning dependencies of target fbg_msgs__rosidl_typesupport_fastrtps_cpp\x1b[0m\n'}
[2.298959] (fbg_msgs) StdoutLine: {'line': b'[ 32%] \x1b[32mBuilding CXX object CMakeFiles/fbg_msgs__rosidl_typesupport_fastrtps_cpp.dir/rosidl_typesupport_fastrtps_cpp/fbg_msgs/msg/detail/dds_fastrtps/fbg_reading__type_support.cpp.o\x1b[0m\n'}
[2.302742] (-) TimerEvent: {}
[2.403127] (-) TimerEvent: {}
[2.426319] (fbg_msgs) StdoutLine: {'line': b'\x1b[35m\x1b[1mScanning dependencies of target fbg_msgs__rosidl_typesupport_c\x1b[0m\n'}
[2.439603] (fbg_msgs) StdoutLine: {'line': b'[ 34%] \x1b[32mBuilding CXX object CMakeFiles/fbg_msgs__rosidl_typesupport_c.dir/rosidl_typesupport_c/fbg_msgs/msg/fbg_reading__type_support.cpp.o\x1b[0m\n'}
[2.479794] (fbg_msgs) StdoutLine: {'line': b'[ 36%] \x1b[32mBuilding CXX object CMakeFiles/fbg_msgs__rosidl_typesupport_c.dir/rosidl_typesupport_c/fbg_msgs/msg/curvature__type_support.cpp.o\x1b[0m\n'}
[2.503241] (-) TimerEvent: {}
[2.512793] (fbg_msgs) StdoutLine: {'line': b'[ 40%] \x1b[32mBuilding CXX object CMakeFiles/fbg_msgs__rosidl_typesupport_c.dir/rosidl_typesupport_c/fbg_msgs/msg/needle_shape__type_support.cpp.o\x1b[0m\n'}
[2.513017] (fbg_msgs) StdoutLine: {'line': b'[ 40%] \x1b[32mBuilding CXX object CMakeFiles/fbg_msgs__rosidl_typesupport_fastrtps_cpp.dir/rosidl_typesupport_fastrtps_cpp/fbg_msgs/msg/detail/dds_fastrtps/curvature__type_support.cpp.o\x1b[0m\n'}
[2.517451] (fbg_msgs) StdoutLine: {'line': b'[ 41%] \x1b[32m\x1b[1mLinking CXX shared library libfbg_msgs__rosidl_typesupport_cpp.so\x1b[0m\n'}
[2.521450] (fbg_msgs) StdoutLine: {'line': b'[ 43%] \x1b[32mBuilding CXX object CMakeFiles/fbg_msgs__rosidl_typesupport_introspection_cpp.dir/rosidl_typesupport_introspection_cpp/fbg_msgs/msg/detail/curvature__type_support.cpp.o\x1b[0m\n'}
[2.524531] (fbg_msgs) StdoutLine: {'line': b'[ 45%] \x1b[32mBuilding CXX object CMakeFiles/fbg_msgs__rosidl_typesupport_fastrtps_cpp.dir/rosidl_typesupport_fastrtps_cpp/fbg_msgs/msg/detail/dds_fastrtps/needle_shape__type_support.cpp.o\x1b[0m\n'}
[2.525707] (fbg_msgs) StdoutLine: {'line': b'\x1b[35m\x1b[1mScanning dependencies of target fbg_msgs__rosidl_typesupport_introspection_c\x1b[0m\n'}
[2.539973] (fbg_msgs) StdoutLine: {'line': b'[ 47%] \x1b[32mBuilding C object CMakeFiles/fbg_msgs__rosidl_typesupport_introspection_c.dir/rosidl_typesupport_introspection_c/fbg_msgs/msg/detail/fbg_reading__type_support.c.o\x1b[0m\n'}
[2.543915] (fbg_msgs) StdoutLine: {'line': b'[ 49%] \x1b[32mBuilding CXX object CMakeFiles/fbg_msgs__rosidl_typesupport_c.dir/rosidl_typesupport_c/fbg_msgs/srv/cal_curvature__type_support.cpp.o\x1b[0m\n'}
[2.562444] (fbg_msgs) StdoutLine: {'line': b'[ 49%] Built target fbg_msgs__rosidl_typesupport_cpp\n'}
[2.571591] (fbg_msgs) StdoutLine: {'line': b'[ 50%] \x1b[32mBuilding C object CMakeFiles/fbg_msgs__rosidl_typesupport_introspection_c.dir/rosidl_typesupport_introspection_c/fbg_msgs/msg/detail/curvature__type_support.c.o\x1b[0m\n'}
[2.576691] (fbg_msgs) StdoutLine: {'line': b'[ 52%] \x1b[32m\x1b[1mLinking CXX shared library libfbg_msgs__rosidl_typesupport_c.so\x1b[0m\n'}
[2.590045] (fbg_msgs) StdoutLine: {'line': b'[ 54%] \x1b[32mBuilding CXX object CMakeFiles/fbg_msgs__rosidl_typesupport_fastrtps_cpp.dir/rosidl_typesupport_fastrtps_cpp/fbg_msgs/srv/detail/dds_fastrtps/cal_curvature__type_support.cpp.o\x1b[0m\n'}
[2.603361] (-) TimerEvent: {}
[2.606817] (fbg_msgs) StdoutLine: {'line': b'[ 56%] \x1b[32mBuilding C object CMakeFiles/fbg_msgs__rosidl_typesupport_introspection_c.dir/rosidl_typesupport_introspection_c/fbg_msgs/msg/detail/needle_shape__type_support.c.o\x1b[0m\n'}
[2.620058] (fbg_msgs) StdoutLine: {'line': b'[ 56%] Built target fbg_msgs__rosidl_typesupport_c\n'}
[2.629377] (fbg_msgs) StdoutLine: {'line': b'[ 58%] \x1b[32mBuilding C object CMakeFiles/fbg_msgs__rosidl_typesupport_introspection_c.dir/rosidl_typesupport_introspection_c/fbg_msgs/srv/detail/cal_curvature__type_support.c.o\x1b[0m\n'}
[2.643477] (fbg_msgs) StdoutLine: {'line': b'[ 60%] \x1b[32mBuilding CXX object CMakeFiles/fbg_msgs__rosidl_typesupport_introspection_cpp.dir/rosidl_typesupport_introspection_cpp/fbg_msgs/msg/detail/needle_shape__type_support.cpp.o\x1b[0m\n'}
[2.644936] (fbg_msgs) StdoutLine: {'line': b'[ 61%] \x1b[32mBuilding CXX object CMakeFiles/fbg_msgs__rosidl_typesupport_introspection_cpp.dir/rosidl_typesupport_introspection_cpp/fbg_msgs/srv/detail/cal_curvature__type_support.cpp.o\x1b[0m\n'}
[2.673622] (fbg_msgs) StdoutLine: {'line': b'[ 63%] \x1b[32m\x1b[1mLinking C shared library libfbg_msgs__rosidl_typesupport_introspection_c.so\x1b[0m\n'}
[2.703475] (-) TimerEvent: {}
[2.709445] (fbg_msgs) StdoutLine: {'line': b'[ 63%] Built target fbg_msgs__rosidl_typesupport_introspection_c\n'}
[2.803589] (-) TimerEvent: {}
[2.903906] (-) TimerEvent: {}
[2.970380] (fbg_msgs) StdoutLine: {'line': b'[ 65%] \x1b[32m\x1b[1mLinking CXX shared library libfbg_msgs__rosidl_typesupport_introspection_cpp.so\x1b[0m\n'}
[2.989880] (fbg_msgs) StdoutLine: {'line': b'[ 67%] \x1b[32m\x1b[1mLinking CXX shared library libfbg_msgs__rosidl_typesupport_fastrtps_cpp.so\x1b[0m\n'}
[3.004016] (-) TimerEvent: {}
[3.020062] (fbg_msgs) StdoutLine: {'line': b'[ 67%] Built target fbg_msgs__rosidl_typesupport_introspection_cpp\n'}
[3.055007] (fbg_msgs) StdoutLine: {'line': b'[ 67%] Built target fbg_msgs__rosidl_typesupport_fastrtps_cpp\n'}
[3.061795] (fbg_msgs) StdoutLine: {'line': b'[ 69%] \x1b[34m\x1b[1mGenerating C type support for eProsima Fast-RTPS\x1b[0m\n'}
[3.104174] (-) TimerEvent: {}
[3.204415] (-) TimerEvent: {}
[3.304686] (-) TimerEvent: {}
[3.320871] (fbg_msgs) StdoutLine: {'line': b'\x1b[35m\x1b[1mScanning dependencies of target fbg_msgs__rosidl_typesupport_fastrtps_c\x1b[0m\n'}
[3.333303] (fbg_msgs) StdoutLine: {'line': b'[ 70%] \x1b[32mBuilding CXX object CMakeFiles/fbg_msgs__rosidl_typesupport_fastrtps_c.dir/rosidl_typesupport_fastrtps_c/fbg_msgs/msg/detail/curvature__type_support_c.cpp.o\x1b[0m\n'}
[3.333517] (fbg_msgs) StdoutLine: {'line': b'[ 72%] \x1b[32mBuilding CXX object CMakeFiles/fbg_msgs__rosidl_typesupport_fastrtps_c.dir/rosidl_typesupport_fastrtps_c/fbg_msgs/msg/detail/needle_shape__type_support_c.cpp.o\x1b[0m\n'}
[3.334581] (fbg_msgs) StdoutLine: {'line': b'[ 74%] \x1b[32mBuilding CXX object CMakeFiles/fbg_msgs__rosidl_typesupport_fastrtps_c.dir/rosidl_typesupport_fastrtps_c/fbg_msgs/msg/detail/fbg_reading__type_support_c.cpp.o\x1b[0m\n'}
[3.335606] (fbg_msgs) StdoutLine: {'line': b'[ 76%] \x1b[32mBuilding CXX object CMakeFiles/fbg_msgs__rosidl_typesupport_fastrtps_c.dir/rosidl_typesupport_fastrtps_c/fbg_msgs/srv/detail/cal_curvature__type_support_c.cpp.o\x1b[0m\n'}
[3.404799] (-) TimerEvent: {}
[3.505121] (-) TimerEvent: {}
[3.589583] (fbg_msgs) StdoutLine: {'line': b'[ 78%] \x1b[32m\x1b[1mLinking CXX shared library libfbg_msgs__rosidl_typesupport_fastrtps_c.so\x1b[0m\n'}
[3.605284] (-) TimerEvent: {}
[3.651879] (fbg_msgs) StdoutLine: {'line': b'[ 78%] Built target fbg_msgs__rosidl_typesupport_fastrtps_c\n'}
[3.659383] (fbg_msgs) StdoutLine: {'line': b'\x1b[35m\x1b[1mScanning dependencies of target fbg_msgs\x1b[0m\n'}
[3.666852] (fbg_msgs) StdoutLine: {'line': b'[ 78%] Built target fbg_msgs\n'}
[3.673896] (fbg_msgs) StdoutLine: {'line': b'\x1b[35m\x1b[1mScanning dependencies of target fbg_msgs__py\x1b[0m\n'}
[3.681335] (fbg_msgs) StdoutLine: {'line': b'[ 80%] \x1b[34m\x1b[1mGenerating Python code for ROS interfaces\x1b[0m\n'}
[3.705447] (-) TimerEvent: {}
[3.805717] (-) TimerEvent: {}
[3.905997] (-) TimerEvent: {}
[4.006404] (-) TimerEvent: {}
[4.106773] (-) TimerEvent: {}
[4.207069] (-) TimerEvent: {}
[4.215908] (fbg_msgs) StdoutLine: {'line': b'[ 80%] Built target fbg_msgs__py\n'}
[4.223033] (fbg_msgs) StdoutLine: {'line': b'\x1b[35m\x1b[1mScanning dependencies of target fbg_msgs__python\x1b[0m\n'}
[4.251946] (fbg_msgs) StdoutLine: {'line': b'[ 81%] \x1b[32mBuilding C object CMakeFiles/fbg_msgs__python.dir/rosidl_generator_py/fbg_msgs/msg/_needle_shape_s.c.o\x1b[0m\n'}
[4.252221] (fbg_msgs) StdoutLine: {'line': b'[ 83%] \x1b[32mBuilding C object CMakeFiles/fbg_msgs__python.dir/rosidl_generator_py/fbg_msgs/msg/_fbg_reading_s.c.o\x1b[0m\n'}
[4.252665] (fbg_msgs) StdoutLine: {'line': b'[ 85%] \x1b[32mBuilding C object CMakeFiles/fbg_msgs__python.dir/rosidl_generator_py/fbg_msgs/msg/_curvature_s.c.o\x1b[0m\n'}
[4.253476] (fbg_msgs) StdoutLine: {'line': b'[ 87%] \x1b[32mBuilding C object CMakeFiles/fbg_msgs__python.dir/rosidl_generator_py/fbg_msgs/srv/_cal_curvature_s.c.o\x1b[0m\n'}
[4.307179] (-) TimerEvent: {}
[4.364121] (fbg_msgs) StdoutLine: {'line': b'[ 89%] \x1b[32m\x1b[1mLinking C shared library rosidl_generator_py/fbg_msgs/libfbg_msgs__python.so\x1b[0m\n'}
[4.392004] (fbg_msgs) StdoutLine: {'line': b'[ 89%] Built target fbg_msgs__python\n'}
[4.398794] (fbg_msgs) StdoutLine: {'line': b'\x1b[35m\x1b[1mScanning dependencies of target fbg_msgs__rosidl_typesupport_introspection_c__pyext\x1b[0m\n'}
[4.398992] (fbg_msgs) StdoutLine: {'line': b'\x1b[35m\x1b[1mScanning dependencies of target fbg_msgs__rosidl_typesupport_c__pyext\x1b[0m\n'}
[4.399072] (fbg_msgs) StdoutLine: {'line': b'\x1b[35m\x1b[1mScanning dependencies of target fbg_msgs__rosidl_typesupport_fastrtps_c__pyext\x1b[0m\n'}
[4.407277] (-) TimerEvent: {}
[4.412018] (fbg_msgs) StdoutLine: {'line': b'[ 90%] \x1b[32mBuilding C object CMakeFiles/fbg_msgs__rosidl_typesupport_fastrtps_c__pyext.dir/rosidl_generator_py/fbg_msgs/_fbg_msgs_s.ep.rosidl_typesupport_fastrtps_c.c.o\x1b[0m\n'}
[4.412364] (fbg_msgs) StdoutLine: {'line': b'[ 94%] \x1b[32mBuilding C object CMakeFiles/fbg_msgs__rosidl_typesupport_introspection_c__pyext.dir/rosidl_generator_py/fbg_msgs/_fbg_msgs_s.ep.rosidl_typesupport_introspection_c.c.o\x1b[0m\n'}
[4.412463] (fbg_msgs) StdoutLine: {'line': b'[ 94%] \x1b[32mBuilding C object CMakeFiles/fbg_msgs__rosidl_typesupport_c__pyext.dir/rosidl_generator_py/fbg_msgs/_fbg_msgs_s.ep.rosidl_typesupport_c.c.o\x1b[0m\n'}
[4.474409] (fbg_msgs) StdoutLine: {'line': b'[ 98%] \x1b[32m\x1b[1mLinking CXX shared library rosidl_generator_py/fbg_msgs/fbg_msgs_s__rosidl_typesupport_fastrtps_c.cpython-38-x86_64-linux-gnu.so\x1b[0m\n'}
[4.474652] (fbg_msgs) StdoutLine: {'line': b'[ 98%] \x1b[32m\x1b[1mLinking C shared library rosidl_generator_py/fbg_msgs/fbg_msgs_s__rosidl_typesupport_c.cpython-38-x86_64-linux-gnu.so\x1b[0m\n'}
[4.474746] (fbg_msgs) StdoutLine: {'line': b'[100%] \x1b[32m\x1b[1mLinking C shared library rosidl_generator_py/fbg_msgs/fbg_msgs_s__rosidl_typesupport_introspection_c.cpython-38-x86_64-linux-gnu.so\x1b[0m\n'}
[4.497453] (fbg_msgs) StdoutLine: {'line': b'[100%] Built target fbg_msgs__rosidl_typesupport_introspection_c__pyext\n'}
[4.497600] (fbg_msgs) StdoutLine: {'line': b'[100%] Built target fbg_msgs__rosidl_typesupport_c__pyext\n'}
[4.507367] (-) TimerEvent: {}
[4.518333] (fbg_msgs) StdoutLine: {'line': b'[100%] Built target fbg_msgs__rosidl_typesupport_fastrtps_c__pyext\n'}
[4.526391] (fbg_msgs) CommandEnded: {'returncode': 0}
[4.584295] (fbg_msgs) JobProgress: {'identifier': 'fbg_msgs', 'progress': 'install'}
[4.592448] (fbg_msgs) Command: {'cmd': ['/usr/bin/cmake', '--install', '/home/yangshengxu/Desktop/InSituNeedle_Manipulation_FBG_FEM_ROS2/build/fbg_msgs'], 'cwd': '/home/yangshengxu/Desktop/InSituNeedle_Manipulation_FBG_FEM_ROS2/build/fbg_msgs', 'env': OrderedDict([('LESSOPEN', '| /usr/bin/lesspipe %s'), ('USER', 'yangshengxu'), ('SSH_AGENT_PID', '1567'), ('XDG_SESSION_TYPE', 'x11'), ('SHLVL', '1'), ('LD_LIBRARY_PATH', '/home/yangshengxu/Desktop/InSituNeedle_Manipulation_FBG_FEM_ROS2/install/fbg_msgs/lib:/opt/ros/galactic/opt/yaml_cpp_vendor/lib:/opt/ros/galactic/opt/rviz_ogre_vendor/lib:/opt/ros/galactic/lib/x86_64-linux-gnu:/opt/ros/galactic/lib'), ('HOME', '/home/yangshengxu'), ('OLDPWD', '/home/yangshengxu'), ('DESKTOP_SESSION', 'ubuntu'), ('ROS_PYTHON_VERSION', '3'), ('GNOME_SHELL_SESSION_MODE', 'ubuntu'), ('GTK_MODULES', 'gail:atk-bridge'), ('MANAGERPID', '1386'), ('DBUS_SESSION_BUS_ADDRESS', 'unix:path=/run/user/1000/bus'), ('COLORTERM', 'truecolor'), ('IM_CONFIG_PHASE', '1'), ('COLCON_PREFIX_PATH', '/home/yangshengxu/Desktop/InSituNeedle_Manipulation_FBG_FEM_ROS2/install'), ('ROS_DISTRO', 'galactic'), ('LOGNAME', 'yangshengxu'), ('JOURNAL_STREAM', '8:46378'), ('_', '/usr/bin/colcon'), ('ROS_VERSION', '2'), ('XDG_SESSION_CLASS', 'user'), ('USERNAME', 'yangshengxu'), ('TERM', 'xterm-256color'), ('GNOME_DESKTOP_SESSION_ID', 'this-is-deprecated'), ('ROS_LOCALHOST_ONLY', '0'), ('WINDOWPATH', '2'), ('PATH', '/opt/ros/galactic/bin:/home/yangshengxu/.local/bin:/usr/local/sbin:/usr/local/bin:/usr/sbin:/usr/bin:/sbin:/bin:/usr/games:/usr/local/games:/snap/bin'), ('SESSION_MANAGER', 'local/yangshengxu-ThinkBook-13s-G2-ITL:@/tmp/.ICE-unix/1626,unix/yangshengxu-ThinkBook-13s-G2-ITL:/tmp/.ICE-unix/1626'), ('INVOCATION_ID', 'dd78b546e48449bc828040ccff6bec18'), ('XDG_MENU_PREFIX', 'gnome-'), ('GNOME_TERMINAL_SCREEN', '/org/gnome/Terminal/screen/7c423200_6898_4540_a048_d8550ed03d29'), ('XDG_RUNTIME_DIR', '/run/user/1000'), ('DISPLAY', ':0'), ('LANG', 'en_US.UTF-8'), ('XDG_CURRENT_DESKTOP', 'ubuntu:GNOME'), ('XMODIFIERS', '@im=ibus'), ('XDG_SESSION_DESKTOP', 'ubuntu'), ('XAUTHORITY', '/run/user/1000/gdm/Xauthority'), ('LS_COLORS', 'rs=0:di=01;34:ln=01;36:mh=00:pi=40;33:so=01;35:do=01;35:bd=40;33;01:cd=40;33;01:or=40;31;01:mi=00:su=37;41:sg=30;43:ca=30;41:tw=30;42:ow=34;42:st=37;44:ex=01;32:*.tar=01;31:*.tgz=01;31:*.arc=01;31:*.arj=01;31:*.taz=01;31:*.lha=01;31:*.lz4=01;31:*.lzh=01;31:*.lzma=01;31:*.tlz=01;31:*.txz=01;31:*.tzo=01;31:*.t7z=01;31:*.zip=01;31:*.z=01;31:*.dz=01;31:*.gz=01;31:*.lrz=01;31:*.lz=01;31:*.lzo=01;31:*.xz=01;31:*.zst=01;31:*.tzst=01;31:*.bz2=01;31:*.bz=01;31:*.tbz=01;31:*.tbz2=01;31:*.tz=01;31:*.deb=01;31:*.rpm=01;31:*.jar=01;31:*.war=01;31:*.ear=01;31:*.sar=01;31:*.rar=01;31:*.alz=01;31:*.ace=01;31:*.zoo=01;31:*.cpio=01;31:*.7z=01;31:*.rz=01;31:*.cab=01;31:*.wim=01;31:*.swm=01;31:*.dwm=01;31:*.esd=01;31:*.jpg=01;35:*.jpeg=01;35:*.mjpg=01;35:*.mjpeg=01;35:*.gif=01;35:*.bmp=01;35:*.pbm=01;35:*.pgm=01;35:*.ppm=01;35:*.tga=01;35:*.xbm=01;35:*.xpm=01;35:*.tif=01;35:*.tiff=01;35:*.png=01;35:*.svg=01;35:*.svgz=01;35:*.mng=01;35:*.pcx=01;35:*.mov=01;35:*.mpg=01;35:*.mpeg=01;35:*.m2v=01;35:*.mkv=01;35:*.webm=01;35:*.ogm=01;35:*.mp4=01;35:*.m4v=01;35:*.mp4v=01;35:*.vob=01;35:*.qt=01;35:*.nuv=01;35:*.wmv=01;35:*.asf=01;35:*.rm=01;35:*.rmvb=01;35:*.flc=01;35:*.avi=01;35:*.fli=01;35:*.flv=01;35:*.gl=01;35:*.dl=01;35:*.xcf=01;35:*.xwd=01;35:*.yuv=01;35:*.cgm=01;35:*.emf=01;35:*.ogv=01;35:*.ogx=01;35:*.aac=00;36:*.au=00;36:*.flac=00;36:*.m4a=00;36:*.mid=00;36:*.midi=00;36:*.mka=00;36:*.mp3=00;36:*.mpc=00;36:*.ogg=00;36:*.ra=00;36:*.wav=00;36:*.oga=00;36:*.opus=00;36:*.spx=00;36:*.xspf=00;36:'), ('GNOME_TERMINAL_SERVICE', ':1.488'), ('SSH_AUTH_SOCK', '/run/user/1000/keyring/ssh'), ('AMENT_PREFIX_PATH', '/home/yangshengxu/Desktop/InSituNeedle_Manipulation_FBG_FEM_ROS2/install/curvature_srvcli:/home/yangshengxu/Desktop/InSituNeedle_Manipulation_FBG_FEM_ROS2/install/sm130_interrogator:/home/yangshengxu/Desktop/InSituNeedle_Manipulation_FBG_FEM_ROS2/install/needle_shape:/home/yangshengxu/Desktop/InSituNeedle_Manipulation_FBG_FEM_ROS2/install/fbg_msgs:/opt/ros/galactic'), ('SHELL', '/bin/bash'), ('QT_ACCESSIBILITY', '1'), ('GDMSESSION', 'ubuntu'), ('LESSCLOSE', '/usr/bin/lesspipe %s %s'), ('GPG_AGENT_INFO', '/run/user/1000/gnupg/S.gpg-agent:0:1'), ('QT_IM_MODULE', 'ibus'), ('PWD', '/home/yangshengxu/Desktop/InSituNeedle_Manipulation_FBG_FEM_ROS2/build/fbg_msgs'), ('XDG_CONFIG_DIRS', '/etc/xdg/xdg-ubuntu:/etc/xdg'), ('XDG_DATA_DIRS', '/usr/share/ubuntu:/usr/local/share/:/usr/share/:/var/lib/snapd/desktop'), ('PYTHONPATH', '/home/yangshengxu/Desktop/InSituNeedle_Manipulation_FBG_FEM_ROS2/install/curvature_srvcli/lib/python3.8/site-packages:/home/yangshengxu/Desktop/InSituNeedle_Manipulation_FBG_FEM_ROS2/install/sm130_interrogator/lib/python3.8/site-packages:/home/yangshengxu/Desktop/InSituNeedle_Manipulation_FBG_FEM_ROS2/install/needle_shape/lib/python3.8/site-packages:/home/yangshengxu/Desktop/InSituNeedle_Manipulation_FBG_FEM_ROS2/install/fbg_msgs/lib/python3.8/site-packages:/opt/ros/galactic/lib/python3.8/site-packages'), ('COLCON', '1'), ('VTE_VERSION', '6003'), ('CMAKE_PREFIX_PATH', '/home/yangshengxu/Desktop/InSituNeedle_Manipulation_FBG_FEM_ROS2/install/fbg_msgs:/home/yangshengxu/Desktop/InSituNeedle_Manipulation_FBG_FEM_ROS2/install/curvature_srvcli:/home/yangshengxu/Desktop/InSituNeedle_Manipulation_FBG_FEM_ROS2/install/sm130_interrogator:/home/yangshengxu/Desktop/InSituNeedle_Manipulation_FBG_FEM_ROS2/install/needle_shape:/opt/ros/galactic')]), 'shell': False}
[4.599548] (fbg_msgs) StdoutLine: {'line': b'-- Install configuration: ""\n'}
[4.599825] (fbg_msgs) StdoutLine: {'line': b'-- Installing: /home/yangshengxu/Desktop/InSituNeedle_Manipulation_FBG_FEM_ROS2/install/fbg_msgs/share/ament_index/resource_index/rosidl_interfaces/fbg_msgs\n'}
[4.599990] (fbg_msgs) StdoutLine: {'line': b'-- Installing: /home/yangshengxu/Desktop/InSituNeedle_Manipulation_FBG_FEM_ROS2/install/fbg_msgs/include/fbg_msgs\n'}
[4.600036] (fbg_msgs) StdoutLine: {'line': b'-- Installing: /home/yangshengxu/Desktop/InSituNeedle_Manipulation_FBG_FEM_ROS2/install/fbg_msgs/include/fbg_msgs/msg\n'}
[4.600118] (fbg_msgs) StdoutLine: {'line': b'-- Installing: /home/yangshengxu/Desktop/InSituNeedle_Manipulation_FBG_FEM_ROS2/install/fbg_msgs/include/fbg_msgs/msg/needle_shape.h\n'}
[4.600161] (fbg_msgs) StdoutLine: {'line': b'-- Installing: /home/yangshengxu/Desktop/InSituNeedle_Manipulation_FBG_FEM_ROS2/install/fbg_msgs/include/fbg_msgs/msg/curvature.h\n'}
[4.600204] (fbg_msgs) StdoutLine: {'line': b'-- Installing: /home/yangshengxu/Desktop/InSituNeedle_Manipulation_FBG_FEM_ROS2/install/fbg_msgs/include/fbg_msgs/msg/rosidl_generator_c__visibility_control.h\n'}
[4.600247] (fbg_msgs) StdoutLine: {'line': b'-- Installing: /home/yangshengxu/Desktop/InSituNeedle_Manipulation_FBG_FEM_ROS2/install/fbg_msgs/include/fbg_msgs/msg/fbg_reading.h\n'}
[4.600289] (fbg_msgs) StdoutLine: {'line': b'-- Installing: /home/yangshengxu/Desktop/InSituNeedle_Manipulation_FBG_FEM_ROS2/install/fbg_msgs/include/fbg_msgs/msg/detail\n'}
[4.600332] (fbg_msgs) StdoutLine: {'line': b'-- Installing: /home/yangshengxu/Desktop/InSituNeedle_Manipulation_FBG_FEM_ROS2/install/fbg_msgs/include/fbg_msgs/msg/detail/needle_shape__functions.h\n'}
[4.600395] (fbg_msgs) StdoutLine: {'line': b'-- Installing: /home/yangshengxu/Desktop/InSituNeedle_Manipulation_FBG_FEM_ROS2/install/fbg_msgs/include/fbg_msgs/msg/detail/fbg_reading__functions.c\n'}
[4.600439] (fbg_msgs) StdoutLine: {'line': b'-- Installing: /home/yangshengxu/Desktop/InSituNeedle_Manipulation_FBG_FEM_ROS2/install/fbg_msgs/include/fbg_msgs/msg/detail/fbg_reading__struct.h\n'}
[4.600525] (fbg_msgs) StdoutLine: {'line': b'-- Installing: /home/yangshengxu/Desktop/InSituNeedle_Manipulation_FBG_FEM_ROS2/install/fbg_msgs/include/fbg_msgs/msg/detail/curvature__functions.h\n'}
[4.600568] (fbg_msgs) StdoutLine: {'line': b'-- Installing: /home/yangshengxu/Desktop/InSituNeedle_Manipulation_FBG_FEM_ROS2/install/fbg_msgs/include/fbg_msgs/msg/detail/needle_shape__functions.c\n'}
[4.600611] (fbg_msgs) StdoutLine: {'line': b'-- Installing: /home/yangshengxu/Desktop/InSituNeedle_Manipulation_FBG_FEM_ROS2/install/fbg_msgs/include/fbg_msgs/msg/detail/fbg_reading__type_support.h\n'}
[4.600653] (fbg_msgs) StdoutLine: {'line': b'-- Installing: /home/yangshengxu/Desktop/InSituNeedle_Manipulation_FBG_FEM_ROS2/install/fbg_msgs/include/fbg_msgs/msg/detail/needle_shape__struct.h\n'}
[4.600696] (fbg_msgs) StdoutLine: {'line': b'-- Installing: /home/yangshengxu/Desktop/InSituNeedle_Manipulation_FBG_FEM_ROS2/install/fbg_msgs/include/fbg_msgs/msg/detail/fbg_reading__functions.h\n'}
[4.600738] (fbg_msgs) StdoutLine: {'line': b'-- Installing: /home/yangshengxu/Desktop/InSituNeedle_Manipulation_FBG_FEM_ROS2/install/fbg_msgs/include/fbg_msgs/msg/detail/curvature__type_support.h\n'}
[4.600781] (fbg_msgs) StdoutLine: {'line': b'-- Installing: /home/yangshengxu/Desktop/InSituNeedle_Manipulation_FBG_FEM_ROS2/install/fbg_msgs/include/fbg_msgs/msg/detail/needle_shape__type_support.h\n'}
[4.600823] (fbg_msgs) StdoutLine: {'line': b'-- Installing: /home/yangshengxu/Desktop/InSituNeedle_Manipulation_FBG_FEM_ROS2/install/fbg_msgs/include/fbg_msgs/msg/detail/curvature__struct.h\n'}
[4.600866] (fbg_msgs) StdoutLine: {'line': b'-- Installing: /home/yangshengxu/Desktop/InSituNeedle_Manipulation_FBG_FEM_ROS2/install/fbg_msgs/include/fbg_msgs/msg/detail/curvature__functions.c\n'}
[4.600922] (fbg_msgs) StdoutLine: {'line': b'-- Installing: /home/yangshengxu/Desktop/InSituNeedle_Manipulation_FBG_FEM_ROS2/install/fbg_msgs/include/fbg_msgs/srv\n'}
[4.600964] (fbg_msgs) StdoutLine: {'line': b'-- Installing: /home/yangshengxu/Desktop/InSituNeedle_Manipulation_FBG_FEM_ROS2/install/fbg_msgs/include/fbg_msgs/srv/cal_curvature.h\n'}
[4.601041] (fbg_msgs) StdoutLine: {'line': b'-- Installing: /home/yangshengxu/Desktop/InSituNeedle_Manipulation_FBG_FEM_ROS2/install/fbg_msgs/include/fbg_msgs/srv/detail\n'}
[4.601084] (fbg_msgs) StdoutLine: {'line': b'-- Installing: /home/yangshengxu/Desktop/InSituNeedle_Manipulation_FBG_FEM_ROS2/install/fbg_msgs/include/fbg_msgs/srv/detail/cal_curvature__functions.c\n'}
[4.601124] (fbg_msgs) StdoutLine: {'line': b'-- Installing: /home/yangshengxu/Desktop/InSituNeedle_Manipulation_FBG_FEM_ROS2/install/fbg_msgs/include/fbg_msgs/srv/detail/cal_curvature__type_support.h\n'}
[4.601167] (fbg_msgs) StdoutLine: {'line': b'-- Installing: /home/yangshengxu/Desktop/InSituNeedle_Manipulation_FBG_FEM_ROS2/install/fbg_msgs/include/fbg_msgs/srv/detail/cal_curvature__functions.h\n'}
[4.601207] (fbg_msgs) StdoutLine: {'line': b'-- Installing: /home/yangshengxu/Desktop/InSituNeedle_Manipulation_FBG_FEM_ROS2/install/fbg_msgs/include/fbg_msgs/srv/detail/cal_curvature__struct.h\n'}
[4.601261] (fbg_msgs) StdoutLine: {'line': b'-- Installing: /home/yangshengxu/Desktop/InSituNeedle_Manipulation_FBG_FEM_ROS2/install/fbg_msgs/share/fbg_msgs/environment/library_path.sh\n'}
[4.601304] (fbg_msgs) StdoutLine: {'line': b'-- Installing: /home/yangshengxu/Desktop/InSituNeedle_Manipulation_FBG_FEM_ROS2/install/fbg_msgs/share/fbg_msgs/environment/library_path.dsv\n'}
[4.601346] (fbg_msgs) StdoutLine: {'line': b'-- Installing: /home/yangshengxu/Desktop/InSituNeedle_Manipulation_FBG_FEM_ROS2/install/fbg_msgs/lib/libfbg_msgs__rosidl_generator_c.so\n'}
[4.601389] (fbg_msgs) StdoutLine: {'line': b'-- Set runtime path of "/home/yangshengxu/Desktop/InSituNeedle_Manipulation_FBG_FEM_ROS2/install/fbg_msgs/lib/libfbg_msgs__rosidl_generator_c.so" to ""\n'}
[4.601446] (fbg_msgs) StdoutLine: {'line': b'-- Up-to-date: /home/yangshengxu/Desktop/InSituNeedle_Manipulation_FBG_FEM_ROS2/install/fbg_msgs/include/fbg_msgs\n'}
[4.601530] (fbg_msgs) StdoutLine: {'line': b'-- Up-to-date: /home/yangshengxu/Desktop/InSituNeedle_Manipulation_FBG_FEM_ROS2/install/fbg_msgs/include/fbg_msgs/msg\n'}
[4.601573] (fbg_msgs) StdoutLine: {'line': b'-- Up-to-date: /home/yangshengxu/Desktop/InSituNeedle_Manipulation_FBG_FEM_ROS2/install/fbg_msgs/include/fbg_msgs/msg/detail\n'}
[4.601613] (fbg_msgs) StdoutLine: {'line': b'-- Installing: /home/yangshengxu/Desktop/InSituNeedle_Manipulation_FBG_FEM_ROS2/install/fbg_msgs/include/fbg_msgs/msg/detail/fbg_reading__rosidl_typesupport_fastrtps_c.h\n'}
[4.601655] (fbg_msgs) StdoutLine: {'line': b'-- Installing: /home/yangshengxu/Desktop/InSituNeedle_Manipulation_FBG_FEM_ROS2/install/fbg_msgs/include/fbg_msgs/msg/detail/curvature__rosidl_typesupport_fastrtps_c.h\n'}
[4.601697] (fbg_msgs) StdoutLine: {'line': b'-- Installing: /home/yangshengxu/Desktop/InSituNeedle_Manipulation_FBG_FEM_ROS2/install/fbg_msgs/include/fbg_msgs/msg/detail/needle_shape__rosidl_typesupport_fastrtps_c.h\n'}
[4.601739] (fbg_msgs) StdoutLine: {'line': b'-- Installing: /home/yangshengxu/Desktop/InSituNeedle_Manipulation_FBG_FEM_ROS2/install/fbg_msgs/include/fbg_msgs/msg/rosidl_typesupport_fastrtps_c__visibility_control.h\n'}
[4.601780] (fbg_msgs) StdoutLine: {'line': b'-- Up-to-date: /home/yangshengxu/Desktop/InSituNeedle_Manipulation_FBG_FEM_ROS2/install/fbg_msgs/include/fbg_msgs/srv\n'}
[4.601823] (fbg_msgs) StdoutLine: {'line': b'-- Up-to-date: /home/yangshengxu/Desktop/InSituNeedle_Manipulation_FBG_FEM_ROS2/install/fbg_msgs/include/fbg_msgs/srv/detail\n'}
[4.601865] (fbg_msgs) StdoutLine: {'line': b'-- Installing: /home/yangshengxu/Desktop/InSituNeedle_Manipulation_FBG_FEM_ROS2/install/fbg_msgs/include/fbg_msgs/srv/detail/cal_curvature__rosidl_typesupport_fastrtps_c.h\n'}
[4.601927] (fbg_msgs) StdoutLine: {'line': b'-- Installing: /home/yangshengxu/Desktop/InSituNeedle_Manipulation_FBG_FEM_ROS2/install/fbg_msgs/lib/libfbg_msgs__rosidl_typesupport_fastrtps_c.so\n'}
[4.601969] (fbg_msgs) StdoutLine: {'line': b'-- Set runtime path of "/home/yangshengxu/Desktop/InSituNeedle_Manipulation_FBG_FEM_ROS2/install/fbg_msgs/lib/libfbg_msgs__rosidl_typesupport_fastrtps_c.so" to ""\n'}
[4.602011] (fbg_msgs) StdoutLine: {'line': b'-- Up-to-date: /home/yangshengxu/Desktop/InSituNeedle_Manipulation_FBG_FEM_ROS2/install/fbg_msgs/include/fbg_msgs\n'}
[4.602054] (fbg_msgs) StdoutLine: {'line': b'-- Up-to-date: /home/yangshengxu/Desktop/InSituNeedle_Manipulation_FBG_FEM_ROS2/install/fbg_msgs/include/fbg_msgs/msg\n'}
[4.602111] (fbg_msgs) StdoutLine: {'line': b'-- Installing: /home/yangshengxu/Desktop/InSituNeedle_Manipulation_FBG_FEM_ROS2/install/fbg_msgs/include/fbg_msgs/msg/rosidl_typesupport_fastrtps_cpp__visibility_control.h\n'}
[4.602188] (fbg_msgs) StdoutLine: {'line': b'-- Up-to-date: /home/yangshengxu/Desktop/InSituNeedle_Manipulation_FBG_FEM_ROS2/install/fbg_msgs/include/fbg_msgs/msg/detail\n'}
[4.602232] (fbg_msgs) StdoutLine: {'line': b'-- Installing: /home/yangshengxu/Desktop/InSituNeedle_Manipulation_FBG_FEM_ROS2/install/fbg_msgs/include/fbg_msgs/msg/detail/fbg_reading__rosidl_typesupport_fastrtps_cpp.hpp\n'}
[4.602276] (fbg_msgs) StdoutLine: {'line': b'-- Installing: /home/yangshengxu/Desktop/InSituNeedle_Manipulation_FBG_FEM_ROS2/install/fbg_msgs/include/fbg_msgs/msg/detail/curvature__rosidl_typesupport_fastrtps_cpp.hpp\n'}
[4.602318] (fbg_msgs) StdoutLine: {'line': b'-- Installing: /home/yangshengxu/Desktop/InSituNeedle_Manipulation_FBG_FEM_ROS2/install/fbg_msgs/include/fbg_msgs/msg/detail/needle_shape__rosidl_typesupport_fastrtps_cpp.hpp\n'}
[4.602360] (fbg_msgs) StdoutLine: {'line': b'-- Installing: /home/yangshengxu/Desktop/InSituNeedle_Manipulation_FBG_FEM_ROS2/install/fbg_msgs/include/fbg_msgs/msg/detail/dds_fastrtps\n'}
[4.602417] (fbg_msgs) StdoutLine: {'line': b'-- Up-to-date: /home/yangshengxu/Desktop/InSituNeedle_Manipulation_FBG_FEM_ROS2/install/fbg_msgs/include/fbg_msgs/srv\n'}
[4.602458] (fbg_msgs) StdoutLine: {'line': b'-- Up-to-date: /home/yangshengxu/Desktop/InSituNeedle_Manipulation_FBG_FEM_ROS2/install/fbg_msgs/include/fbg_msgs/srv/detail\n'}
[4.602498] (fbg_msgs) StdoutLine: {'line': b'-- Installing: /home/yangshengxu/Desktop/InSituNeedle_Manipulation_FBG_FEM_ROS2/install/fbg_msgs/include/fbg_msgs/srv/detail/cal_curvature__rosidl_typesupport_fastrtps_cpp.hpp\n'}
[4.602541] (fbg_msgs) StdoutLine: {'line': b'-- Installing: /home/yangshengxu/Desktop/InSituNeedle_Manipulation_FBG_FEM_ROS2/install/fbg_msgs/include/fbg_msgs/srv/detail/dds_fastrtps\n'}
[4.602604] (fbg_msgs) StdoutLine: {'line': b'-- Installing: /home/yangshengxu/Desktop/InSituNeedle_Manipulation_FBG_FEM_ROS2/install/fbg_msgs/lib/libfbg_msgs__rosidl_typesupport_fastrtps_cpp.so\n'}
[4.602647] (fbg_msgs) StdoutLine: {'line': b'-- Set runtime path of "/home/yangshengxu/Desktop/InSituNeedle_Manipulation_FBG_FEM_ROS2/install/fbg_msgs/lib/libfbg_msgs__rosidl_typesupport_fastrtps_cpp.so" to ""\n'}
[4.602690] (fbg_msgs) StdoutLine: {'line': b'-- Up-to-date: /home/yangshengxu/Desktop/InSituNeedle_Manipulation_FBG_FEM_ROS2/install/fbg_msgs/include/fbg_msgs\n'}
[4.602733] (fbg_msgs) StdoutLine: {'line': b'-- Up-to-date: /home/yangshengxu/Desktop/InSituNeedle_Manipulation_FBG_FEM_ROS2/install/fbg_msgs/include/fbg_msgs/msg\n'}
[4.602775] (fbg_msgs) StdoutLine: {'line': b'-- Installing: /home/yangshengxu/Desktop/InSituNeedle_Manipulation_FBG_FEM_ROS2/install/fbg_msgs/include/fbg_msgs/msg/rosidl_typesupport_introspection_c__visibility_control.h\n'}
[4.602832] (fbg_msgs) StdoutLine: {'line': b'-- Up-to-date: /home/yangshengxu/Desktop/InSituNeedle_Manipulation_FBG_FEM_ROS2/install/fbg_msgs/include/fbg_msgs/msg/detail\n'}
[4.602910] (fbg_msgs) StdoutLine: {'line': b'-- Installing: /home/yangshengxu/Desktop/InSituNeedle_Manipulation_FBG_FEM_ROS2/install/fbg_msgs/include/fbg_msgs/msg/detail/needle_shape__type_support.c\n'}
[4.602963] (fbg_msgs) StdoutLine: {'line': b'-- Installing: /home/yangshengxu/Desktop/InSituNeedle_Manipulation_FBG_FEM_ROS2/install/fbg_msgs/include/fbg_msgs/msg/detail/curvature__type_support.c\n'}
[4.603007] (fbg_msgs) StdoutLine: {'line': b'-- Installing: /home/yangshengxu/Desktop/InSituNeedle_Manipulation_FBG_FEM_ROS2/install/fbg_msgs/include/fbg_msgs/msg/detail/fbg_reading__rosidl_typesupport_introspection_c.h\n'}
[4.603050] (fbg_msgs) StdoutLine: {'line': b'-- Installing: /home/yangshengxu/Desktop/InSituNeedle_Manipulation_FBG_FEM_ROS2/install/fbg_msgs/include/fbg_msgs/msg/detail/needle_shape__rosidl_typesupport_introspection_c.h\n'}
[4.603093] (fbg_msgs) StdoutLine: {'line': b'-- Installing: /home/yangshengxu/Desktop/InSituNeedle_Manipulation_FBG_FEM_ROS2/install/fbg_msgs/include/fbg_msgs/msg/detail/fbg_reading__type_support.c\n'}
[4.603136] (fbg_msgs) StdoutLine: {'line': b'-- Installing: /home/yangshengxu/Desktop/InSituNeedle_Manipulation_FBG_FEM_ROS2/install/fbg_msgs/include/fbg_msgs/msg/detail/curvature__rosidl_typesupport_introspection_c.h\n'}
[4.603177] (fbg_msgs) StdoutLine: {'line': b'-- Up-to-date: /home/yangshengxu/Desktop/InSituNeedle_Manipulation_FBG_FEM_ROS2/install/fbg_msgs/include/fbg_msgs/srv\n'}
[4.603220] (fbg_msgs) StdoutLine: {'line': b'-- Up-to-date: /home/yangshengxu/Desktop/InSituNeedle_Manipulation_FBG_FEM_ROS2/install/fbg_msgs/include/fbg_msgs/srv/detail\n'}
[4.603262] (fbg_msgs) StdoutLine: {'line': b'-- Installing: /home/yangshengxu/Desktop/InSituNeedle_Manipulation_FBG_FEM_ROS2/install/fbg_msgs/include/fbg_msgs/srv/detail/cal_curvature__type_support.c\n'}
[4.603343] (fbg_msgs) StdoutLine: {'line': b'-- Installing: /home/yangshengxu/Desktop/InSituNeedle_Manipulation_FBG_FEM_ROS2/install/fbg_msgs/include/fbg_msgs/srv/detail/cal_curvature__rosidl_typesupport_introspection_c.h\n'}
[4.603415] (fbg_msgs) StdoutLine: {'line': b'-- Installing: /home/yangshengxu/Desktop/InSituNeedle_Manipulation_FBG_FEM_ROS2/install/fbg_msgs/lib/libfbg_msgs__rosidl_typesupport_introspection_c.so\n'}
[4.603457] (fbg_msgs) StdoutLine: {'line': b'-- Set runtime path of "/home/yangshengxu/Desktop/InSituNeedle_Manipulation_FBG_FEM_ROS2/install/fbg_msgs/lib/libfbg_msgs__rosidl_typesupport_introspection_c.so" to ""\n'}
[4.603500] (fbg_msgs) StdoutLine: {'line': b'-- Installing: /home/yangshengxu/Desktop/InSituNeedle_Manipulation_FBG_FEM_ROS2/install/fbg_msgs/lib/libfbg_msgs__rosidl_typesupport_c.so\n'}
[4.603569] (fbg_msgs) StdoutLine: {'line': b'-- Set runtime path of "/home/yangshengxu/Desktop/InSituNeedle_Manipulation_FBG_FEM_ROS2/install/fbg_msgs/lib/libfbg_msgs__rosidl_typesupport_c.so" to ""\n'}
[4.603613] (fbg_msgs) StdoutLine: {'line': b'-- Up-to-date: /home/yangshengxu/Desktop/InSituNeedle_Manipulation_FBG_FEM_ROS2/install/fbg_msgs/include/fbg_msgs\n'}
[4.603656] (fbg_msgs) StdoutLine: {'line': b'-- Up-to-date: /home/yangshengxu/Desktop/InSituNeedle_Manipulation_FBG_FEM_ROS2/install/fbg_msgs/include/fbg_msgs/msg\n'}
[4.603698] (fbg_msgs) StdoutLine: {'line': b'-- Installing: /home/yangshengxu/Desktop/InSituNeedle_Manipulation_FBG_FEM_ROS2/install/fbg_msgs/include/fbg_msgs/msg/needle_shape.hpp\n'}
[4.603762] (fbg_msgs) StdoutLine: {'line': b'-- Installing: /home/yangshengxu/Desktop/InSituNeedle_Manipulation_FBG_FEM_ROS2/install/fbg_msgs/include/fbg_msgs/msg/curvature.hpp\n'}
[4.603806] (fbg_msgs) StdoutLine: {'line': b'-- Up-to-date: /home/yangshengxu/Desktop/InSituNeedle_Manipulation_FBG_FEM_ROS2/install/fbg_msgs/include/fbg_msgs/msg/detail\n'}
[4.603848] (fbg_msgs) StdoutLine: {'line': b'-- Installing: /home/yangshengxu/Desktop/InSituNeedle_Manipulation_FBG_FEM_ROS2/install/fbg_msgs/include/fbg_msgs/msg/detail/curvature__traits.hpp\n'}
[4.603891] (fbg_msgs) StdoutLine: {'line': b'-- Installing: /home/yangshengxu/Desktop/InSituNeedle_Manipulation_FBG_FEM_ROS2/install/fbg_msgs/include/fbg_msgs/msg/detail/curvature__builder.hpp\n'}
[4.603934] (fbg_msgs) StdoutLine: {'line': b'-- Installing: /home/yangshengxu/Desktop/InSituNeedle_Manipulation_FBG_FEM_ROS2/install/fbg_msgs/include/fbg_msgs/msg/detail/needle_shape__traits.hpp\n'}
[4.603999] (fbg_msgs) StdoutLine: {'line': b'-- Installing: /home/yangshengxu/Desktop/InSituNeedle_Manipulation_FBG_FEM_ROS2/install/fbg_msgs/include/fbg_msgs/msg/detail/curvature__struct.hpp\n'}
[4.604041] (fbg_msgs) StdoutLine: {'line': b'-- Installing: /home/yangshengxu/Desktop/InSituNeedle_Manipulation_FBG_FEM_ROS2/install/fbg_msgs/include/fbg_msgs/msg/detail/needle_shape__builder.hpp\n'}
[4.604083] (fbg_msgs) StdoutLine: {'line': b'-- Installing: /home/yangshengxu/Desktop/InSituNeedle_Manipulation_FBG_FEM_ROS2/install/fbg_msgs/include/fbg_msgs/msg/detail/needle_shape__struct.hpp\n'}
[4.604126] (fbg_msgs) StdoutLine: {'line': b'-- Installing: /home/yangshengxu/Desktop/InSituNeedle_Manipulation_FBG_FEM_ROS2/install/fbg_msgs/include/fbg_msgs/msg/detail/fbg_reading__struct.hpp\n'}
[4.604167] (fbg_msgs) StdoutLine: {'line': b'-- Installing: /home/yangshengxu/Desktop/InSituNeedle_Manipulation_FBG_FEM_ROS2/install/fbg_msgs/include/fbg_msgs/msg/detail/fbg_reading__builder.hpp\n'}
[4.604224] (fbg_msgs) StdoutLine: {'line': b'-- Installing: /home/yangshengxu/Desktop/InSituNeedle_Manipulation_FBG_FEM_ROS2/install/fbg_msgs/include/fbg_msgs/msg/detail/fbg_reading__traits.hpp\n'}
[4.604297] (fbg_msgs) StdoutLine: {'line': b'-- Installing: /home/yangshengxu/Desktop/InSituNeedle_Manipulation_FBG_FEM_ROS2/install/fbg_msgs/include/fbg_msgs/msg/fbg_reading.hpp\n'}
[4.604342] (fbg_msgs) StdoutLine: {'line': b'-- Up-to-date: /home/yangshengxu/Desktop/InSituNeedle_Manipulation_FBG_FEM_ROS2/install/fbg_msgs/include/fbg_msgs/srv\n'}
[4.604385] (fbg_msgs) StdoutLine: {'line': b'-- Installing: /home/yangshengxu/Desktop/InSituNeedle_Manipulation_FBG_FEM_ROS2/install/fbg_msgs/include/fbg_msgs/srv/cal_curvature.hpp\n'}
[4.604428] (fbg_msgs) StdoutLine: {'line': b'-- Up-to-date: /home/yangshengxu/Desktop/InSituNeedle_Manipulation_FBG_FEM_ROS2/install/fbg_msgs/include/fbg_msgs/srv/detail\n'}
[4.604471] (fbg_msgs) StdoutLine: {'line': b'-- Installing: /home/yangshengxu/Desktop/InSituNeedle_Manipulation_FBG_FEM_ROS2/install/fbg_msgs/include/fbg_msgs/srv/detail/cal_curvature__struct.hpp\n'}
[4.604513] (fbg_msgs) StdoutLine: {'line': b'-- Installing: /home/yangshengxu/Desktop/InSituNeedle_Manipulation_FBG_FEM_ROS2/install/fbg_msgs/include/fbg_msgs/srv/detail/cal_curvature__builder.hpp\n'}
[4.604554] (fbg_msgs) StdoutLine: {'line': b'-- Installing: /home/yangshengxu/Desktop/InSituNeedle_Manipulation_FBG_FEM_ROS2/install/fbg_msgs/include/fbg_msgs/srv/detail/cal_curvature__traits.hpp\n'}
[4.604611] (fbg_msgs) StdoutLine: {'line': b'-- Up-to-date: /home/yangshengxu/Desktop/InSituNeedle_Manipulation_FBG_FEM_ROS2/install/fbg_msgs/include/fbg_msgs\n'}
[4.604692] (fbg_msgs) StdoutLine: {'line': b'-- Up-to-date: /home/yangshengxu/Desktop/InSituNeedle_Manipulation_FBG_FEM_ROS2/install/fbg_msgs/include/fbg_msgs/msg\n'}
[4.604737] (fbg_msgs) StdoutLine: {'line': b'-- Up-to-date: /home/yangshengxu/Desktop/InSituNeedle_Manipulation_FBG_FEM_ROS2/install/fbg_msgs/include/fbg_msgs/msg/detail\n'}
[4.604779] (fbg_msgs) StdoutLine: {'line': b'-- Installing: /home/yangshengxu/Desktop/InSituNeedle_Manipulation_FBG_FEM_ROS2/install/fbg_msgs/include/fbg_msgs/msg/detail/fbg_reading__type_support.cpp\n'}
[4.604822] (fbg_msgs) StdoutLine: {'line': b'-- Installing: /home/yangshengxu/Desktop/InSituNeedle_Manipulation_FBG_FEM_ROS2/install/fbg_msgs/include/fbg_msgs/msg/detail/needle_shape__type_support.cpp\n'}
[4.604865] (fbg_msgs) StdoutLine: {'line': b'-- Installing: /home/yangshengxu/Desktop/InSituNeedle_Manipulation_FBG_FEM_ROS2/install/fbg_msgs/include/fbg_msgs/msg/detail/fbg_reading__rosidl_typesupport_introspection_cpp.hpp\n'}
[4.604906] (fbg_msgs) StdoutLine: {'line': b'-- Installing: /home/yangshengxu/Desktop/InSituNeedle_Manipulation_FBG_FEM_ROS2/install/fbg_msgs/include/fbg_msgs/msg/detail/needle_shape__rosidl_typesupport_introspection_cpp.hpp\n'}
[4.604948] (fbg_msgs) StdoutLine: {'line': b'-- Installing: /home/yangshengxu/Desktop/InSituNeedle_Manipulation_FBG_FEM_ROS2/install/fbg_msgs/include/fbg_msgs/msg/detail/curvature__rosidl_typesupport_introspection_cpp.hpp\n'}
[4.605006] (fbg_msgs) StdoutLine: {'line': b'-- Installing: /home/yangshengxu/Desktop/InSituNeedle_Manipulation_FBG_FEM_ROS2/install/fbg_msgs/include/fbg_msgs/msg/detail/curvature__type_support.cpp\n'}
[4.605049] (fbg_msgs) StdoutLine: {'line': b'-- Up-to-date: /home/yangshengxu/Desktop/InSituNeedle_Manipulation_FBG_FEM_ROS2/install/fbg_msgs/include/fbg_msgs/srv\n'}
[4.605090] (fbg_msgs) StdoutLine: {'line': b'-- Up-to-date: /home/yangshengxu/Desktop/InSituNeedle_Manipulation_FBG_FEM_ROS2/install/fbg_msgs/include/fbg_msgs/srv/detail\n'}
[4.605133] (fbg_msgs) StdoutLine: {'line': b'-- Installing: /home/yangshengxu/Desktop/InSituNeedle_Manipulation_FBG_FEM_ROS2/install/fbg_msgs/include/fbg_msgs/srv/detail/cal_curvature__type_support.cpp\n'}
[4.605174] (fbg_msgs) StdoutLine: {'line': b'-- Installing: /home/yangshengxu/Desktop/InSituNeedle_Manipulation_FBG_FEM_ROS2/install/fbg_msgs/include/fbg_msgs/srv/detail/cal_curvature__rosidl_typesupport_introspection_cpp.hpp\n'}
[4.605215] (fbg_msgs) StdoutLine: {'line': b'-- Installing: /home/yangshengxu/Desktop/InSituNeedle_Manipulation_FBG_FEM_ROS2/install/fbg_msgs/lib/libfbg_msgs__rosidl_typesupport_introspection_cpp.so\n'}
[4.605278] (fbg_msgs) StdoutLine: {'line': b'-- Set runtime path of "/home/yangshengxu/Desktop/InSituNeedle_Manipulation_FBG_FEM_ROS2/install/fbg_msgs/lib/libfbg_msgs__rosidl_typesupport_introspection_cpp.so" to ""\n'}
[4.605334] (fbg_msgs) StdoutLine: {'line': b'-- Installing: /home/yangshengxu/Desktop/InSituNeedle_Manipulation_FBG_FEM_ROS2/install/fbg_msgs/lib/libfbg_msgs__rosidl_typesupport_cpp.so\n'}
[4.605377] (fbg_msgs) StdoutLine: {'line': b'-- Set runtime path of "/home/yangshengxu/Desktop/InSituNeedle_Manipulation_FBG_FEM_ROS2/install/fbg_msgs/lib/libfbg_msgs__rosidl_typesupport_cpp.so" to ""\n'}
[4.605419] (fbg_msgs) StdoutLine: {'line': b'-- Installing: /home/yangshengxu/Desktop/InSituNeedle_Manipulation_FBG_FEM_ROS2/install/fbg_msgs/share/fbg_msgs/environment/pythonpath.sh\n'}
[4.605480] (fbg_msgs) StdoutLine: {'line': b'-- Installing: /home/yangshengxu/Desktop/InSituNeedle_Manipulation_FBG_FEM_ROS2/install/fbg_msgs/share/fbg_msgs/environment/pythonpath.dsv\n'}
[4.605521] (fbg_msgs) StdoutLine: {'line': b'-- Installing: /home/yangshengxu/Desktop/InSituNeedle_Manipulation_FBG_FEM_ROS2/install/fbg_msgs/lib/python3.8/site-packages/fbg_msgs/__init__.py\n'}
[4.607416] (-) TimerEvent: {}
[4.627597] (fbg_msgs) StdoutLine: {'line': b"Compiling '/home/yangshengxu/Desktop/InSituNeedle_Manipulation_FBG_FEM_ROS2/install/fbg_msgs/lib/python3.8/site-packages/fbg_msgs/__init__.py'...\n"}
[4.630199] (fbg_msgs) StdoutLine: {'line': b'-- Installing: /home/yangshengxu/Desktop/InSituNeedle_Manipulation_FBG_FEM_ROS2/install/fbg_msgs/lib/python3.8/site-packages/fbg_msgs/msg\n'}
[4.630315] (fbg_msgs) StdoutLine: {'line': b'-- Installing: /home/yangshengxu/Desktop/InSituNeedle_Manipulation_FBG_FEM_ROS2/install/fbg_msgs/lib/python3.8/site-packages/fbg_msgs/msg/_fbg_reading.py\n'}
[4.630365] (fbg_msgs) StdoutLine: {'line': b'-- Installing: /home/yangshengxu/Desktop/InSituNeedle_Manipulation_FBG_FEM_ROS2/install/fbg_msgs/lib/python3.8/site-packages/fbg_msgs/msg/_needle_shape.py\n'}
[4.630411] (fbg_msgs) StdoutLine: {'line': b'-- Installing: /home/yangshengxu/Desktop/InSituNeedle_Manipulation_FBG_FEM_ROS2/install/fbg_msgs/lib/python3.8/site-packages/fbg_msgs/msg/__init__.py\n'}
[4.630454] (fbg_msgs) StdoutLine: {'line': b'-- Installing: /home/yangshengxu/Desktop/InSituNeedle_Manipulation_FBG_FEM_ROS2/install/fbg_msgs/lib/python3.8/site-packages/fbg_msgs/msg/_curvature.py\n'}
[4.630513] (fbg_msgs) StdoutLine: {'line': b'-- Installing: /home/yangshengxu/Desktop/InSituNeedle_Manipulation_FBG_FEM_ROS2/install/fbg_msgs/lib/python3.8/site-packages/fbg_msgs/msg/_curvature_s.c\n'}
[4.630583] (fbg_msgs) StdoutLine: {'line': b'-- Installing: /home/yangshengxu/Desktop/InSituNeedle_Manipulation_FBG_FEM_ROS2/install/fbg_msgs/lib/python3.8/site-packages/fbg_msgs/msg/_needle_shape_s.c\n'}
[4.630634] (fbg_msgs) StdoutLine: {'line': b'-- Installing: /home/yangshengxu/Desktop/InSituNeedle_Manipulation_FBG_FEM_ROS2/install/fbg_msgs/lib/python3.8/site-packages/fbg_msgs/msg/_fbg_reading_s.c\n'}
[4.630677] (fbg_msgs) StdoutLine: {'line': b'-- Installing: /home/yangshengxu/Desktop/InSituNeedle_Manipulation_FBG_FEM_ROS2/install/fbg_msgs/lib/python3.8/site-packages/fbg_msgs/srv\n'}
[4.630720] (fbg_msgs) StdoutLine: {'line': b'-- Installing: /home/yangshengxu/Desktop/InSituNeedle_Manipulation_FBG_FEM_ROS2/install/fbg_msgs/lib/python3.8/site-packages/fbg_msgs/srv/__init__.py\n'}
[4.630782] (fbg_msgs) StdoutLine: {'line': b'-- Installing: /home/yangshengxu/Desktop/InSituNeedle_Manipulation_FBG_FEM_ROS2/install/fbg_msgs/lib/python3.8/site-packages/fbg_msgs/srv/_cal_curvature_s.c\n'}
[4.630825] (fbg_msgs) StdoutLine: {'line': b'-- Installing: /home/yangshengxu/Desktop/InSituNeedle_Manipulation_FBG_FEM_ROS2/install/fbg_msgs/lib/python3.8/site-packages/fbg_msgs/srv/_cal_curvature.py\n'}
[4.630879] (fbg_msgs) StdoutLine: {'line': b'-- Installing: /home/yangshengxu/Desktop/InSituNeedle_Manipulation_FBG_FEM_ROS2/install/fbg_msgs/lib/python3.8/site-packages/fbg_msgs/fbg_msgs_s__rosidl_typesupport_fastrtps_c.cpython-38-x86_64-linux-gnu.so\n'}
[4.631224] (fbg_msgs) StdoutLine: {'line': b'-- Set runtime path of "/home/yangshengxu/Desktop/InSituNeedle_Manipulation_FBG_FEM_ROS2/install/fbg_msgs/lib/python3.8/site-packages/fbg_msgs/fbg_msgs_s__rosidl_typesupport_fastrtps_c.cpython-38-x86_64-linux-gnu.so" to ""\n'}
[4.631331] (fbg_msgs) StdoutLine: {'line': b'-- Installing: /home/yangshengxu/Desktop/InSituNeedle_Manipulation_FBG_FEM_ROS2/install/fbg_msgs/lib/python3.8/site-packages/fbg_msgs/fbg_msgs_s__rosidl_typesupport_introspection_c.cpython-38-x86_64-linux-gnu.so\n'}
[4.631664] (fbg_msgs) StdoutLine: {'line': b'-- Set runtime path of "/home/yangshengxu/Desktop/InSituNeedle_Manipulation_FBG_FEM_ROS2/install/fbg_msgs/lib/python3.8/site-packages/fbg_msgs/fbg_msgs_s__rosidl_typesupport_introspection_c.cpython-38-x86_64-linux-gnu.so" to ""\n'}
[4.631736] (fbg_msgs) StdoutLine: {'line': b'-- Installing: /home/yangshengxu/Desktop/InSituNeedle_Manipulation_FBG_FEM_ROS2/install/fbg_msgs/lib/python3.8/site-packages/fbg_msgs/fbg_msgs_s__rosidl_typesupport_c.cpython-38-x86_64-linux-gnu.so\n'}
[4.631986] (fbg_msgs) StdoutLine: {'line': b'-- Set runtime path of "/home/yangshengxu/Desktop/InSituNeedle_Manipulation_FBG_FEM_ROS2/install/fbg_msgs/lib/python3.8/site-packages/fbg_msgs/fbg_msgs_s__rosidl_typesupport_c.cpython-38-x86_64-linux-gnu.so" to ""\n'}
[4.632048] (fbg_msgs) StdoutLine: {'line': b'-- Installing: /home/yangshengxu/Desktop/InSituNeedle_Manipulation_FBG_FEM_ROS2/install/fbg_msgs/lib/libfbg_msgs__python.so\n'}
[4.632226] (fbg_msgs) StdoutLine: {'line': b'-- Set runtime path of "/home/yangshengxu/Desktop/InSituNeedle_Manipulation_FBG_FEM_ROS2/install/fbg_msgs/lib/libfbg_msgs__python.so" to ""\n'}
[4.632288] (fbg_msgs) StdoutLine: {'line': b'-- Installing: /home/yangshengxu/Desktop/InSituNeedle_Manipulation_FBG_FEM_ROS2/install/fbg_msgs/share/fbg_msgs/msg/FbgReading.idl\n'}
[4.632357] (fbg_msgs) StdoutLine: {'line': b'-- Installing: /home/yangshengxu/Desktop/InSituNeedle_Manipulation_FBG_FEM_ROS2/install/fbg_msgs/share/fbg_msgs/msg/Curvature.idl\n'}
[4.632421] (fbg_msgs) StdoutLine: {'line': b'-- Installing: /home/yangshengxu/Desktop/InSituNeedle_Manipulation_FBG_FEM_ROS2/install/fbg_msgs/share/fbg_msgs/msg/NeedleShape.idl\n'}
[4.632499] (fbg_msgs) StdoutLine: {'line': b'-- Installing: /home/yangshengxu/Desktop/InSituNeedle_Manipulation_FBG_FEM_ROS2/install/fbg_msgs/share/fbg_msgs/srv/CalCurvature.idl\n'}
[4.632565] (fbg_msgs) StdoutLine: {'line': b'-- Installing: /home/yangshengxu/Desktop/InSituNeedle_Manipulation_FBG_FEM_ROS2/install/fbg_msgs/share/fbg_msgs/msg/FbgReading.msg\n'}
[4.632628] (fbg_msgs) StdoutLine: {'line': b'-- Installing: /home/yangshengxu/Desktop/InSituNeedle_Manipulation_FBG_FEM_ROS2/install/fbg_msgs/share/fbg_msgs/msg/Curvature.msg\n'}
[4.632691] (fbg_msgs) StdoutLine: {'line': b'-- Installing: /home/yangshengxu/Desktop/InSituNeedle_Manipulation_FBG_FEM_ROS2/install/fbg_msgs/share/fbg_msgs/msg/NeedleShape.msg\n'}
[4.632756] (fbg_msgs) StdoutLine: {'line': b'-- Installing: /home/yangshengxu/Desktop/InSituNeedle_Manipulation_FBG_FEM_ROS2/install/fbg_msgs/share/fbg_msgs/srv/CalCurvature.srv\n'}
[4.632820] (fbg_msgs) StdoutLine: {'line': b'-- Installing: /home/yangshengxu/Desktop/InSituNeedle_Manipulation_FBG_FEM_ROS2/install/fbg_msgs/share/fbg_msgs/srv/CalCurvature_Request.msg\n'}
[4.632885] (fbg_msgs) StdoutLine: {'line': b'-- Installing: /home/yangshengxu/Desktop/InSituNeedle_Manipulation_FBG_FEM_ROS2/install/fbg_msgs/share/fbg_msgs/srv/CalCurvature_Response.msg\n'}
[4.632980] (fbg_msgs) StdoutLine: {'line': b'-- Installing: /home/yangshengxu/Desktop/InSituNeedle_Manipulation_FBG_FEM_ROS2/install/fbg_msgs/share/ament_index/resource_index/package_run_dependencies/fbg_msgs\n'}
[4.633072] (fbg_msgs) StdoutLine: {'line': b'-- Installing: /home/yangshengxu/Desktop/InSituNeedle_Manipulation_FBG_FEM_ROS2/install/fbg_msgs/share/ament_index/resource_index/parent_prefix_path/fbg_msgs\n'}
[4.633140] (fbg_msgs) StdoutLine: {'line': b'-- Installing: /home/yangshengxu/Desktop/InSituNeedle_Manipulation_FBG_FEM_ROS2/install/fbg_msgs/share/fbg_msgs/environment/ament_prefix_path.sh\n'}
[4.633206] (fbg_msgs) StdoutLine: {'line': b'-- Installing: /home/yangshengxu/Desktop/InSituNeedle_Manipulation_FBG_FEM_ROS2/install/fbg_msgs/share/fbg_msgs/environment/ament_prefix_path.dsv\n'}
[4.633274] (fbg_msgs) StdoutLine: {'line': b'-- Installing: /home/yangshengxu/Desktop/InSituNeedle_Manipulation_FBG_FEM_ROS2/install/fbg_msgs/share/fbg_msgs/environment/path.sh\n'}
[4.633341] (fbg_msgs) StdoutLine: {'line': b'-- Installing: /home/yangshengxu/Desktop/InSituNeedle_Manipulation_FBG_FEM_ROS2/install/fbg_msgs/share/fbg_msgs/environment/path.dsv\n'}
[4.633405] (fbg_msgs) StdoutLine: {'line': b'-- Installing: /home/yangshengxu/Desktop/InSituNeedle_Manipulation_FBG_FEM_ROS2/install/fbg_msgs/share/fbg_msgs/local_setup.bash\n'}
[4.633473] (fbg_msgs) StdoutLine: {'line': b'-- Installing: /home/yangshengxu/Desktop/InSituNeedle_Manipulation_FBG_FEM_ROS2/install/fbg_msgs/share/fbg_msgs/local_setup.sh\n'}
[4.633549] (fbg_msgs) StdoutLine: {'line': b'-- Installing: /home/yangshengxu/Desktop/InSituNeedle_Manipulation_FBG_FEM_ROS2/install/fbg_msgs/share/fbg_msgs/local_setup.zsh\n'}
[4.633626] (fbg_msgs) StdoutLine: {'line': b'-- Installing: /home/yangshengxu/Desktop/InSituNeedle_Manipulation_FBG_FEM_ROS2/install/fbg_msgs/share/fbg_msgs/local_setup.dsv\n'}
[4.633795] (fbg_msgs) StdoutLine: {'line': b'-- Installing: /home/yangshengxu/Desktop/InSituNeedle_Manipulation_FBG_FEM_ROS2/install/fbg_msgs/share/fbg_msgs/package.dsv\n'}
[4.633851] (fbg_msgs) StdoutLine: {'line': b'-- Installing: /home/yangshengxu/Desktop/InSituNeedle_Manipulation_FBG_FEM_ROS2/install/fbg_msgs/share/ament_index/resource_index/packages/fbg_msgs\n'}
[4.633918] (fbg_msgs) StdoutLine: {'line': b'-- Installing: /home/yangshengxu/Desktop/InSituNeedle_Manipulation_FBG_FEM_ROS2/install/fbg_msgs/share/fbg_msgs/cmake/fbg_msgs__rosidl_generator_cExport.cmake\n'}
[4.633985] (fbg_msgs) StdoutLine: {'line': b'-- Installing: /home/yangshengxu/Desktop/InSituNeedle_Manipulation_FBG_FEM_ROS2/install/fbg_msgs/share/fbg_msgs/cmake/fbg_msgs__rosidl_generator_cExport-noconfig.cmake\n'}
[4.634054] (fbg_msgs) StdoutLine: {'line': b'-- Installing: /home/yangshengxu/Desktop/InSituNeedle_Manipulation_FBG_FEM_ROS2/install/fbg_msgs/share/fbg_msgs/cmake/fbg_msgs__rosidl_typesupport_introspection_cExport.cmake\n'}
[4.634110] (fbg_msgs) StdoutLine: {'line': b'-- Installing: /home/yangshengxu/Desktop/InSituNeedle_Manipulation_FBG_FEM_ROS2/install/fbg_msgs/share/fbg_msgs/cmake/fbg_msgs__rosidl_typesupport_introspection_cExport-noconfig.cmake\n'}
[4.634206] (fbg_msgs) StdoutLine: {'line': b'-- Installing: /home/yangshengxu/Desktop/InSituNeedle_Manipulation_FBG_FEM_ROS2/install/fbg_msgs/share/fbg_msgs/cmake/fbg_msgs__rosidl_typesupport_cExport.cmake\n'}
[4.634287] (fbg_msgs) StdoutLine: {'line': b'-- Installing: /home/yangshengxu/Desktop/InSituNeedle_Manipulation_FBG_FEM_ROS2/install/fbg_msgs/share/fbg_msgs/cmake/fbg_msgs__rosidl_typesupport_cExport-noconfig.cmake\n'}
[4.634370] (fbg_msgs) StdoutLine: {'line': b'-- Installing: /home/yangshengxu/Desktop/InSituNeedle_Manipulation_FBG_FEM_ROS2/install/fbg_msgs/share/fbg_msgs/cmake/fbg_msgs__rosidl_generator_cppExport.cmake\n'}
[4.634467] (fbg_msgs) StdoutLine: {'line': b'-- Installing: /home/yangshengxu/Desktop/InSituNeedle_Manipulation_FBG_FEM_ROS2/install/fbg_msgs/share/fbg_msgs/cmake/fbg_msgs__rosidl_typesupport_introspection_cppExport.cmake\n'}
[4.634535] (fbg_msgs) StdoutLine: {'line': b'-- Installing: /home/yangshengxu/Desktop/InSituNeedle_Manipulation_FBG_FEM_ROS2/install/fbg_msgs/share/fbg_msgs/cmake/fbg_msgs__rosidl_typesupport_introspection_cppExport-noconfig.cmake\n'}
[4.634630] (fbg_msgs) StdoutLine: {'line': b'-- Installing: /home/yangshengxu/Desktop/InSituNeedle_Manipulation_FBG_FEM_ROS2/install/fbg_msgs/share/fbg_msgs/cmake/fbg_msgs__rosidl_typesupport_cppExport.cmake\n'}
[4.634697] (fbg_msgs) StdoutLine: {'line': b'-- Installing: /home/yangshengxu/Desktop/InSituNeedle_Manipulation_FBG_FEM_ROS2/install/fbg_msgs/share/fbg_msgs/cmake/fbg_msgs__rosidl_typesupport_cppExport-noconfig.cmake\n'}
[4.634767] (fbg_msgs) StdoutLine: {'line': b'-- Installing: /home/yangshengxu/Desktop/InSituNeedle_Manipulation_FBG_FEM_ROS2/install/fbg_msgs/share/fbg_msgs/cmake/rosidl_cmake-extras.cmake\n'}
[4.634835] (fbg_msgs) StdoutLine: {'line': b'-- Installing: /home/yangshengxu/Desktop/InSituNeedle_Manipulation_FBG_FEM_ROS2/install/fbg_msgs/share/fbg_msgs/cmake/ament_cmake_export_dependencies-extras.cmake\n'}
[4.634900] (fbg_msgs) StdoutLine: {'line': b'-- Installing: /home/yangshengxu/Desktop/InSituNeedle_Manipulation_FBG_FEM_ROS2/install/fbg_msgs/share/fbg_msgs/cmake/ament_cmake_export_libraries-extras.cmake\n'}
[4.634970] (fbg_msgs) StdoutLine: {'line': b'-- Installing: /home/yangshengxu/Desktop/InSituNeedle_Manipulation_FBG_FEM_ROS2/install/fbg_msgs/share/fbg_msgs/cmake/ament_cmake_export_targets-extras.cmake\n'}
[4.635038] (fbg_msgs) StdoutLine: {'line': b'-- Installing: /home/yangshengxu/Desktop/InSituNeedle_Manipulation_FBG_FEM_ROS2/install/fbg_msgs/share/fbg_msgs/cmake/ament_cmake_export_include_directories-extras.cmake\n'}
[4.635105] (fbg_msgs) StdoutLine: {'line': b'-- Installing: /home/yangshengxu/Desktop/InSituNeedle_Manipulation_FBG_FEM_ROS2/install/fbg_msgs/share/fbg_msgs/cmake/rosidl_cmake_export_typesupport_libraries-extras.cmake\n'}
[4.635169] (fbg_msgs) StdoutLine: {'line': b'-- Installing: /home/yangshengxu/Desktop/InSituNeedle_Manipulation_FBG_FEM_ROS2/install/fbg_msgs/share/fbg_msgs/cmake/rosidl_cmake_export_typesupport_targets-extras.cmake\n'}
[4.635235] (fbg_msgs) StdoutLine: {'line': b'-- Installing: /home/yangshengxu/Desktop/InSituNeedle_Manipulation_FBG_FEM_ROS2/install/fbg_msgs/share/fbg_msgs/cmake/fbg_msgsConfig.cmake\n'}
[4.635291] (fbg_msgs) StdoutLine: {'line': b'-- Installing: /home/yangshengxu/Desktop/InSituNeedle_Manipulation_FBG_FEM_ROS2/install/fbg_msgs/share/fbg_msgs/cmake/fbg_msgsConfig-version.cmake\n'}
[4.635363] (fbg_msgs) StdoutLine: {'line': b'-- Installing: /home/yangshengxu/Desktop/InSituNeedle_Manipulation_FBG_FEM_ROS2/install/fbg_msgs/share/fbg_msgs/package.xml\n'}
[4.636880] (fbg_msgs) CommandEnded: {'returncode': 0}
[4.707543] (-) TimerEvent: {}
[4.719263] (fbg_msgs) JobEnded: {'identifier': 'fbg_msgs', 'rc': 0}
[4.720823] (curvature_srvcli) JobStarted: {'identifier': 'curvature_srvcli'}
[4.807677] (-) TimerEvent: {}
[4.908006] (-) TimerEvent: {}
[5.008687] (-) TimerEvent: {}
[5.109020] (-) TimerEvent: {}
[5.167176] (curvature_srvcli) Command: {'cmd': ['/usr/bin/python3', 'setup.py', 'egg_info', '--egg-base', '../../build/curvature_srvcli', 'build', '--build-base', '/home/yangshengxu/Desktop/InSituNeedle_Manipulation_FBG_FEM_ROS2/build/curvature_srvcli/build', 'install', '--record', '/home/yangshengxu/Desktop/InSituNeedle_Manipulation_FBG_FEM_ROS2/build/curvature_srvcli/install.log', '--single-version-externally-managed'], 'cwd': '/home/yangshengxu/Desktop/InSituNeedle_Manipulation_FBG_FEM_ROS2/src/curvature_srvcli', 'env': {'LESSOPEN': '| /usr/bin/lesspipe %s', 'USER': 'yangshengxu', 'SSH_AGENT_PID': '1567', 'XDG_SESSION_TYPE': 'x11', 'SHLVL': '1', 'LD_LIBRARY_PATH': '/home/yangshengxu/Desktop/InSituNeedle_Manipulation_FBG_FEM_ROS2/install/fbg_msgs/lib:/opt/ros/galactic/opt/yaml_cpp_vendor/lib:/opt/ros/galactic/opt/rviz_ogre_vendor/lib:/opt/ros/galactic/lib/x86_64-linux-gnu:/opt/ros/galactic/lib', 'HOME': '/home/yangshengxu', 'OLDPWD': '/home/yangshengxu', 'DESKTOP_SESSION': 'ubuntu', 'ROS_PYTHON_VERSION': '3', 'GNOME_SHELL_SESSION_MODE': 'ubuntu', 'GTK_MODULES': 'gail:atk-bridge', 'MANAGERPID': '1386', 'DBUS_SESSION_BUS_ADDRESS': 'unix:path=/run/user/1000/bus', 'COLORTERM': 'truecolor', 'IM_CONFIG_PHASE': '1', 'COLCON_PREFIX_PATH': '/home/yangshengxu/Desktop/InSituNeedle_Manipulation_FBG_FEM_ROS2/install', 'ROS_DISTRO': 'galactic', 'LOGNAME': 'yangshengxu', 'JOURNAL_STREAM': '8:46378', '_': '/usr/bin/colcon', 'ROS_VERSION': '2', 'XDG_SESSION_CLASS': 'user', 'USERNAME': 'yangshengxu', 'TERM': 'xterm-256color', 'GNOME_DESKTOP_SESSION_ID': 'this-is-deprecated', 'ROS_LOCALHOST_ONLY': '0', 'WINDOWPATH': '2', 'PATH': '/opt/ros/galactic/bin:/home/yangshengxu/.local/bin:/usr/local/sbin:/usr/local/bin:/usr/sbin:/usr/bin:/sbin:/bin:/usr/games:/usr/local/games:/snap/bin', 'SESSION_MANAGER': 'local/yangshengxu-ThinkBook-13s-G2-ITL:@/tmp/.ICE-unix/1626,unix/yangshengxu-ThinkBook-13s-G2-ITL:/tmp/.ICE-unix/1626', 'INVOCATION_ID': 'dd78b546e48449bc828040ccff6bec18', 'XDG_MENU_PREFIX': 'gnome-', 'GNOME_TERMINAL_SCREEN': '/org/gnome/Terminal/screen/7c423200_6898_4540_a048_d8550ed03d29', 'XDG_RUNTIME_DIR': '/run/user/1000', 'DISPLAY': ':0', 'LANG': 'en_US.UTF-8', 'XDG_CURRENT_DESKTOP': 'ubuntu:GNOME', 'XMODIFIERS': '@im=ibus', 'XDG_SESSION_DESKTOP': 'ubuntu', 'XAUTHORITY': '/run/user/1000/gdm/Xauthority', 'LS_COLORS': 'rs=0:di=01;34:ln=01;36:mh=00:pi=40;33:so=01;35:do=01;35:bd=40;33;01:cd=40;33;01:or=40;31;01:mi=00:su=37;41:sg=30;43:ca=30;41:tw=30;42:ow=34;42:st=37;44:ex=01;32:*.tar=01;31:*.tgz=01;31:*.arc=01;31:*.arj=01;31:*.taz=01;31:*.lha=01;31:*.lz4=01;31:*.lzh=01;31:*.lzma=01;31:*.tlz=01;31:*.txz=01;31:*.tzo=01;31:*.t7z=01;31:*.zip=01;31:*.z=01;31:*.dz=01;31:*.gz=01;31:*.lrz=01;31:*.lz=01;31:*.lzo=01;31:*.xz=01;31:*.zst=01;31:*.tzst=01;31:*.bz2=01;31:*.bz=01;31:*.tbz=01;31:*.tbz2=01;31:*.tz=01;31:*.deb=01;31:*.rpm=01;31:*.jar=01;31:*.war=01;31:*.ear=01;31:*.sar=01;31:*.rar=01;31:*.alz=01;31:*.ace=01;31:*.zoo=01;31:*.cpio=01;31:*.7z=01;31:*.rz=01;31:*.cab=01;31:*.wim=01;31:*.swm=01;31:*.dwm=01;31:*.esd=01;31:*.jpg=01;35:*.jpeg=01;35:*.mjpg=01;35:*.mjpeg=01;35:*.gif=01;35:*.bmp=01;35:*.pbm=01;35:*.pgm=01;35:*.ppm=01;35:*.tga=01;35:*.xbm=01;35:*.xpm=01;35:*.tif=01;35:*.tiff=01;35:*.png=01;35:*.svg=01;35:*.svgz=01;35:*.mng=01;35:*.pcx=01;35:*.mov=01;35:*.mpg=01;35:*.mpeg=01;35:*.m2v=01;35:*.mkv=01;35:*.webm=01;35:*.ogm=01;35:*.mp4=01;35:*.m4v=01;35:*.mp4v=01;35:*.vob=01;35:*.qt=01;35:*.nuv=01;35:*.wmv=01;35:*.asf=01;35:*.rm=01;35:*.rmvb=01;35:*.flc=01;35:*.avi=01;35:*.fli=01;35:*.flv=01;35:*.gl=01;35:*.dl=01;35:*.xcf=01;35:*.xwd=01;35:*.yuv=01;35:*.cgm=01;35:*.emf=01;35:*.ogv=01;35:*.ogx=01;35:*.aac=00;36:*.au=00;36:*.flac=00;36:*.m4a=00;36:*.mid=00;36:*.midi=00;36:*.mka=00;36:*.mp3=00;36:*.mpc=00;36:*.ogg=00;36:*.ra=00;36:*.wav=00;36:*.oga=00;36:*.opus=00;36:*.spx=00;36:*.xspf=00;36:', 'GNOME_TERMINAL_SERVICE': ':1.488', 'SSH_AUTH_SOCK': '/run/user/1000/keyring/ssh', 'AMENT_PREFIX_PATH': '/home/yangshengxu/Desktop/InSituNeedle_Manipulation_FBG_FEM_ROS2/install/sm130_interrogator:/home/yangshengxu/Desktop/InSituNeedle_Manipulation_FBG_FEM_ROS2/install/curvature_srvcli:/home/yangshengxu/Desktop/InSituNeedle_Manipulation_FBG_FEM_ROS2/install/needle_shape:/home/yangshengxu/Desktop/InSituNeedle_Manipulation_FBG_FEM_ROS2/install/fbg_msgs:/opt/ros/galactic', 'SHELL': '/bin/bash', 'QT_ACCESSIBILITY': '1', 'GDMSESSION': 'ubuntu', 'LESSCLOSE': '/usr/bin/lesspipe %s %s', 'GPG_AGENT_INFO': '/run/user/1000/gnupg/S.gpg-agent:0:1', 'QT_IM_MODULE': 'ibus', 'PWD': '/home/yangshengxu/Desktop/InSituNeedle_Manipulation_FBG_FEM_ROS2/build/curvature_srvcli', 'XDG_CONFIG_DIRS': '/etc/xdg/xdg-ubuntu:/etc/xdg', 'XDG_DATA_DIRS': '/usr/share/ubuntu:/usr/local/share/:/usr/share/:/var/lib/snapd/desktop', 'PYTHONPATH': '/home/yangshengxu/Desktop/InSituNeedle_Manipulation_FBG_FEM_ROS2/build/curvature_srvcli/prefix_override:/home/yangshengxu/Desktop/InSituNeedle_Manipulation_FBG_FEM_ROS2/install/curvature_srvcli/lib/python3.8/site-packages:/home/yangshengxu/Desktop/InSituNeedle_Manipulation_FBG_FEM_ROS2/install/sm130_interrogator/lib/python3.8/site-packages:/home/yangshengxu/Desktop/InSituNeedle_Manipulation_FBG_FEM_ROS2/install/fbg_msgs/lib/python3.8/site-packages:/home/yangshengxu/Desktop/InSituNeedle_Manipulation_FBG_FEM_ROS2/install/curvature_srvcli/lib/python3.8/site-packages:/home/yangshengxu/Desktop/InSituNeedle_Manipulation_FBG_FEM_ROS2/install/needle_shape/lib/python3.8/site-packages:/opt/ros/galactic/lib/python3.8/site-packages', 'COLCON': '1', 'VTE_VERSION': '6003', 'CMAKE_PREFIX_PATH': '/home/yangshengxu/Desktop/InSituNeedle_Manipulation_FBG_FEM_ROS2/install/fbg_msgs'}, 'shell': False}
[5.209217] (-) TimerEvent: {}
[5.309601] (-) TimerEvent: {}
[5.318279] (curvature_srvcli) StdoutLine: {'line': b'running egg_info\n'}
[5.318462] (curvature_srvcli) StdoutLine: {'line': b'creating ../../build/curvature_srvcli/curvature_srvcli.egg-info\n'}
[5.318557] (curvature_srvcli) StdoutLine: {'line': b'writing ../../build/curvature_srvcli/curvature_srvcli.egg-info/PKG-INFO\n'}
[5.318657] (curvature_srvcli) StdoutLine: {'line': b'writing dependency_links to ../../build/curvature_srvcli/curvature_srvcli.egg-info/dependency_links.txt\n'}
[5.318730] (curvature_srvcli) StdoutLine: {'line': b'writing entry points to ../../build/curvature_srvcli/curvature_srvcli.egg-info/entry_points.txt\n'}
[5.318802] (curvature_srvcli) StdoutLine: {'line': b'writing requirements to ../../build/curvature_srvcli/curvature_srvcli.egg-info/requires.txt\n'}
[5.318869] (curvature_srvcli) StdoutLine: {'line': b'writing top-level names to ../../build/curvature_srvcli/curvature_srvcli.egg-info/top_level.txt\n'}
[5.319844] (curvature_srvcli) StdoutLine: {'line': b"writing manifest file '../../build/curvature_srvcli/curvature_srvcli.egg-info/SOURCES.txt'\n"}
[5.344120] (curvature_srvcli) StdoutLine: {'line': b"reading manifest file '../../build/curvature_srvcli/curvature_srvcli.egg-info/SOURCES.txt'\n"}
[5.344678] (curvature_srvcli) StdoutLine: {'line': b"writing manifest file '../../build/curvature_srvcli/curvature_srvcli.egg-info/SOURCES.txt'\n"}
[5.344771] (curvature_srvcli) StdoutLine: {'line': b'running build\n'}
[5.344829] (curvature_srvcli) StdoutLine: {'line': b'running build_py\n'}
[5.344927] (curvature_srvcli) StdoutLine: {'line': b'creating /home/yangshengxu/Desktop/InSituNeedle_Manipulation_FBG_FEM_ROS2/build/curvature_srvcli/build\n'}
[5.344980] (curvature_srvcli) StdoutLine: {'line': b'creating /home/yangshengxu/Desktop/InSituNeedle_Manipulation_FBG_FEM_ROS2/build/curvature_srvcli/build/lib\n'}
[5.345024] (curvature_srvcli) StdoutLine: {'line': b'creating /home/yangshengxu/Desktop/InSituNeedle_Manipulation_FBG_FEM_ROS2/build/curvature_srvcli/build/lib/curvature_srvcli\n'}
[5.345067] (curvature_srvcli) StdoutLine: {'line': b'copying curvature_srvcli/client.py -> /home/yangshengxu/Desktop/InSituNeedle_Manipulation_FBG_FEM_ROS2/build/curvature_srvcli/build/lib/curvature_srvcli\n'}
[5.352439] (curvature_srvcli) StdoutLine: {'line': b'copying curvature_srvcli/curvature_member_function.py -> /home/yangshengxu/Desktop/InSituNeedle_Manipulation_FBG_FEM_ROS2/build/curvature_srvcli/build/lib/curvature_srvcli\n'}
[5.352541] (curvature_srvcli) StdoutLine: {'line': b'copying curvature_srvcli/__init__.py -> /home/yangshengxu/Desktop/InSituNeedle_Manipulation_FBG_FEM_ROS2/build/curvature_srvcli/build/lib/curvature_srvcli\n'}
[5.352598] (curvature_srvcli) StdoutLine: {'line': b'copying curvature_srvcli/publisher.py -> /home/yangshengxu/Desktop/InSituNeedle_Manipulation_FBG_FEM_ROS2/build/curvature_srvcli/build/lib/curvature_srvcli\n'}
[5.352669] (curvature_srvcli) StdoutLine: {'line': b'copying curvature_srvcli/server.py -> /home/yangshengxu/Desktop/InSituNeedle_Manipulation_FBG_FEM_ROS2/build/curvature_srvcli/build/lib/curvature_srvcli\n'}
[5.352864] (curvature_srvcli) StdoutLine: {'line': b'copying curvature_srvcli/FBG.py -> /home/yangshengxu/Desktop/InSituNeedle_Manipulation_FBG_FEM_ROS2/build/curvature_srvcli/build/lib/curvature_srvcli\n'}
[5.352991] (curvature_srvcli) StdoutLine: {'line': b'running install\n'}
[5.353619] (curvature_srvcli) StdoutLine: {'line': b'running install_lib\n'}
[5.354237] (curvature_srvcli) StdoutLine: {'line': b'creating /home/yangshengxu/Desktop/InSituNeedle_Manipulation_FBG_FEM_ROS2/install/curvature_srvcli/lib/python3.8/site-packages/curvature_srvcli\n'}
[5.354309] (curvature_srvcli) StdoutLine: {'line': b'copying /home/yangshengxu/Desktop/InSituNeedle_Manipulation_FBG_FEM_ROS2/build/curvature_srvcli/build/lib/curvature_srvcli/client.py -> /home/yangshengxu/Desktop/InSituNeedle_Manipulation_FBG_FEM_ROS2/install/curvature_srvcli/lib/python3.8/site-packages/curvature_srvcli\n'}
[5.354404] (curvature_srvcli) StdoutLine: {'line': b'copying /home/yangshengxu/Desktop/InSituNeedle_Manipulation_FBG_FEM_ROS2/build/curvature_srvcli/build/lib/curvature_srvcli/curvature_member_function.py -> /home/yangshengxu/Desktop/InSituNeedle_Manipulation_FBG_FEM_ROS2/install/curvature_srvcli/lib/python3.8/site-packages/curvature_srvcli\n'}
[5.354459] (curvature_srvcli) StdoutLine: {'line': b'copying /home/yangshengxu/Desktop/InSituNeedle_Manipulation_FBG_FEM_ROS2/build/curvature_srvcli/build/lib/curvature_srvcli/__init__.py -> /home/yangshengxu/Desktop/InSituNeedle_Manipulation_FBG_FEM_ROS2/install/curvature_srvcli/lib/python3.8/site-packages/curvature_srvcli\n'}
[5.354510] (curvature_srvcli) StdoutLine: {'line': b'copying /home/yangshengxu/Desktop/InSituNeedle_Manipulation_FBG_FEM_ROS2/build/curvature_srvcli/build/lib/curvature_srvcli/publisher.py -> /home/yangshengxu/Desktop/InSituNeedle_Manipulation_FBG_FEM_ROS2/install/curvature_srvcli/lib/python3.8/site-packages/curvature_srvcli\n'}
[5.354577] (curvature_srvcli) StdoutLine: {'line': b'copying /home/yangshengxu/Desktop/InSituNeedle_Manipulation_FBG_FEM_ROS2/build/curvature_srvcli/build/lib/curvature_srvcli/server.py -> /home/yangshengxu/Desktop/InSituNeedle_Manipulation_FBG_FEM_ROS2/install/curvature_srvcli/lib/python3.8/site-packages/curvature_srvcli\n'}
[5.354644] (curvature_srvcli) StdoutLine: {'line': b'copying /home/yangshengxu/Desktop/InSituNeedle_Manipulation_FBG_FEM_ROS2/build/curvature_srvcli/build/lib/curvature_srvcli/FBG.py -> /home/yangshengxu/Desktop/InSituNeedle_Manipulation_FBG_FEM_ROS2/install/curvature_srvcli/lib/python3.8/site-packages/curvature_srvcli\n'}
[5.354810] (curvature_srvcli) StdoutLine: {'line': b'byte-compiling /home/yangshengxu/Desktop/InSituNeedle_Manipulation_FBG_FEM_ROS2/install/curvature_srvcli/lib/python3.8/site-packages/curvature_srvcli/client.py to client.cpython-38.pyc\n'}
[5.355745] (curvature_srvcli) StdoutLine: {'line': b'byte-compiling /home/yangshengxu/Desktop/InSituNeedle_Manipulation_FBG_FEM_ROS2/install/curvature_srvcli/lib/python3.8/site-packages/curvature_srvcli/curvature_member_function.py to curvature_member_function.cpython-38.pyc\n'}
[5.356228] (curvature_srvcli) StdoutLine: {'line': b'byte-compiling /home/yangshengxu/Desktop/InSituNeedle_Manipulation_FBG_FEM_ROS2/install/curvature_srvcli/lib/python3.8/site-packages/curvature_srvcli/__init__.py to __init__.cpython-38.pyc\n'}
[5.356289] (curvature_srvcli) StdoutLine: {'line': b'byte-compiling /home/yangshengxu/Desktop/InSituNeedle_Manipulation_FBG_FEM_ROS2/install/curvature_srvcli/lib/python3.8/site-packages/curvature_srvcli/publisher.py to publisher.cpython-38.pyc\n'}
[5.356419] (curvature_srvcli) StdoutLine: {'line': b'byte-compiling /home/yangshengxu/Desktop/InSituNeedle_Manipulation_FBG_FEM_ROS2/install/curvature_srvcli/lib/python3.8/site-packages/curvature_srvcli/server.py to server.cpython-38.pyc\n'}
[5.356556] (curvature_srvcli) StdoutLine: {'line': b'byte-compiling /home/yangshengxu/Desktop/InSituNeedle_Manipulation_FBG_FEM_ROS2/install/curvature_srvcli/lib/python3.8/site-packages/curvature_srvcli/FBG.py to FBG.cpython-38.pyc\n'}
[5.357037] (curvature_srvcli) StdoutLine: {'line': b'running install_data\n'}
[5.357300] (curvature_srvcli) StdoutLine: {'line': b'creating /home/yangshengxu/Desktop/InSituNeedle_Manipulation_FBG_FEM_ROS2/install/curvature_srvcli/share/ament_index\n'}
[5.357368] (curvature_srvcli) StdoutLine: {'line': b'creating /home/yangshengxu/Desktop/InSituNeedle_Manipulation_FBG_FEM_ROS2/install/curvature_srvcli/share/ament_index/resource_index\n'}
[5.357446] (curvature_srvcli) StdoutLine: {'line': b'creating /home/yangshengxu/Desktop/InSituNeedle_Manipulation_FBG_FEM_ROS2/install/curvature_srvcli/share/ament_index/resource_index/packages\n'}
[5.357501] (curvature_srvcli) StdoutLine: {'line': b'copying resource/curvature_srvcli -> /home/yangshengxu/Desktop/InSituNeedle_Manipulation_FBG_FEM_ROS2/install/curvature_srvcli/share/ament_index/resource_index/packages\n'}
[5.357552] (curvature_srvcli) StdoutLine: {'line': b'copying package.xml -> /home/yangshengxu/Desktop/InSituNeedle_Manipulation_FBG_FEM_ROS2/install/curvature_srvcli/share/curvature_srvcli\n'}
[5.357617] (curvature_srvcli) StdoutLine: {'line': b'copying launch/sm130_launch.xml -> /home/yangshengxu/Desktop/InSituNeedle_Manipulation_FBG_FEM_ROS2/install/curvature_srvcli/share/curvature_srvcli\n'}
[5.357777] (curvature_srvcli) StdoutLine: {'line': b'running install_egg_info\n'}
[5.358837] (curvature_srvcli) StdoutLine: {'line': b'Copying ../../build/curvature_srvcli/curvature_srvcli.egg-info to /home/yangshengxu/Desktop/InSituNeedle_Manipulation_FBG_FEM_ROS2/install/curvature_srvcli/lib/python3.8/site-packages/curvature_srvcli-0.0.0-py3.8.egg-info\n'}
[5.359259] (curvature_srvcli) StdoutLine: {'line': b'running install_scripts\n'}
[5.371427] (curvature_srvcli) StdoutLine: {'line': b'Installing client script to /home/yangshengxu/Desktop/InSituNeedle_Manipulation_FBG_FEM_ROS2/install/curvature_srvcli/lib/curvature_srvcli\n'}
[5.371557] (curvature_srvcli) StdoutLine: {'line': b'Installing publisher script to /home/yangshengxu/Desktop/InSituNeedle_Manipulation_FBG_FEM_ROS2/install/curvature_srvcli/lib/curvature_srvcli\n'}
[5.371609] (curvature_srvcli) StdoutLine: {'line': b'Installing server script to /home/yangshengxu/Desktop/InSituNeedle_Manipulation_FBG_FEM_ROS2/install/curvature_srvcli/lib/curvature_srvcli\n'}
[5.371693] (curvature_srvcli) StdoutLine: {'line': b"writing list of installed files to '/home/yangshengxu/Desktop/InSituNeedle_Manipulation_FBG_FEM_ROS2/build/curvature_srvcli/install.log'\n"}
[5.386391] (curvature_srvcli) CommandEnded: {'returncode': 0}
[5.391831] (curvature_srvcli) JobEnded: {'identifier': 'curvature_srvcli', 'rc': 0}
[5.392402] (-) EventReactorShutdown: {}
