[0.000000] (-) TimerEvent: {}
[0.000140] (fbg_msgs) JobQueued: {'identifier': 'fbg_msgs', 'dependencies': OrderedDict()}
[0.001976] (needle_shape) JobQueued: {'identifier': 'needle_shape', 'dependencies': OrderedDict()}
[0.002018] (sm130_interrogator) JobQueued: {'identifier': 'sm130_interrogator', 'dependencies': OrderedDict()}
[0.002066] (curvature_srvcli) JobQueued: {'identifier': 'curvature_srvcli', 'dependencies': OrderedDict([('fbg_msgs', '/home/jkang/InSituNeedle_Manipulation_FBG_FEM_ROS2/install/fbg_msgs'), ('sm130_interrogator', '/home/jkang/InSituNeedle_Manipulation_FBG_FEM_ROS2/install/sm130_interrogator')])}
[0.002104] (fbg_msgs) JobStarted: {'identifier': 'fbg_msgs'}
[0.022354] (sm130_interrogator) JobStarted: {'identifier': 'sm130_interrogator'}
[0.041686] (needle_shape) JobStarted: {'identifier': 'needle_shape'}
[0.057406] (fbg_msgs) JobProgress: {'identifier': 'fbg_msgs', 'progress': 'cmake'}
[0.057971] (fbg_msgs) Command: {'cmd': ['/usr/bin/cmake', '/home/jkang/InSituNeedle_Manipulation_FBG_FEM_ROS2/src/fbg_msgs', '-DCMAKE_INSTALL_PREFIX=/home/jkang/InSituNeedle_Manipulation_FBG_FEM_ROS2/install/fbg_msgs'], 'cwd': '/home/jkang/InSituNeedle_Manipulation_FBG_FEM_ROS2/build/fbg_msgs', 'env': OrderedDict([('LESSOPEN', '| /usr/bin/lesspipe %s'), ('USER', 'jkang'), ('SSH_AGENT_PID', '1797'), ('XDG_SESSION_TYPE', 'x11'), ('SHLVL', '1'), ('LD_LIBRARY_PATH', '/opt/ros/galactic/opt/yaml_cpp_vendor/lib:/opt/ros/galactic/opt/rviz_ogre_vendor/lib:/opt/ros/galactic/lib/x86_64-linux-gnu:/opt/ros/galactic/lib'), ('HOME', '/home/jkang'), ('OLDPWD', '/home/jkang'), ('DESKTOP_SESSION', 'ubuntu'), ('ROS_PYTHON_VERSION', '3'), ('GNOME_SHELL_SESSION_MODE', 'ubuntu'), ('GTK_MODULES', 'gail:atk-bridge'), ('MANAGERPID', '1564'), ('DBUS_SESSION_BUS_ADDRESS', 'unix:path=/run/user/1000/bus'), ('COLORTERM', 'truecolor'), ('IM_CONFIG_PHASE', '1'), ('ROS_DISTRO', 'galactic'), ('LOGNAME', 'jkang'), ('JOURNAL_STREAM', '8:49614'), ('_', '/usr/bin/colcon'), ('ROS_VERSION', '2'), ('XDG_SESSION_CLASS', 'user'), ('USERNAME', 'jkang'), ('TERM', 'xterm-256color'), ('GNOME_DESKTOP_SESSION_ID', 'this-is-deprecated'), ('ROS_LOCALHOST_ONLY', '0'), ('WINDOWPATH', '2'), ('PATH', '/opt/ros/galactic/bin:/home/jkang/.local/bin:/usr/local/sbin:/usr/local/bin:/usr/sbin:/usr/bin:/sbin:/bin:/usr/games:/usr/local/games:/snap/bin'), ('SESSION_MANAGER', 'local/jkang-Legion-Y7000P-2019:@/tmp/.ICE-unix/1835,unix/jkang-Legion-Y7000P-2019:/tmp/.ICE-unix/1835'), ('INVOCATION_ID', '761d7821df4848c8b418fb4eb5b7a057'), ('XDG_MENU_PREFIX', 'gnome-'), ('GNOME_TERMINAL_SCREEN', '/org/gnome/Terminal/screen/58bd454e_f82e_445b_9a22_7d9dfc90ee9f'), ('XDG_RUNTIME_DIR', '/run/user/1000'), ('DISPLAY', ':1'), ('LANG', 'en_US.UTF-8'), ('XDG_CURRENT_DESKTOP', 'ubuntu:GNOME'), ('XMODIFIERS', '@im=ibus'), ('XDG_SESSION_DESKTOP', 'ubuntu'), ('XAUTHORITY', '/run/user/1000/gdm/Xauthority'), ('LS_COLORS', 'rs=0:di=01;34:ln=01;36:mh=00:pi=40;33:so=01;35:do=01;35:bd=40;33;01:cd=40;33;01:or=40;31;01:mi=00:su=37;41:sg=30;43:ca=30;41:tw=30;42:ow=34;42:st=37;44:ex=01;32:*.tar=01;31:*.tgz=01;31:*.arc=01;31:*.arj=01;31:*.taz=01;31:*.lha=01;31:*.lz4=01;31:*.lzh=01;31:*.lzma=01;31:*.tlz=01;31:*.txz=01;31:*.tzo=01;31:*.t7z=01;31:*.zip=01;31:*.z=01;31:*.dz=01;31:*.gz=01;31:*.lrz=01;31:*.lz=01;31:*.lzo=01;31:*.xz=01;31:*.zst=01;31:*.tzst=01;31:*.bz2=01;31:*.bz=01;31:*.tbz=01;31:*.tbz2=01;31:*.tz=01;31:*.deb=01;31:*.rpm=01;31:*.jar=01;31:*.war=01;31:*.ear=01;31:*.sar=01;31:*.rar=01;31:*.alz=01;31:*.ace=01;31:*.zoo=01;31:*.cpio=01;31:*.7z=01;31:*.rz=01;31:*.cab=01;31:*.wim=01;31:*.swm=01;31:*.dwm=01;31:*.esd=01;31:*.jpg=01;35:*.jpeg=01;35:*.mjpg=01;35:*.mjpeg=01;35:*.gif=01;35:*.bmp=01;35:*.pbm=01;35:*.pgm=01;35:*.ppm=01;35:*.tga=01;35:*.xbm=01;35:*.xpm=01;35:*.tif=01;35:*.tiff=01;35:*.png=01;35:*.svg=01;35:*.svgz=01;35:*.mng=01;35:*.pcx=01;35:*.mov=01;35:*.mpg=01;35:*.mpeg=01;35:*.m2v=01;35:*.mkv=01;35:*.webm=01;35:*.ogm=01;35:*.mp4=01;35:*.m4v=01;35:*.mp4v=01;35:*.vob=01;35:*.qt=01;35:*.nuv=01;35:*.wmv=01;35:*.asf=01;35:*.rm=01;35:*.rmvb=01;35:*.flc=01;35:*.avi=01;35:*.fli=01;35:*.flv=01;35:*.gl=01;35:*.dl=01;35:*.xcf=01;35:*.xwd=01;35:*.yuv=01;35:*.cgm=01;35:*.emf=01;35:*.ogv=01;35:*.ogx=01;35:*.aac=00;36:*.au=00;36:*.flac=00;36:*.m4a=00;36:*.mid=00;36:*.midi=00;36:*.mka=00;36:*.mp3=00;36:*.mpc=00;36:*.ogg=00;36:*.ra=00;36:*.wav=00;36:*.oga=00;36:*.opus=00;36:*.spx=00;36:*.xspf=00;36:'), ('GNOME_TERMINAL_SERVICE', ':1.638'), ('SSH_AUTH_SOCK', '/run/user/1000/keyring/ssh'), ('AMENT_PREFIX_PATH', '/opt/ros/galactic'), ('SHELL', '/bin/bash'), ('QT_ACCESSIBILITY', '1'), ('GDMSESSION', 'ubuntu'), ('LESSCLOSE', '/usr/bin/lesspipe %s %s'), ('GPG_AGENT_INFO', '/run/user/1000/gnupg/S.gpg-agent:0:1'), ('QT_IM_MODULE', 'ibus'), ('PWD', '/home/jkang/InSituNeedle_Manipulation_FBG_FEM_ROS2/build/fbg_msgs'), ('LC_ALL', 'en_US.UTF-8'), ('XDG_CONFIG_DIRS', '/etc/xdg/xdg-ubuntu:/etc/xdg'), ('XDG_DATA_DIRS', '/usr/share/ubuntu:/usr/local/share/:/usr/share/:/var/lib/snapd/desktop'), ('PYTHONPATH', '/opt/ros/galactic/lib/python3.8/site-packages'), ('COLCON', '1'), ('VTE_VERSION', '6003'), ('CMAKE_PREFIX_PATH', '/opt/ros/galactic')]), 'shell': False}
[0.099043] (-) TimerEvent: {}
[0.199539] (-) TimerEvent: {}
[0.299824] (-) TimerEvent: {}
[0.400116] (-) TimerEvent: {}
[0.504687] (-) TimerEvent: {}
[0.605083] (-) TimerEvent: {}
[0.705596] (-) TimerEvent: {}
[0.805894] (-) TimerEvent: {}
[0.906186] (-) TimerEvent: {}
[0.963151] (fbg_msgs) StdoutLine: {'line': b'-- The C compiler identification is GNU 9.4.0\n'}
[0.963998] (fbg_msgs) StdoutLine: {'line': b'-- The CXX compiler identification is GNU 9.4.0\n'}
[0.964431] (fbg_msgs) StdoutLine: {'line': b'-- Check for working C compiler: /usr/bin/cc\n'}
[0.964828] (fbg_msgs) StdoutLine: {'line': b'-- Check for working C compiler: /usr/bin/cc -- works\n'}
[0.965542] (fbg_msgs) StdoutLine: {'line': b'-- Detecting C compiler ABI info\n'}
[0.965722] (fbg_msgs) StdoutLine: {'line': b'-- Detecting C compiler ABI info - done\n'}
[0.966140] (fbg_msgs) StdoutLine: {'line': b'-- Detecting C compile features\n'}
[0.966533] (fbg_msgs) StdoutLine: {'line': b'-- Detecting C compile features - done\n'}
[0.966646] (fbg_msgs) StdoutLine: {'line': b'-- Check for working CXX compiler: /usr/bin/c++\n'}
[0.966815] (fbg_msgs) StdoutLine: {'line': b'-- Check for working CXX compiler: /usr/bin/c++ -- works\n'}
[0.967347] (fbg_msgs) StdoutLine: {'line': b'-- Detecting CXX compiler ABI info\n'}
[0.969063] (fbg_msgs) StdoutLine: {'line': b'-- Detecting CXX compiler ABI info - done\n'}
[0.969461] (fbg_msgs) StdoutLine: {'line': b'-- Detecting CXX compile features\n'}
[0.970050] (fbg_msgs) StdoutLine: {'line': b'-- Detecting CXX compile features - done\n'}
[0.970408] (fbg_msgs) StdoutLine: {'line': b'-- Found ament_cmake: 1.1.6 (/opt/ros/galactic/share/ament_cmake/cmake)\n'}
[0.971189] (fbg_msgs) StdoutLine: {'line': b'-- Found PythonInterp: /usr/bin/python3 (found suitable version "3.8.10", minimum required is "3") \n'}
[0.971458] (fbg_msgs) StdoutLine: {'line': b'-- Using PYTHON_EXECUTABLE: /usr/bin/python3\n'}
[0.971940] (fbg_msgs) StdoutLine: {'line': b'-- Found rclcpp: 9.2.2 (/opt/ros/galactic/share/rclcpp/cmake)\n'}
[0.972314] (fbg_msgs) StdoutLine: {'line': b'-- Using all available rosidl_typesupport_c: rosidl_typesupport_fastrtps_c;rosidl_typesupport_introspection_c\n'}
[0.972899] (fbg_msgs) StdoutLine: {'line': b'-- Found rosidl_adapter: 2.2.3 (/opt/ros/galactic/share/rosidl_adapter/cmake)\n'}
[0.973029] (fbg_msgs) StdoutLine: {'line': b'-- Found OpenSSL: /usr/lib/x86_64-linux-gnu/libcrypto.so (found version "1.1.1f")  \n'}
[0.975848] (fbg_msgs) StdoutLine: {'line': b'-- Found FastRTPS: /opt/ros/galactic/include  \n'}
[1.006319] (-) TimerEvent: {}
[1.080753] (fbg_msgs) StdoutLine: {'line': b'-- Using all available rosidl_typesupport_cpp: rosidl_typesupport_fastrtps_cpp;rosidl_typesupport_introspection_cpp\n'}
[1.106405] (-) TimerEvent: {}
[1.161089] (fbg_msgs) StdoutLine: {'line': b'-- Found rmw_implementation_cmake: 3.3.1 (/opt/ros/galactic/share/rmw_implementation_cmake/cmake)\n'}
[1.164352] (fbg_msgs) StdoutLine: {'line': b'-- Found rmw_cyclonedds_cpp: 0.22.6 (/opt/ros/galactic/share/rmw_cyclonedds_cpp/cmake)\n'}
[1.190696] (fbg_msgs) StdoutLine: {'line': b"-- Using RMW implementation 'rmw_cyclonedds_cpp' as default\n"}
[1.191866] (fbg_msgs) StdoutLine: {'line': b'-- Looking for pthread.h\n'}
[1.206517] (-) TimerEvent: {}
[1.284027] (fbg_msgs) StdoutLine: {'line': b'-- Looking for pthread.h - found\n'}
[1.284379] (fbg_msgs) StdoutLine: {'line': b'-- Performing Test CMAKE_HAVE_LIBC_PTHREAD\n'}
[1.306641] (-) TimerEvent: {}
[1.378020] (fbg_msgs) StdoutLine: {'line': b'-- Performing Test CMAKE_HAVE_LIBC_PTHREAD - Failed\n'}
[1.378289] (fbg_msgs) StdoutLine: {'line': b'-- Looking for pthread_create in pthreads\n'}
[1.406764] (-) TimerEvent: {}
[1.453139] (fbg_msgs) StdoutLine: {'line': b'-- Looking for pthread_create in pthreads - not found\n'}
[1.453502] (fbg_msgs) StdoutLine: {'line': b'-- Looking for pthread_create in pthread\n'}
[1.506889] (-) TimerEvent: {}
[1.543861] (fbg_msgs) StdoutLine: {'line': b'-- Looking for pthread_create in pthread - found\n'}
[1.545496] (fbg_msgs) StdoutLine: {'line': b'-- Found Threads: TRUE  \n'}
[1.606985] (-) TimerEvent: {}
[1.707337] (-) TimerEvent: {}
[1.753399] (fbg_msgs) StdoutLine: {'line': b'-- Found rosidl_default_generators: 1.1.1 (/opt/ros/galactic/share/rosidl_default_generators/cmake)\n'}
[1.787501] (sm130_interrogator) Command: {'cmd': ['/usr/bin/python3', 'setup.py', 'egg_info', '--egg-base', '../../build/sm130_interrogator', 'build', '--build-base', '/home/jkang/InSituNeedle_Manipulation_FBG_FEM_ROS2/build/sm130_interrogator/build', 'install', '--record', '/home/jkang/InSituNeedle_Manipulation_FBG_FEM_ROS2/build/sm130_interrogator/install.log', '--single-version-externally-managed'], 'cwd': '/home/jkang/InSituNeedle_Manipulation_FBG_FEM_ROS2/src/sm130_interrogator', 'env': {'LESSOPEN': '| /usr/bin/lesspipe %s', 'USER': 'jkang', 'SSH_AGENT_PID': '1797', 'XDG_SESSION_TYPE': 'x11', 'SHLVL': '1', 'LD_LIBRARY_PATH': '/opt/ros/galactic/opt/yaml_cpp_vendor/lib:/opt/ros/galactic/opt/rviz_ogre_vendor/lib:/opt/ros/galactic/lib/x86_64-linux-gnu:/opt/ros/galactic/lib', 'HOME': '/home/jkang', 'OLDPWD': '/home/jkang', 'DESKTOP_SESSION': 'ubuntu', 'ROS_PYTHON_VERSION': '3', 'GNOME_SHELL_SESSION_MODE': 'ubuntu', 'GTK_MODULES': 'gail:atk-bridge', 'MANAGERPID': '1564', 'DBUS_SESSION_BUS_ADDRESS': 'unix:path=/run/user/1000/bus', 'COLORTERM': 'truecolor', 'IM_CONFIG_PHASE': '1', 'ROS_DISTRO': 'galactic', 'LOGNAME': 'jkang', 'JOURNAL_STREAM': '8:49614', '_': '/usr/bin/colcon', 'ROS_VERSION': '2', 'XDG_SESSION_CLASS': 'user', 'USERNAME': 'jkang', 'TERM': 'xterm-256color', 'GNOME_DESKTOP_SESSION_ID': 'this-is-deprecated', 'ROS_LOCALHOST_ONLY': '0', 'WINDOWPATH': '2', 'PATH': '/opt/ros/galactic/bin:/home/jkang/.local/bin:/usr/local/sbin:/usr/local/bin:/usr/sbin:/usr/bin:/sbin:/bin:/usr/games:/usr/local/games:/snap/bin', 'SESSION_MANAGER': 'local/jkang-Legion-Y7000P-2019:@/tmp/.ICE-unix/1835,unix/jkang-Legion-Y7000P-2019:/tmp/.ICE-unix/1835', 'INVOCATION_ID': '761d7821df4848c8b418fb4eb5b7a057', 'XDG_MENU_PREFIX': 'gnome-', 'GNOME_TERMINAL_SCREEN': '/org/gnome/Terminal/screen/58bd454e_f82e_445b_9a22_7d9dfc90ee9f', 'XDG_RUNTIME_DIR': '/run/user/1000', 'DISPLAY': ':1', 'LANG': 'en_US.UTF-8', 'XDG_CURRENT_DESKTOP': 'ubuntu:GNOME', 'XMODIFIERS': '@im=ibus', 'XDG_SESSION_DESKTOP': 'ubuntu', 'XAUTHORITY': '/run/user/1000/gdm/Xauthority', 'LS_COLORS': 'rs=0:di=01;34:ln=01;36:mh=00:pi=40;33:so=01;35:do=01;35:bd=40;33;01:cd=40;33;01:or=40;31;01:mi=00:su=37;41:sg=30;43:ca=30;41:tw=30;42:ow=34;42:st=37;44:ex=01;32:*.tar=01;31:*.tgz=01;31:*.arc=01;31:*.arj=01;31:*.taz=01;31:*.lha=01;31:*.lz4=01;31:*.lzh=01;31:*.lzma=01;31:*.tlz=01;31:*.txz=01;31:*.tzo=01;31:*.t7z=01;31:*.zip=01;31:*.z=01;31:*.dz=01;31:*.gz=01;31:*.lrz=01;31:*.lz=01;31:*.lzo=01;31:*.xz=01;31:*.zst=01;31:*.tzst=01;31:*.bz2=01;31:*.bz=01;31:*.tbz=01;31:*.tbz2=01;31:*.tz=01;31:*.deb=01;31:*.rpm=01;31:*.jar=01;31:*.war=01;31:*.ear=01;31:*.sar=01;31:*.rar=01;31:*.alz=01;31:*.ace=01;31:*.zoo=01;31:*.cpio=01;31:*.7z=01;31:*.rz=01;31:*.cab=01;31:*.wim=01;31:*.swm=01;31:*.dwm=01;31:*.esd=01;31:*.jpg=01;35:*.jpeg=01;35:*.mjpg=01;35:*.mjpeg=01;35:*.gif=01;35:*.bmp=01;35:*.pbm=01;35:*.pgm=01;35:*.ppm=01;35:*.tga=01;35:*.xbm=01;35:*.xpm=01;35:*.tif=01;35:*.tiff=01;35:*.png=01;35:*.svg=01;35:*.svgz=01;35:*.mng=01;35:*.pcx=01;35:*.mov=01;35:*.mpg=01;35:*.mpeg=01;35:*.m2v=01;35:*.mkv=01;35:*.webm=01;35:*.ogm=01;35:*.mp4=01;35:*.m4v=01;35:*.mp4v=01;35:*.vob=01;35:*.qt=01;35:*.nuv=01;35:*.wmv=01;35:*.asf=01;35:*.rm=01;35:*.rmvb=01;35:*.flc=01;35:*.avi=01;35:*.fli=01;35:*.flv=01;35:*.gl=01;35:*.dl=01;35:*.xcf=01;35:*.xwd=01;35:*.yuv=01;35:*.cgm=01;35:*.emf=01;35:*.ogv=01;35:*.ogx=01;35:*.aac=00;36:*.au=00;36:*.flac=00;36:*.m4a=00;36:*.mid=00;36:*.midi=00;36:*.mka=00;36:*.mp3=00;36:*.mpc=00;36:*.ogg=00;36:*.ra=00;36:*.wav=00;36:*.oga=00;36:*.opus=00;36:*.spx=00;36:*.xspf=00;36:', 'GNOME_TERMINAL_SERVICE': ':1.638', 'SSH_AUTH_SOCK': '/run/user/1000/keyring/ssh', 'AMENT_PREFIX_PATH': '/opt/ros/galactic', 'SHELL': '/bin/bash', 'QT_ACCESSIBILITY': '1', 'GDMSESSION': 'ubuntu', 'LESSCLOSE': '/usr/bin/lesspipe %s %s', 'GPG_AGENT_INFO': '/run/user/1000/gnupg/S.gpg-agent:0:1', 'QT_IM_MODULE': 'ibus', 'PWD': '/home/jkang/InSituNeedle_Manipulation_FBG_FEM_ROS2/build/sm130_interrogator', 'LC_ALL': 'en_US.UTF-8', 'XDG_CONFIG_DIRS': '/etc/xdg/xdg-ubuntu:/etc/xdg', 'XDG_DATA_DIRS': '/usr/share/ubuntu:/usr/local/share/:/usr/share/:/var/lib/snapd/desktop', 'PYTHONPATH': '/home/jkang/InSituNeedle_Manipulation_FBG_FEM_ROS2/build/sm130_interrogator/prefix_override:/home/jkang/InSituNeedle_Manipulation_FBG_FEM_ROS2/install/sm130_interrogator/lib/python3.8/site-packages:/opt/ros/galactic/lib/python3.8/site-packages', 'COLCON': '1', 'VTE_VERSION': '6003'}, 'shell': False}
[1.798447] (fbg_msgs) StdoutLine: {'line': b'-- Found PythonInterp: /usr/bin/python3 (found version "3.8.10") \n'}
[1.804708] (needle_shape) Command: {'cmd': ['/usr/bin/python3', 'setup.py', 'egg_info', '--egg-base', '../../build/needle_shape', 'build', '--build-base', '/home/jkang/InSituNeedle_Manipulation_FBG_FEM_ROS2/build/needle_shape/build', 'install', '--record', '/home/jkang/InSituNeedle_Manipulation_FBG_FEM_ROS2/build/needle_shape/install.log', '--single-version-externally-managed'], 'cwd': '/home/jkang/InSituNeedle_Manipulation_FBG_FEM_ROS2/src/needle_shape', 'env': {'LESSOPEN': '| /usr/bin/lesspipe %s', 'USER': 'jkang', 'SSH_AGENT_PID': '1797', 'XDG_SESSION_TYPE': 'x11', 'SHLVL': '1', 'LD_LIBRARY_PATH': '/opt/ros/galactic/opt/yaml_cpp_vendor/lib:/opt/ros/galactic/opt/rviz_ogre_vendor/lib:/opt/ros/galactic/lib/x86_64-linux-gnu:/opt/ros/galactic/lib', 'HOME': '/home/jkang', 'OLDPWD': '/home/jkang', 'DESKTOP_SESSION': 'ubuntu', 'ROS_PYTHON_VERSION': '3', 'GNOME_SHELL_SESSION_MODE': 'ubuntu', 'GTK_MODULES': 'gail:atk-bridge', 'MANAGERPID': '1564', 'DBUS_SESSION_BUS_ADDRESS': 'unix:path=/run/user/1000/bus', 'COLORTERM': 'truecolor', 'IM_CONFIG_PHASE': '1', 'ROS_DISTRO': 'galactic', 'LOGNAME': 'jkang', 'JOURNAL_STREAM': '8:49614', '_': '/usr/bin/colcon', 'ROS_VERSION': '2', 'XDG_SESSION_CLASS': 'user', 'USERNAME': 'jkang', 'TERM': 'xterm-256color', 'GNOME_DESKTOP_SESSION_ID': 'this-is-deprecated', 'ROS_LOCALHOST_ONLY': '0', 'WINDOWPATH': '2', 'PATH': '/opt/ros/galactic/bin:/home/jkang/.local/bin:/usr/local/sbin:/usr/local/bin:/usr/sbin:/usr/bin:/sbin:/bin:/usr/games:/usr/local/games:/snap/bin', 'SESSION_MANAGER': 'local/jkang-Legion-Y7000P-2019:@/tmp/.ICE-unix/1835,unix/jkang-Legion-Y7000P-2019:/tmp/.ICE-unix/1835', 'INVOCATION_ID': '761d7821df4848c8b418fb4eb5b7a057', 'XDG_MENU_PREFIX': 'gnome-', 'GNOME_TERMINAL_SCREEN': '/org/gnome/Terminal/screen/58bd454e_f82e_445b_9a22_7d9dfc90ee9f', 'XDG_RUNTIME_DIR': '/run/user/1000', 'DISPLAY': ':1', 'LANG': 'en_US.UTF-8', 'XDG_CURRENT_DESKTOP': 'ubuntu:GNOME', 'XMODIFIERS': '@im=ibus', 'XDG_SESSION_DESKTOP': 'ubuntu', 'XAUTHORITY': '/run/user/1000/gdm/Xauthority', 'LS_COLORS': 'rs=0:di=01;34:ln=01;36:mh=00:pi=40;33:so=01;35:do=01;35:bd=40;33;01:cd=40;33;01:or=40;31;01:mi=00:su=37;41:sg=30;43:ca=30;41:tw=30;42:ow=34;42:st=37;44:ex=01;32:*.tar=01;31:*.tgz=01;31:*.arc=01;31:*.arj=01;31:*.taz=01;31:*.lha=01;31:*.lz4=01;31:*.lzh=01;31:*.lzma=01;31:*.tlz=01;31:*.txz=01;31:*.tzo=01;31:*.t7z=01;31:*.zip=01;31:*.z=01;31:*.dz=01;31:*.gz=01;31:*.lrz=01;31:*.lz=01;31:*.lzo=01;31:*.xz=01;31:*.zst=01;31:*.tzst=01;31:*.bz2=01;31:*.bz=01;31:*.tbz=01;31:*.tbz2=01;31:*.tz=01;31:*.deb=01;31:*.rpm=01;31:*.jar=01;31:*.war=01;31:*.ear=01;31:*.sar=01;31:*.rar=01;31:*.alz=01;31:*.ace=01;31:*.zoo=01;31:*.cpio=01;31:*.7z=01;31:*.rz=01;31:*.cab=01;31:*.wim=01;31:*.swm=01;31:*.dwm=01;31:*.esd=01;31:*.jpg=01;35:*.jpeg=01;35:*.mjpg=01;35:*.mjpeg=01;35:*.gif=01;35:*.bmp=01;35:*.pbm=01;35:*.pgm=01;35:*.ppm=01;35:*.tga=01;35:*.xbm=01;35:*.xpm=01;35:*.tif=01;35:*.tiff=01;35:*.png=01;35:*.svg=01;35:*.svgz=01;35:*.mng=01;35:*.pcx=01;35:*.mov=01;35:*.mpg=01;35:*.mpeg=01;35:*.m2v=01;35:*.mkv=01;35:*.webm=01;35:*.ogm=01;35:*.mp4=01;35:*.m4v=01;35:*.mp4v=01;35:*.vob=01;35:*.qt=01;35:*.nuv=01;35:*.wmv=01;35:*.asf=01;35:*.rm=01;35:*.rmvb=01;35:*.flc=01;35:*.avi=01;35:*.fli=01;35:*.flv=01;35:*.gl=01;35:*.dl=01;35:*.xcf=01;35:*.xwd=01;35:*.yuv=01;35:*.cgm=01;35:*.emf=01;35:*.ogv=01;35:*.ogx=01;35:*.aac=00;36:*.au=00;36:*.flac=00;36:*.m4a=00;36:*.mid=00;36:*.midi=00;36:*.mka=00;36:*.mp3=00;36:*.mpc=00;36:*.ogg=00;36:*.ra=00;36:*.wav=00;36:*.oga=00;36:*.opus=00;36:*.spx=00;36:*.xspf=00;36:', 'GNOME_TERMINAL_SERVICE': ':1.638', 'SSH_AUTH_SOCK': '/run/user/1000/keyring/ssh', 'AMENT_PREFIX_PATH': '/opt/ros/galactic', 'SHELL': '/bin/bash', 'QT_ACCESSIBILITY': '1', 'GDMSESSION': 'ubuntu', 'LESSCLOSE': '/usr/bin/lesspipe %s %s', 'GPG_AGENT_INFO': '/run/user/1000/gnupg/S.gpg-agent:0:1', 'QT_IM_MODULE': 'ibus', 'PWD': '/home/jkang/InSituNeedle_Manipulation_FBG_FEM_ROS2/build/needle_shape', 'LC_ALL': 'en_US.UTF-8', 'XDG_CONFIG_DIRS': '/etc/xdg/xdg-ubuntu:/etc/xdg', 'XDG_DATA_DIRS': '/usr/share/ubuntu:/usr/local/share/:/usr/share/:/var/lib/snapd/desktop', 'PYTHONPATH': '/home/jkang/InSituNeedle_Manipulation_FBG_FEM_ROS2/build/needle_shape/prefix_override:/home/jkang/InSituNeedle_Manipulation_FBG_FEM_ROS2/install/needle_shape/lib/python3.8/site-packages:/opt/ros/galactic/lib/python3.8/site-packages', 'COLCON': '1', 'VTE_VERSION': '6003'}, 'shell': False}
[1.807879] (-) TimerEvent: {}
[1.908218] (-) TimerEvent: {}
[1.972164] (fbg_msgs) StdoutLine: {'line': b'-- Found ament_cmake_ros: 0.9.2 (/opt/ros/galactic/share/ament_cmake_ros/cmake)\n'}
[2.008320] (-) TimerEvent: {}
[2.108665] (fbg_msgs) StdoutLine: {'line': b'-- Using all available rosidl_typesupport_c: rosidl_typesupport_fastrtps_c;rosidl_typesupport_introspection_c\n'}
[2.108958] (-) TimerEvent: {}
[2.118749] (fbg_msgs) StdoutLine: {'line': b'-- Using all available rosidl_typesupport_cpp: rosidl_typesupport_fastrtps_cpp;rosidl_typesupport_introspection_cpp\n'}
[2.149988] (fbg_msgs) StdoutLine: {'line': b'-- Found PythonInterp: /usr/bin/python3 (found suitable version "3.8.10", minimum required is "3.5") \n'}
[2.151659] (fbg_msgs) StdoutLine: {'line': b'-- Found python_cmake_module: 0.8.1 (/opt/ros/galactic/share/python_cmake_module/cmake)\n'}
[2.186507] (fbg_msgs) StdoutLine: {'line': b'-- Found PythonLibs: /usr/lib/x86_64-linux-gnu/libpython3.8.so (found suitable version "3.8.10", minimum required is "3.5") \n'}
[2.186902] (fbg_msgs) StdoutLine: {'line': b'-- Using PYTHON_EXECUTABLE: /usr/bin/python3\n'}
[2.187130] (fbg_msgs) StdoutLine: {'line': b'-- Using PYTHON_INCLUDE_DIRS: /usr/include/python3.8\n'}
[2.187334] (fbg_msgs) StdoutLine: {'line': b'-- Using PYTHON_LIBRARIES: /usr/lib/x86_64-linux-gnu/libpython3.8.so\n'}
[2.209075] (-) TimerEvent: {}
[2.215429] (fbg_msgs) StdoutLine: {'line': b'-- Found PythonExtra: .so  \n'}
[2.241863] (sm130_interrogator) StdoutLine: {'line': b'running egg_info\n'}
[2.242698] (sm130_interrogator) StdoutLine: {'line': b'creating ../../build/sm130_interrogator/sm130_interrogator.egg-info\n'}
[2.260469] (sm130_interrogator) StdoutLine: {'line': b'writing ../../build/sm130_interrogator/sm130_interrogator.egg-info/PKG-INFO\n'}
[2.260789] (sm130_interrogator) StdoutLine: {'line': b'writing dependency_links to ../../build/sm130_interrogator/sm130_interrogator.egg-info/dependency_links.txt\n'}
[2.261051] (sm130_interrogator) StdoutLine: {'line': b'writing entry points to ../../build/sm130_interrogator/sm130_interrogator.egg-info/entry_points.txt\n'}
[2.261294] (sm130_interrogator) StdoutLine: {'line': b'writing requirements to ../../build/sm130_interrogator/sm130_interrogator.egg-info/requires.txt\n'}
[2.261427] (sm130_interrogator) StdoutLine: {'line': b'writing top-level names to ../../build/sm130_interrogator/sm130_interrogator.egg-info/top_level.txt\n'}
[2.262565] (sm130_interrogator) StdoutLine: {'line': b"writing manifest file '../../build/sm130_interrogator/sm130_interrogator.egg-info/SOURCES.txt'\n"}
[2.266567] (needle_shape) StdoutLine: {'line': b'running egg_info\n'}
[2.267420] (needle_shape) StdoutLine: {'line': b'creating ../../build/needle_shape/needle_shape.egg-info\n'}
[2.285566] (needle_shape) StdoutLine: {'line': b'writing ../../build/needle_shape/needle_shape.egg-info/PKG-INFO\n'}
[2.285906] (needle_shape) StdoutLine: {'line': b'writing dependency_links to ../../build/needle_shape/needle_shape.egg-info/dependency_links.txt\n'}
[2.286188] (needle_shape) StdoutLine: {'line': b'writing entry points to ../../build/needle_shape/needle_shape.egg-info/entry_points.txt\n'}
[2.286372] (needle_shape) StdoutLine: {'line': b'writing requirements to ../../build/needle_shape/needle_shape.egg-info/requires.txt\n'}
[2.286570] (needle_shape) StdoutLine: {'line': b'writing top-level names to ../../build/needle_shape/needle_shape.egg-info/top_level.txt\n'}
[2.287669] (needle_shape) StdoutLine: {'line': b"writing manifest file '../../build/needle_shape/needle_shape.egg-info/SOURCES.txt'\n"}
[2.299336] (sm130_interrogator) StdoutLine: {'line': b"reading manifest file '../../build/sm130_interrogator/sm130_interrogator.egg-info/SOURCES.txt'\n"}
[2.300376] (sm130_interrogator) StdoutLine: {'line': b"writing manifest file '../../build/sm130_interrogator/sm130_interrogator.egg-info/SOURCES.txt'\n"}
[2.300612] (sm130_interrogator) StdoutLine: {'line': b'running build\n'}
[2.300890] (sm130_interrogator) StdoutLine: {'line': b'running build_py\n'}
[2.301129] (sm130_interrogator) StdoutLine: {'line': b'creating /home/jkang/InSituNeedle_Manipulation_FBG_FEM_ROS2/build/sm130_interrogator/build\n'}
[2.301327] (sm130_interrogator) StdoutLine: {'line': b'creating /home/jkang/InSituNeedle_Manipulation_FBG_FEM_ROS2/build/sm130_interrogator/build/lib\n'}
[2.301501] (sm130_interrogator) StdoutLine: {'line': b'creating /home/jkang/InSituNeedle_Manipulation_FBG_FEM_ROS2/build/sm130_interrogator/build/lib/sm130_interrogator\n'}
[2.301676] (sm130_interrogator) StdoutLine: {'line': b'copying sm130_interrogator/talker.py -> /home/jkang/InSituNeedle_Manipulation_FBG_FEM_ROS2/build/sm130_interrogator/build/lib/sm130_interrogator\n'}
[2.301903] (sm130_interrogator) StdoutLine: {'line': b'copying sm130_interrogator/sm130_read.py -> /home/jkang/InSituNeedle_Manipulation_FBG_FEM_ROS2/build/sm130_interrogator/build/lib/sm130_interrogator\n'}
[2.302095] (sm130_interrogator) StdoutLine: {'line': b'copying sm130_interrogator/listener.py -> /home/jkang/InSituNeedle_Manipulation_FBG_FEM_ROS2/build/sm130_interrogator/build/lib/sm130_interrogator\n'}
[2.302249] (sm130_interrogator) StdoutLine: {'line': b'copying sm130_interrogator/__init__.py -> /home/jkang/InSituNeedle_Manipulation_FBG_FEM_ROS2/build/sm130_interrogator/build/lib/sm130_interrogator\n'}
[2.302396] (sm130_interrogator) StdoutLine: {'line': b'copying sm130_interrogator/sm130_member_function.py -> /home/jkang/InSituNeedle_Manipulation_FBG_FEM_ROS2/build/sm130_interrogator/build/lib/sm130_interrogator\n'}
[2.302545] (sm130_interrogator) StdoutLine: {'line': b'running install\n'}
[2.302794] (sm130_interrogator) StderrLine: {'line': b'/home/jkang/.local/lib/python3.8/site-packages/setuptools/command/install.py:34: SetuptoolsDeprecationWarning: setup.py install is deprecated. Use build and pip and other standards-based tools.\n'}
[2.302981] (sm130_interrogator) StderrLine: {'line': b'  warnings.warn(\n'}
[2.308950] (sm130_interrogator) StdoutLine: {'line': b'running install_lib\n'}
[2.309137] (-) TimerEvent: {}
[2.324987] (needle_shape) StdoutLine: {'line': b"reading manifest file '../../build/needle_shape/needle_shape.egg-info/SOURCES.txt'\n"}
[2.326011] (needle_shape) StdoutLine: {'line': b"writing manifest file '../../build/needle_shape/needle_shape.egg-info/SOURCES.txt'\n"}
[2.326246] (needle_shape) StdoutLine: {'line': b'running build\n'}
[2.326528] (needle_shape) StdoutLine: {'line': b'running build_py\n'}
[2.326768] (needle_shape) StdoutLine: {'line': b'creating /home/jkang/InSituNeedle_Manipulation_FBG_FEM_ROS2/build/needle_shape/build\n'}
[2.326968] (needle_shape) StdoutLine: {'line': b'creating /home/jkang/InSituNeedle_Manipulation_FBG_FEM_ROS2/build/needle_shape/build/lib\n'}
[2.327220] (needle_shape) StdoutLine: {'line': b'creating /home/jkang/InSituNeedle_Manipulation_FBG_FEM_ROS2/build/needle_shape/build/lib/needle_shape\n'}
[2.327582] (needle_shape) StdoutLine: {'line': b'copying needle_shape/sensor_data_member_function.py -> /home/jkang/InSituNeedle_Manipulation_FBG_FEM_ROS2/build/needle_shape/build/lib/needle_shape\n'}
[2.327782] (needle_shape) StdoutLine: {'line': b'copying needle_shape/needle_shape_member_function.py -> /home/jkang/InSituNeedle_Manipulation_FBG_FEM_ROS2/build/needle_shape/build/lib/needle_shape\n'}
[2.327983] (needle_shape) StdoutLine: {'line': b'copying needle_shape/sensor_data_viewer.py -> /home/jkang/InSituNeedle_Manipulation_FBG_FEM_ROS2/build/needle_shape/build/lib/needle_shape\n'}
[2.328200] (sm130_interrogator) StdoutLine: {'line': b'creating /home/jkang/InSituNeedle_Manipulation_FBG_FEM_ROS2/install/sm130_interrogator/lib/python3.8/site-packages/sm130_interrogator\n'}
[2.328294] (sm130_interrogator) StdoutLine: {'line': b'copying /home/jkang/InSituNeedle_Manipulation_FBG_FEM_ROS2/build/sm130_interrogator/build/lib/sm130_interrogator/talker.py -> /home/jkang/InSituNeedle_Manipulation_FBG_FEM_ROS2/install/sm130_interrogator/lib/python3.8/site-packages/sm130_interrogator\n'}
[2.328387] (needle_shape) StdoutLine: {'line': b'copying needle_shape/__init__.py -> /home/jkang/InSituNeedle_Manipulation_FBG_FEM_ROS2/build/needle_shape/build/lib/needle_shape\n'}
[2.328556] (needle_shape) StdoutLine: {'line': b'copying needle_shape/needle_shape_viewer.py -> /home/jkang/InSituNeedle_Manipulation_FBG_FEM_ROS2/build/needle_shape/build/lib/needle_shape\n'}
[2.328750] (sm130_interrogator) StdoutLine: {'line': b'copying /home/jkang/InSituNeedle_Manipulation_FBG_FEM_ROS2/build/sm130_interrogator/build/lib/sm130_interrogator/sm130_read.py -> /home/jkang/InSituNeedle_Manipulation_FBG_FEM_ROS2/install/sm130_interrogator/lib/python3.8/site-packages/sm130_interrogator\n'}
[2.328949] (sm130_interrogator) StdoutLine: {'line': b'copying /home/jkang/InSituNeedle_Manipulation_FBG_FEM_ROS2/build/sm130_interrogator/build/lib/sm130_interrogator/listener.py -> /home/jkang/InSituNeedle_Manipulation_FBG_FEM_ROS2/install/sm130_interrogator/lib/python3.8/site-packages/sm130_interrogator\n'}
[2.329095] (sm130_interrogator) StdoutLine: {'line': b'copying /home/jkang/InSituNeedle_Manipulation_FBG_FEM_ROS2/build/sm130_interrogator/build/lib/sm130_interrogator/__init__.py -> /home/jkang/InSituNeedle_Manipulation_FBG_FEM_ROS2/install/sm130_interrogator/lib/python3.8/site-packages/sm130_interrogator\n'}
[2.329245] (needle_shape) StdoutLine: {'line': b'running install\n'}
[2.329386] (sm130_interrogator) StdoutLine: {'line': b'copying /home/jkang/InSituNeedle_Manipulation_FBG_FEM_ROS2/build/sm130_interrogator/build/lib/sm130_interrogator/sm130_member_function.py -> /home/jkang/InSituNeedle_Manipulation_FBG_FEM_ROS2/install/sm130_interrogator/lib/python3.8/site-packages/sm130_interrogator\n'}
[2.329537] (needle_shape) StderrLine: {'line': b'/home/jkang/.local/lib/python3.8/site-packages/setuptools/command/install.py:34: SetuptoolsDeprecationWarning: setup.py install is deprecated. Use build and pip and other standards-based tools.\n'}
[2.329689] (needle_shape) StderrLine: {'line': b'  warnings.warn(\n'}
[2.329827] (sm130_interrogator) StdoutLine: {'line': b'byte-compiling /home/jkang/InSituNeedle_Manipulation_FBG_FEM_ROS2/install/sm130_interrogator/lib/python3.8/site-packages/sm130_interrogator/talker.py to talker.cpython-38.pyc\n'}
[2.329974] (sm130_interrogator) StdoutLine: {'line': b'byte-compiling /home/jkang/InSituNeedle_Manipulation_FBG_FEM_ROS2/install/sm130_interrogator/lib/python3.8/site-packages/sm130_interrogator/sm130_read.py to sm130_read.cpython-38.pyc\n'}
[2.330538] (sm130_interrogator) StdoutLine: {'line': b'byte-compiling /home/jkang/InSituNeedle_Manipulation_FBG_FEM_ROS2/install/sm130_interrogator/lib/python3.8/site-packages/sm130_interrogator/listener.py to listener.cpython-38.pyc\n'}
[2.330861] (sm130_interrogator) StdoutLine: {'line': b'byte-compiling /home/jkang/InSituNeedle_Manipulation_FBG_FEM_ROS2/install/sm130_interrogator/lib/python3.8/site-packages/sm130_interrogator/__init__.py to __init__.cpython-38.pyc\n'}
[2.331090] (sm130_interrogator) StdoutLine: {'line': b'byte-compiling /home/jkang/InSituNeedle_Manipulation_FBG_FEM_ROS2/install/sm130_interrogator/lib/python3.8/site-packages/sm130_interrogator/sm130_member_function.py to sm130_member_function.cpython-38.pyc\n'}
[2.331743] (sm130_interrogator) StdoutLine: {'line': b'running install_data\n'}
[2.334732] (needle_shape) StdoutLine: {'line': b'running install_lib\n'}
[2.349892] (sm130_interrogator) StdoutLine: {'line': b'creating /home/jkang/InSituNeedle_Manipulation_FBG_FEM_ROS2/install/sm130_interrogator/share/ament_index\n'}
[2.350220] (sm130_interrogator) StdoutLine: {'line': b'creating /home/jkang/InSituNeedle_Manipulation_FBG_FEM_ROS2/install/sm130_interrogator/share/ament_index/resource_index\n'}
[2.350487] (sm130_interrogator) StdoutLine: {'line': b'creating /home/jkang/InSituNeedle_Manipulation_FBG_FEM_ROS2/install/sm130_interrogator/share/ament_index/resource_index/packages\n'}
[2.350704] (sm130_interrogator) StdoutLine: {'line': b'copying resource/sm130_interrogator -> /home/jkang/InSituNeedle_Manipulation_FBG_FEM_ROS2/install/sm130_interrogator/share/ament_index/resource_index/packages\n'}
[2.350875] (sm130_interrogator) StdoutLine: {'line': b'copying package.xml -> /home/jkang/InSituNeedle_Manipulation_FBG_FEM_ROS2/install/sm130_interrogator/share/sm130_interrogator\n'}
[2.351041] (sm130_interrogator) StdoutLine: {'line': b'running install_egg_info\n'}
[2.353391] (needle_shape) StdoutLine: {'line': b'creating /home/jkang/InSituNeedle_Manipulation_FBG_FEM_ROS2/install/needle_shape/lib/python3.8/site-packages/needle_shape\n'}
[2.353666] (needle_shape) StdoutLine: {'line': b'copying /home/jkang/InSituNeedle_Manipulation_FBG_FEM_ROS2/build/needle_shape/build/lib/needle_shape/sensor_data_member_function.py -> /home/jkang/InSituNeedle_Manipulation_FBG_FEM_ROS2/install/needle_shape/lib/python3.8/site-packages/needle_shape\n'}
[2.353849] (needle_shape) StdoutLine: {'line': b'copying /home/jkang/InSituNeedle_Manipulation_FBG_FEM_ROS2/build/needle_shape/build/lib/needle_shape/needle_shape_member_function.py -> /home/jkang/InSituNeedle_Manipulation_FBG_FEM_ROS2/install/needle_shape/lib/python3.8/site-packages/needle_shape\n'}
[2.354076] (needle_shape) StdoutLine: {'line': b'copying /home/jkang/InSituNeedle_Manipulation_FBG_FEM_ROS2/build/needle_shape/build/lib/needle_shape/sensor_data_viewer.py -> /home/jkang/InSituNeedle_Manipulation_FBG_FEM_ROS2/install/needle_shape/lib/python3.8/site-packages/needle_shape\n'}
[2.354293] (needle_shape) StdoutLine: {'line': b'copying /home/jkang/InSituNeedle_Manipulation_FBG_FEM_ROS2/build/needle_shape/build/lib/needle_shape/__init__.py -> /home/jkang/InSituNeedle_Manipulation_FBG_FEM_ROS2/install/needle_shape/lib/python3.8/site-packages/needle_shape\n'}
[2.354461] (needle_shape) StdoutLine: {'line': b'copying /home/jkang/InSituNeedle_Manipulation_FBG_FEM_ROS2/build/needle_shape/build/lib/needle_shape/needle_shape_viewer.py -> /home/jkang/InSituNeedle_Manipulation_FBG_FEM_ROS2/install/needle_shape/lib/python3.8/site-packages/needle_shape\n'}
[2.354723] (needle_shape) StdoutLine: {'line': b'byte-compiling /home/jkang/InSituNeedle_Manipulation_FBG_FEM_ROS2/install/needle_shape/lib/python3.8/site-packages/needle_shape/sensor_data_member_function.py to sensor_data_member_function.cpython-38.pyc\n'}
[2.356287] (needle_shape) StdoutLine: {'line': b'byte-compiling /home/jkang/InSituNeedle_Manipulation_FBG_FEM_ROS2/install/needle_shape/lib/python3.8/site-packages/needle_shape/needle_shape_member_function.py to needle_shape_member_function.cpython-38.pyc\n'}
[2.357610] (needle_shape) StdoutLine: {'line': b'byte-compiling /home/jkang/InSituNeedle_Manipulation_FBG_FEM_ROS2/install/needle_shape/lib/python3.8/site-packages/needle_shape/sensor_data_viewer.py to sensor_data_viewer.cpython-38.pyc\n'}
[2.357945] (needle_shape) StdoutLine: {'line': b'byte-compiling /home/jkang/InSituNeedle_Manipulation_FBG_FEM_ROS2/install/needle_shape/lib/python3.8/site-packages/needle_shape/__init__.py to __init__.cpython-38.pyc\n'}
[2.358189] (needle_shape) StdoutLine: {'line': b'byte-compiling /home/jkang/InSituNeedle_Manipulation_FBG_FEM_ROS2/install/needle_shape/lib/python3.8/site-packages/needle_shape/needle_shape_viewer.py to needle_shape_viewer.cpython-38.pyc\n'}
[2.358478] (needle_shape) StdoutLine: {'line': b'running install_data\n'}
[2.371739] (sm130_interrogator) StdoutLine: {'line': b'Copying ../../build/sm130_interrogator/sm130_interrogator.egg-info to /home/jkang/InSituNeedle_Manipulation_FBG_FEM_ROS2/install/sm130_interrogator/lib/python3.8/site-packages/sm130_interrogator-0.0.0-py3.8.egg-info\n'}
[2.372910] (sm130_interrogator) StdoutLine: {'line': b'running install_scripts\n'}
[2.376977] (needle_shape) StdoutLine: {'line': b'creating /home/jkang/InSituNeedle_Manipulation_FBG_FEM_ROS2/install/needle_shape/share/ament_index\n'}
[2.377253] (needle_shape) StdoutLine: {'line': b'creating /home/jkang/InSituNeedle_Manipulation_FBG_FEM_ROS2/install/needle_shape/share/ament_index/resource_index\n'}
[2.377470] (needle_shape) StdoutLine: {'line': b'creating /home/jkang/InSituNeedle_Manipulation_FBG_FEM_ROS2/install/needle_shape/share/ament_index/resource_index/packages\n'}
[2.377686] (needle_shape) StdoutLine: {'line': b'copying resource/needle_shape -> /home/jkang/InSituNeedle_Manipulation_FBG_FEM_ROS2/install/needle_shape/share/ament_index/resource_index/packages\n'}
[2.377858] (needle_shape) StdoutLine: {'line': b'copying package.xml -> /home/jkang/InSituNeedle_Manipulation_FBG_FEM_ROS2/install/needle_shape/share/needle_shape\n'}
[2.378024] (needle_shape) StdoutLine: {'line': b'running install_egg_info\n'}
[2.396876] (needle_shape) StdoutLine: {'line': b'Copying ../../build/needle_shape/needle_shape.egg-info to /home/jkang/InSituNeedle_Manipulation_FBG_FEM_ROS2/install/needle_shape/lib/python3.8/site-packages/needle_shape-0.0.0-py3.8.egg-info\n'}
[2.397955] (needle_shape) StdoutLine: {'line': b'running install_scripts\n'}
[2.409230] (-) TimerEvent: {}
[2.455177] (sm130_interrogator) StdoutLine: {'line': b'Installing listener script to /home/jkang/InSituNeedle_Manipulation_FBG_FEM_ROS2/install/sm130_interrogator/lib/sm130_interrogator\n'}
[2.455480] (sm130_interrogator) StdoutLine: {'line': b'Installing talker script to /home/jkang/InSituNeedle_Manipulation_FBG_FEM_ROS2/install/sm130_interrogator/lib/sm130_interrogator\n'}
[2.455981] (sm130_interrogator) StdoutLine: {'line': b"writing list of installed files to '/home/jkang/InSituNeedle_Manipulation_FBG_FEM_ROS2/build/sm130_interrogator/install.log'\n"}
[2.481279] (needle_shape) StdoutLine: {'line': b'Installing needle_shape_viewer script to /home/jkang/InSituNeedle_Manipulation_FBG_FEM_ROS2/install/needle_shape/lib/needle_shape\n'}
[2.481573] (needle_shape) StdoutLine: {'line': b'Installing sensor_data_viewer script to /home/jkang/InSituNeedle_Manipulation_FBG_FEM_ROS2/install/needle_shape/lib/needle_shape\n'}
[2.481887] (needle_shape) StdoutLine: {'line': b"writing list of installed files to '/home/jkang/InSituNeedle_Manipulation_FBG_FEM_ROS2/build/needle_shape/install.log'\n"}
[2.495943] (sm130_interrogator) CommandEnded: {'returncode': 0}
[2.512807] (-) TimerEvent: {}
[2.524673] (sm130_interrogator) JobEnded: {'identifier': 'sm130_interrogator', 'rc': 0}
[2.532006] (needle_shape) CommandEnded: {'returncode': 0}
[2.546967] (needle_shape) JobEnded: {'identifier': 'needle_shape', 'rc': 0}
[2.596349] (fbg_msgs) StdoutLine: {'line': b'-- Found ament_lint_auto: 0.10.7 (/opt/ros/galactic/share/ament_lint_auto/cmake)\n'}
[2.612920] (-) TimerEvent: {}
[2.621196] (fbg_msgs) StdoutLine: {'line': b"-- Added test 'copyright' to check source files copyright and LICENSE\n"}
[2.623854] (fbg_msgs) StdoutLine: {'line': b"-- Added test 'lint_cmake' to check CMake code style\n"}
[2.625892] (fbg_msgs) StdoutLine: {'line': b"-- Added test 'xmllint' to check XML markup files\n"}
[2.633938] (fbg_msgs) StdoutLine: {'line': b'-- Configuring done\n'}
[2.684174] (fbg_msgs) StdoutLine: {'line': b'-- Generating done\n'}
[2.688041] (fbg_msgs) StdoutLine: {'line': b'-- Build files have been written to: /home/jkang/InSituNeedle_Manipulation_FBG_FEM_ROS2/build/fbg_msgs\n'}
[2.698039] (fbg_msgs) CommandEnded: {'returncode': 0}
[2.698824] (fbg_msgs) JobProgress: {'identifier': 'fbg_msgs', 'progress': 'build'}
[2.701463] (fbg_msgs) Command: {'cmd': ['/usr/bin/cmake', '--build', '/home/jkang/InSituNeedle_Manipulation_FBG_FEM_ROS2/build/fbg_msgs', '--', '-j12', '-l12'], 'cwd': '/home/jkang/InSituNeedle_Manipulation_FBG_FEM_ROS2/build/fbg_msgs', 'env': OrderedDict([('LESSOPEN', '| /usr/bin/lesspipe %s'), ('USER', 'jkang'), ('SSH_AGENT_PID', '1797'), ('XDG_SESSION_TYPE', 'x11'), ('SHLVL', '1'), ('LD_LIBRARY_PATH', '/opt/ros/galactic/opt/yaml_cpp_vendor/lib:/opt/ros/galactic/opt/rviz_ogre_vendor/lib:/opt/ros/galactic/lib/x86_64-linux-gnu:/opt/ros/galactic/lib'), ('HOME', '/home/jkang'), ('OLDPWD', '/home/jkang'), ('DESKTOP_SESSION', 'ubuntu'), ('ROS_PYTHON_VERSION', '3'), ('GNOME_SHELL_SESSION_MODE', 'ubuntu'), ('GTK_MODULES', 'gail:atk-bridge'), ('MANAGERPID', '1564'), ('DBUS_SESSION_BUS_ADDRESS', 'unix:path=/run/user/1000/bus'), ('COLORTERM', 'truecolor'), ('IM_CONFIG_PHASE', '1'), ('ROS_DISTRO', 'galactic'), ('LOGNAME', 'jkang'), ('JOURNAL_STREAM', '8:49614'), ('_', '/usr/bin/colcon'), ('ROS_VERSION', '2'), ('XDG_SESSION_CLASS', 'user'), ('USERNAME', 'jkang'), ('TERM', 'xterm-256color'), ('GNOME_DESKTOP_SESSION_ID', 'this-is-deprecated'), ('ROS_LOCALHOST_ONLY', '0'), ('WINDOWPATH', '2'), ('PATH', '/opt/ros/galactic/bin:/home/jkang/.local/bin:/usr/local/sbin:/usr/local/bin:/usr/sbin:/usr/bin:/sbin:/bin:/usr/games:/usr/local/games:/snap/bin'), ('SESSION_MANAGER', 'local/jkang-Legion-Y7000P-2019:@/tmp/.ICE-unix/1835,unix/jkang-Legion-Y7000P-2019:/tmp/.ICE-unix/1835'), ('INVOCATION_ID', '761d7821df4848c8b418fb4eb5b7a057'), ('XDG_MENU_PREFIX', 'gnome-'), ('GNOME_TERMINAL_SCREEN', '/org/gnome/Terminal/screen/58bd454e_f82e_445b_9a22_7d9dfc90ee9f'), ('XDG_RUNTIME_DIR', '/run/user/1000'), ('DISPLAY', ':1'), ('LANG', 'en_US.UTF-8'), ('XDG_CURRENT_DESKTOP', 'ubuntu:GNOME'), ('XMODIFIERS', '@im=ibus'), ('XDG_SESSION_DESKTOP', 'ubuntu'), ('XAUTHORITY', '/run/user/1000/gdm/Xauthority'), ('LS_COLORS', 'rs=0:di=01;34:ln=01;36:mh=00:pi=40;33:so=01;35:do=01;35:bd=40;33;01:cd=40;33;01:or=40;31;01:mi=00:su=37;41:sg=30;43:ca=30;41:tw=30;42:ow=34;42:st=37;44:ex=01;32:*.tar=01;31:*.tgz=01;31:*.arc=01;31:*.arj=01;31:*.taz=01;31:*.lha=01;31:*.lz4=01;31:*.lzh=01;31:*.lzma=01;31:*.tlz=01;31:*.txz=01;31:*.tzo=01;31:*.t7z=01;31:*.zip=01;31:*.z=01;31:*.dz=01;31:*.gz=01;31:*.lrz=01;31:*.lz=01;31:*.lzo=01;31:*.xz=01;31:*.zst=01;31:*.tzst=01;31:*.bz2=01;31:*.bz=01;31:*.tbz=01;31:*.tbz2=01;31:*.tz=01;31:*.deb=01;31:*.rpm=01;31:*.jar=01;31:*.war=01;31:*.ear=01;31:*.sar=01;31:*.rar=01;31:*.alz=01;31:*.ace=01;31:*.zoo=01;31:*.cpio=01;31:*.7z=01;31:*.rz=01;31:*.cab=01;31:*.wim=01;31:*.swm=01;31:*.dwm=01;31:*.esd=01;31:*.jpg=01;35:*.jpeg=01;35:*.mjpg=01;35:*.mjpeg=01;35:*.gif=01;35:*.bmp=01;35:*.pbm=01;35:*.pgm=01;35:*.ppm=01;35:*.tga=01;35:*.xbm=01;35:*.xpm=01;35:*.tif=01;35:*.tiff=01;35:*.png=01;35:*.svg=01;35:*.svgz=01;35:*.mng=01;35:*.pcx=01;35:*.mov=01;35:*.mpg=01;35:*.mpeg=01;35:*.m2v=01;35:*.mkv=01;35:*.webm=01;35:*.ogm=01;35:*.mp4=01;35:*.m4v=01;35:*.mp4v=01;35:*.vob=01;35:*.qt=01;35:*.nuv=01;35:*.wmv=01;35:*.asf=01;35:*.rm=01;35:*.rmvb=01;35:*.flc=01;35:*.avi=01;35:*.fli=01;35:*.flv=01;35:*.gl=01;35:*.dl=01;35:*.xcf=01;35:*.xwd=01;35:*.yuv=01;35:*.cgm=01;35:*.emf=01;35:*.ogv=01;35:*.ogx=01;35:*.aac=00;36:*.au=00;36:*.flac=00;36:*.m4a=00;36:*.mid=00;36:*.midi=00;36:*.mka=00;36:*.mp3=00;36:*.mpc=00;36:*.ogg=00;36:*.ra=00;36:*.wav=00;36:*.oga=00;36:*.opus=00;36:*.spx=00;36:*.xspf=00;36:'), ('GNOME_TERMINAL_SERVICE', ':1.638'), ('SSH_AUTH_SOCK', '/run/user/1000/keyring/ssh'), ('AMENT_PREFIX_PATH', '/opt/ros/galactic'), ('SHELL', '/bin/bash'), ('QT_ACCESSIBILITY', '1'), ('GDMSESSION', 'ubuntu'), ('LESSCLOSE', '/usr/bin/lesspipe %s %s'), ('GPG_AGENT_INFO', '/run/user/1000/gnupg/S.gpg-agent:0:1'), ('QT_IM_MODULE', 'ibus'), ('PWD', '/home/jkang/InSituNeedle_Manipulation_FBG_FEM_ROS2/build/fbg_msgs'), ('LC_ALL', 'en_US.UTF-8'), ('XDG_CONFIG_DIRS', '/etc/xdg/xdg-ubuntu:/etc/xdg'), ('XDG_DATA_DIRS', '/usr/share/ubuntu:/usr/local/share/:/usr/share/:/var/lib/snapd/desktop'), ('PYTHONPATH', '/opt/ros/galactic/lib/python3.8/site-packages'), ('COLCON', '1'), ('VTE_VERSION', '6003'), ('CMAKE_PREFIX_PATH', '/opt/ros/galactic')]), 'shell': False}
[2.713051] (-) TimerEvent: {}
[2.755012] (fbg_msgs) StdoutLine: {'line': b'[  1%] \x1b[34m\x1b[1mGenerating C code for ROS interfaces\x1b[0m\n'}
[2.755337] (fbg_msgs) StdoutLine: {'line': b'\x1b[35m\x1b[1mScanning dependencies of target fbg_msgs__cpp\x1b[0m\n'}
[2.768782] (fbg_msgs) StdoutLine: {'line': b'[  3%] \x1b[34m\x1b[1mGenerating C++ code for ROS interfaces\x1b[0m\n'}
[2.813177] (-) TimerEvent: {}
[2.913452] (-) TimerEvent: {}
[3.013733] (-) TimerEvent: {}
[3.114001] (-) TimerEvent: {}
[3.214252] (-) TimerEvent: {}
[3.231890] (fbg_msgs) StdoutLine: {'line': b'[  3%] Built target fbg_msgs__cpp\n'}
[3.251465] (fbg_msgs) StdoutLine: {'line': b'[  5%] \x1b[34m\x1b[1mGenerating C++ type support for eProsima Fast-RTPS\x1b[0m\n'}
[3.252241] (fbg_msgs) StdoutLine: {'line': b'[  7%] \x1b[34m\x1b[1mGenerating C++ type support dispatch for ROS interfaces\x1b[0m\n'}
[3.252519] (fbg_msgs) StdoutLine: {'line': b'[  9%] \x1b[34m\x1b[1mGenerating C++ introspection for ROS interfaces\x1b[0m\n'}
[3.263491] (fbg_msgs) StdoutLine: {'line': b'\x1b[35m\x1b[1mScanning dependencies of target fbg_msgs__rosidl_generator_c\x1b[0m\n'}
[3.279673] (fbg_msgs) StdoutLine: {'line': b'[ 10%] \x1b[32mBuilding C object CMakeFiles/fbg_msgs__rosidl_generator_c.dir/rosidl_generator_c/fbg_msgs/msg/detail/fbg_reading__functions.c.o\x1b[0m\n'}
[3.280040] (fbg_msgs) StdoutLine: {'line': b'[ 12%] \x1b[32mBuilding C object CMakeFiles/fbg_msgs__rosidl_generator_c.dir/rosidl_generator_c/fbg_msgs/msg/detail/curvature__functions.c.o\x1b[0m\n'}
[3.280237] (fbg_msgs) StdoutLine: {'line': b'[ 14%] \x1b[32mBuilding C object CMakeFiles/fbg_msgs__rosidl_generator_c.dir/rosidl_generator_c/fbg_msgs/srv/detail/cal_curvature__functions.c.o\x1b[0m\n'}
[3.284331] (fbg_msgs) StdoutLine: {'line': b'[ 16%] \x1b[32mBuilding C object CMakeFiles/fbg_msgs__rosidl_generator_c.dir/rosidl_generator_c/fbg_msgs/msg/detail/needle_shape__functions.c.o\x1b[0m\n'}
[3.314359] (-) TimerEvent: {}
[3.367352] (fbg_msgs) StdoutLine: {'line': b'[ 18%] \x1b[32m\x1b[1mLinking C shared library libfbg_msgs__rosidl_generator_c.so\x1b[0m\n'}
[3.412823] (fbg_msgs) StdoutLine: {'line': b'[ 18%] Built target fbg_msgs__rosidl_generator_c\n'}
[3.414440] (-) TimerEvent: {}
[3.426105] (fbg_msgs) StdoutLine: {'line': b'[ 21%] \x1b[34m\x1b[1mGenerating C introspection for ROS interfaces\x1b[0m\n'}
[3.426366] (fbg_msgs) StdoutLine: {'line': b'[ 21%] \x1b[34m\x1b[1mGenerating C type support dispatch for ROS interfaces\x1b[0m\n'}
[3.514549] (-) TimerEvent: {}
[3.592264] (fbg_msgs) StdoutLine: {'line': b'\x1b[35m\x1b[1mScanning dependencies of target fbg_msgs__rosidl_typesupport_cpp\x1b[0m\n'}
[3.609390] (fbg_msgs) StdoutLine: {'line': b'[ 23%] \x1b[32mBuilding CXX object CMakeFiles/fbg_msgs__rosidl_typesupport_cpp.dir/rosidl_typesupport_cpp/fbg_msgs/msg/needle_shape__type_support.cpp.o\x1b[0m\n'}
[3.609800] (fbg_msgs) StdoutLine: {'line': b'[ 25%] \x1b[32mBuilding CXX object CMakeFiles/fbg_msgs__rosidl_typesupport_cpp.dir/rosidl_typesupport_cpp/fbg_msgs/srv/cal_curvature__type_support.cpp.o\x1b[0m\n'}
[3.612543] (fbg_msgs) StdoutLine: {'line': b'[ 27%] \x1b[32mBuilding CXX object CMakeFiles/fbg_msgs__rosidl_typesupport_cpp.dir/rosidl_typesupport_cpp/fbg_msgs/msg/fbg_reading__type_support.cpp.o\x1b[0m\n'}
[3.612926] (fbg_msgs) StdoutLine: {'line': b'[ 29%] \x1b[32mBuilding CXX object CMakeFiles/fbg_msgs__rosidl_typesupport_cpp.dir/rosidl_typesupport_cpp/fbg_msgs/msg/curvature__type_support.cpp.o\x1b[0m\n'}
[3.614641] (-) TimerEvent: {}
[3.676193] (fbg_msgs) StdoutLine: {'line': b'\x1b[35m\x1b[1mScanning dependencies of target fbg_msgs__rosidl_typesupport_introspection_cpp\x1b[0m\n'}
[3.701978] (fbg_msgs) StdoutLine: {'line': b'[ 36%] \x1b[32mBuilding CXX object CMakeFiles/fbg_msgs__rosidl_typesupport_introspection_cpp.dir/rosidl_typesupport_introspection_cpp/fbg_msgs/srv/detail/cal_curvature__type_support.cpp.o\x1b[0m\n'}
[3.702260] (fbg_msgs) StdoutLine: {'line': b'[ 36%] \x1b[32mBuilding CXX object CMakeFiles/fbg_msgs__rosidl_typesupport_introspection_cpp.dir/rosidl_typesupport_introspection_cpp/fbg_msgs/msg/detail/fbg_reading__type_support.cpp.o\x1b[0m\n'}
[3.702438] (fbg_msgs) StdoutLine: {'line': b'[ 36%] \x1b[32mBuilding CXX object CMakeFiles/fbg_msgs__rosidl_typesupport_introspection_cpp.dir/rosidl_typesupport_introspection_cpp/fbg_msgs/msg/detail/curvature__type_support.cpp.o\x1b[0m\n'}
[3.702596] (fbg_msgs) StdoutLine: {'line': b'[ 36%] \x1b[32mBuilding CXX object CMakeFiles/fbg_msgs__rosidl_typesupport_introspection_cpp.dir/rosidl_typesupport_introspection_cpp/fbg_msgs/msg/detail/needle_shape__type_support.cpp.o\x1b[0m\n'}
[3.714746] (-) TimerEvent: {}
[3.815187] (-) TimerEvent: {}
[3.818122] (fbg_msgs) StdoutLine: {'line': b'\x1b[35m\x1b[1mScanning dependencies of target fbg_msgs__rosidl_typesupport_fastrtps_cpp\x1b[0m\n'}
[3.824073] (fbg_msgs) StdoutLine: {'line': b'\x1b[35m\x1b[1mScanning dependencies of target fbg_msgs__rosidl_typesupport_c\x1b[0m\n'}
[3.848567] (fbg_msgs) StdoutLine: {'line': b'[ 38%] \x1b[32mBuilding CXX object CMakeFiles/fbg_msgs__rosidl_typesupport_c.dir/rosidl_typesupport_c/fbg_msgs/msg/fbg_reading__type_support.cpp.o\x1b[0m\n'}
[3.849075] (fbg_msgs) StdoutLine: {'line': b'[ 40%] \x1b[32mBuilding CXX object CMakeFiles/fbg_msgs__rosidl_typesupport_fastrtps_cpp.dir/rosidl_typesupport_fastrtps_cpp/fbg_msgs/msg/detail/dds_fastrtps/fbg_reading__type_support.cpp.o\x1b[0m\n'}
[3.849304] (fbg_msgs) StdoutLine: {'line': b'[ 41%] \x1b[32mBuilding CXX object CMakeFiles/fbg_msgs__rosidl_typesupport_c.dir/rosidl_typesupport_c/fbg_msgs/msg/curvature__type_support.cpp.o\x1b[0m\n'}
[3.909547] (fbg_msgs) StdoutLine: {'line': b'[ 43%] \x1b[32mBuilding CXX object CMakeFiles/fbg_msgs__rosidl_typesupport_c.dir/rosidl_typesupport_c/fbg_msgs/msg/needle_shape__type_support.cpp.o\x1b[0m\n'}
[3.915304] (-) TimerEvent: {}
[3.919901] (fbg_msgs) StdoutLine: {'line': b'[ 45%] \x1b[32mBuilding CXX object CMakeFiles/fbg_msgs__rosidl_typesupport_c.dir/rosidl_typesupport_c/fbg_msgs/srv/cal_curvature__type_support.cpp.o\x1b[0m\n'}
[3.985870] (fbg_msgs) StdoutLine: {'line': b'[ 47%] \x1b[32mBuilding CXX object CMakeFiles/fbg_msgs__rosidl_typesupport_fastrtps_cpp.dir/rosidl_typesupport_fastrtps_cpp/fbg_msgs/msg/detail/dds_fastrtps/curvature__type_support.cpp.o\x1b[0m\n'}
[3.986606] (fbg_msgs) StdoutLine: {'line': b'[ 49%] \x1b[32m\x1b[1mLinking CXX shared library libfbg_msgs__rosidl_typesupport_c.so\x1b[0m\n'}
[4.015413] (-) TimerEvent: {}
[4.066566] (fbg_msgs) StdoutLine: {'line': b'[ 49%] Built target fbg_msgs__rosidl_typesupport_c\n'}
[4.066947] (fbg_msgs) StdoutLine: {'line': b'\x1b[35m\x1b[1mScanning dependencies of target fbg_msgs__rosidl_typesupport_introspection_c\x1b[0m\n'}
[4.085327] (fbg_msgs) StdoutLine: {'line': b'[ 50%] \x1b[32mBuilding CXX object CMakeFiles/fbg_msgs__rosidl_typesupport_fastrtps_cpp.dir/rosidl_typesupport_fastrtps_cpp/fbg_msgs/msg/detail/dds_fastrtps/needle_shape__type_support.cpp.o\x1b[0m\n'}
[4.100150] (fbg_msgs) StdoutLine: {'line': b'[ 52%] \x1b[32mBuilding C object CMakeFiles/fbg_msgs__rosidl_typesupport_introspection_c.dir/rosidl_typesupport_introspection_c/fbg_msgs/msg/detail/fbg_reading__type_support.c.o\x1b[0m\n'}
[4.115528] (-) TimerEvent: {}
[4.169104] (fbg_msgs) StdoutLine: {'line': b'[ 54%] \x1b[32mBuilding C object CMakeFiles/fbg_msgs__rosidl_typesupport_introspection_c.dir/rosidl_typesupport_introspection_c/fbg_msgs/msg/detail/curvature__type_support.c.o\x1b[0m\n'}
[4.181261] (fbg_msgs) StdoutLine: {'line': b'[ 56%] \x1b[32mBuilding C object CMakeFiles/fbg_msgs__rosidl_typesupport_introspection_c.dir/rosidl_typesupport_introspection_c/fbg_msgs/msg/detail/needle_shape__type_support.c.o\x1b[0m\n'}
[4.206866] (fbg_msgs) StdoutLine: {'line': b'[ 58%] \x1b[32mBuilding CXX object CMakeFiles/fbg_msgs__rosidl_typesupport_fastrtps_cpp.dir/rosidl_typesupport_fastrtps_cpp/fbg_msgs/srv/detail/dds_fastrtps/cal_curvature__type_support.cpp.o\x1b[0m\n'}
[4.215650] (-) TimerEvent: {}
[4.217864] (fbg_msgs) StdoutLine: {'line': b'[ 60%] \x1b[32mBuilding C object CMakeFiles/fbg_msgs__rosidl_typesupport_introspection_c.dir/rosidl_typesupport_introspection_c/fbg_msgs/srv/detail/cal_curvature__type_support.c.o\x1b[0m\n'}
[4.238733] (fbg_msgs) StdoutLine: {'line': b'[ 61%] \x1b[32m\x1b[1mLinking CXX shared library libfbg_msgs__rosidl_typesupport_cpp.so\x1b[0m\n'}
[4.290579] (fbg_msgs) StdoutLine: {'line': b'[ 63%] \x1b[32m\x1b[1mLinking C shared library libfbg_msgs__rosidl_typesupport_introspection_c.so\x1b[0m\n'}
[4.295069] (fbg_msgs) StdoutLine: {'line': b'[ 63%] Built target fbg_msgs__rosidl_typesupport_cpp\n'}
[4.315767] (-) TimerEvent: {}
[4.336678] (fbg_msgs) StdoutLine: {'line': b'[ 63%] Built target fbg_msgs__rosidl_typesupport_introspection_c\n'}
[4.382892] (fbg_msgs) StdoutLine: {'line': b'[ 65%] \x1b[32m\x1b[1mLinking CXX shared library libfbg_msgs__rosidl_typesupport_introspection_cpp.so\x1b[0m\n'}
[4.415895] (-) TimerEvent: {}
[4.479756] (fbg_msgs) StdoutLine: {'line': b'[ 65%] Built target fbg_msgs__rosidl_typesupport_introspection_cpp\n'}
[4.516026] (-) TimerEvent: {}
[4.616334] (-) TimerEvent: {}
[4.716645] (-) TimerEvent: {}
[4.809840] (fbg_msgs) StdoutLine: {'line': b'[ 67%] \x1b[32m\x1b[1mLinking CXX shared library libfbg_msgs__rosidl_typesupport_fastrtps_cpp.so\x1b[0m\n'}
[4.816747] (-) TimerEvent: {}
[4.916921] (fbg_msgs) StdoutLine: {'line': b'[ 67%] Built target fbg_msgs__rosidl_typesupport_fastrtps_cpp\n'}
[4.917112] (-) TimerEvent: {}
[4.929668] (fbg_msgs) StdoutLine: {'line': b'[ 69%] \x1b[34m\x1b[1mGenerating C type support for eProsima Fast-RTPS\x1b[0m\n'}
[5.017246] (-) TimerEvent: {}
[5.117521] (-) TimerEvent: {}
[5.217799] (-) TimerEvent: {}
[5.318086] (-) TimerEvent: {}
[5.346201] (fbg_msgs) StdoutLine: {'line': b'\x1b[35m\x1b[1mScanning dependencies of target fbg_msgs__rosidl_typesupport_fastrtps_c\x1b[0m\n'}
[5.370320] (fbg_msgs) StdoutLine: {'line': b'[ 72%] \x1b[32mBuilding CXX object CMakeFiles/fbg_msgs__rosidl_typesupport_fastrtps_c.dir/rosidl_typesupport_fastrtps_c/fbg_msgs/msg/detail/curvature__type_support_c.cpp.o\x1b[0m\n'}
[5.370521] (fbg_msgs) StdoutLine: {'line': b'[ 74%] \x1b[32mBuilding CXX object CMakeFiles/fbg_msgs__rosidl_typesupport_fastrtps_c.dir/rosidl_typesupport_fastrtps_c/fbg_msgs/msg/detail/needle_shape__type_support_c.cpp.o\x1b[0m\n'}
[5.370624] (fbg_msgs) StdoutLine: {'line': b'[ 72%] \x1b[32mBuilding CXX object CMakeFiles/fbg_msgs__rosidl_typesupport_fastrtps_c.dir/rosidl_typesupport_fastrtps_c/fbg_msgs/msg/detail/fbg_reading__type_support_c.cpp.o\x1b[0m\n'}
[5.371163] (fbg_msgs) StdoutLine: {'line': b'[ 76%] \x1b[32mBuilding CXX object CMakeFiles/fbg_msgs__rosidl_typesupport_fastrtps_c.dir/rosidl_typesupport_fastrtps_c/fbg_msgs/srv/detail/cal_curvature__type_support_c.cpp.o\x1b[0m\n'}
[5.418220] (-) TimerEvent: {}
[5.518527] (-) TimerEvent: {}
[5.618891] (-) TimerEvent: {}
[5.719277] (-) TimerEvent: {}
[5.819569] (-) TimerEvent: {}
[5.823696] (fbg_msgs) StdoutLine: {'line': b'[ 78%] \x1b[32m\x1b[1mLinking CXX shared library libfbg_msgs__rosidl_typesupport_fastrtps_c.so\x1b[0m\n'}
[5.919704] (-) TimerEvent: {}
[5.928534] (fbg_msgs) StdoutLine: {'line': b'[ 78%] Built target fbg_msgs__rosidl_typesupport_fastrtps_c\n'}
[5.940950] (fbg_msgs) StdoutLine: {'line': b'\x1b[35m\x1b[1mScanning dependencies of target fbg_msgs\x1b[0m\n'}
[5.954029] (fbg_msgs) StdoutLine: {'line': b'[ 78%] Built target fbg_msgs\n'}
[5.966676] (fbg_msgs) StdoutLine: {'line': b'\x1b[35m\x1b[1mScanning dependencies of target fbg_msgs__py\x1b[0m\n'}
[5.979822] (fbg_msgs) StdoutLine: {'line': b'[ 80%] \x1b[34m\x1b[1mGenerating Python code for ROS interfaces\x1b[0m\n'}
[6.019821] (-) TimerEvent: {}
[6.120108] (-) TimerEvent: {}
[6.220376] (-) TimerEvent: {}
[6.320782] (-) TimerEvent: {}
[6.421067] (-) TimerEvent: {}
[6.521323] (-) TimerEvent: {}
[6.621572] (-) TimerEvent: {}
[6.721819] (-) TimerEvent: {}
[6.822082] (-) TimerEvent: {}
[6.828280] (fbg_msgs) StdoutLine: {'line': b'[ 80%] Built target fbg_msgs__py\n'}
[6.841010] (fbg_msgs) StdoutLine: {'line': b'\x1b[35m\x1b[1mScanning dependencies of target fbg_msgs__python\x1b[0m\n'}
[6.873164] (fbg_msgs) StdoutLine: {'line': b'[ 83%] \x1b[32mBuilding C object CMakeFiles/fbg_msgs__python.dir/rosidl_generator_py/fbg_msgs/msg/_fbg_reading_s.c.o\x1b[0m\n'}
[6.873369] (fbg_msgs) StdoutLine: {'line': b'[ 83%] \x1b[32mBuilding C object CMakeFiles/fbg_msgs__python.dir/rosidl_generator_py/fbg_msgs/msg/_curvature_s.c.o\x1b[0m\n'}
[6.873472] (fbg_msgs) StdoutLine: {'line': b'[ 85%] \x1b[32mBuilding C object CMakeFiles/fbg_msgs__python.dir/rosidl_generator_py/fbg_msgs/msg/_needle_shape_s.c.o\x1b[0m\n'}
[6.873728] (fbg_msgs) StdoutLine: {'line': b'[ 87%] \x1b[32mBuilding C object CMakeFiles/fbg_msgs__python.dir/rosidl_generator_py/fbg_msgs/srv/_cal_curvature_s.c.o\x1b[0m\n'}
[6.922238] (-) TimerEvent: {}
[7.022034] (fbg_msgs) StdoutLine: {'line': b'[ 89%] \x1b[32m\x1b[1mLinking C shared library rosidl_generator_py/fbg_msgs/libfbg_msgs__python.so\x1b[0m\n'}
[7.022231] (-) TimerEvent: {}
[7.073576] (fbg_msgs) StdoutLine: {'line': b'[ 89%] Built target fbg_msgs__python\n'}
[7.086401] (fbg_msgs) StdoutLine: {'line': b'\x1b[35m\x1b[1mScanning dependencies of target fbg_msgs__rosidl_typesupport_introspection_c__pyext\x1b[0m\n'}
[7.086590] (fbg_msgs) StdoutLine: {'line': b'\x1b[35m\x1b[1mScanning dependencies of target fbg_msgs__rosidl_typesupport_c__pyext\x1b[0m\n'}
[7.086685] (fbg_msgs) StdoutLine: {'line': b'\x1b[35m\x1b[1mScanning dependencies of target fbg_msgs__rosidl_typesupport_fastrtps_c__pyext\x1b[0m\n'}
[7.109323] (fbg_msgs) StdoutLine: {'line': b'[ 92%] \x1b[32mBuilding C object CMakeFiles/fbg_msgs__rosidl_typesupport_c__pyext.dir/rosidl_generator_py/fbg_msgs/_fbg_msgs_s.ep.rosidl_typesupport_c.c.o\x1b[0m\n'}
[7.109581] (fbg_msgs) StdoutLine: {'line': b'[ 92%] \x1b[32mBuilding C object CMakeFiles/fbg_msgs__rosidl_typesupport_introspection_c__pyext.dir/rosidl_generator_py/fbg_msgs/_fbg_msgs_s.ep.rosidl_typesupport_introspection_c.c.o\x1b[0m\n'}
[7.109686] (fbg_msgs) StdoutLine: {'line': b'[ 94%] \x1b[32mBuilding C object CMakeFiles/fbg_msgs__rosidl_typesupport_fastrtps_c__pyext.dir/rosidl_generator_py/fbg_msgs/_fbg_msgs_s.ep.rosidl_typesupport_fastrtps_c.c.o\x1b[0m\n'}
[7.122351] (-) TimerEvent: {}
[7.222689] (-) TimerEvent: {}
[7.226861] (fbg_msgs) StdoutLine: {'line': b'[ 98%] \x1b[32m\x1b[1mLinking C shared library rosidl_generator_py/fbg_msgs/fbg_msgs_s__rosidl_typesupport_introspection_c.cpython-38-x86_64-linux-gnu.so\x1b[0m\n'}
[7.227127] (fbg_msgs) StdoutLine: {'line': b'[ 98%] \x1b[32m\x1b[1mLinking C shared library rosidl_generator_py/fbg_msgs/fbg_msgs_s__rosidl_typesupport_c.cpython-38-x86_64-linux-gnu.so\x1b[0m\n'}
[7.227973] (fbg_msgs) StdoutLine: {'line': b'[100%] \x1b[32m\x1b[1mLinking CXX shared library rosidl_generator_py/fbg_msgs/fbg_msgs_s__rosidl_typesupport_fastrtps_c.cpython-38-x86_64-linux-gnu.so\x1b[0m\n'}
[7.272197] (fbg_msgs) StdoutLine: {'line': b'[100%] Built target fbg_msgs__rosidl_typesupport_introspection_c__pyext\n'}
[7.272399] (fbg_msgs) StdoutLine: {'line': b'[100%] Built target fbg_msgs__rosidl_typesupport_c__pyext\n'}
[7.310284] (fbg_msgs) StdoutLine: {'line': b'[100%] Built target fbg_msgs__rosidl_typesupport_fastrtps_c__pyext\n'}
[7.322801] (-) TimerEvent: {}
[7.325011] (fbg_msgs) CommandEnded: {'returncode': 0}
[7.422966] (-) TimerEvent: {}
[7.435923] (fbg_msgs) JobProgress: {'identifier': 'fbg_msgs', 'progress': 'install'}
[7.451791] (fbg_msgs) Command: {'cmd': ['/usr/bin/cmake', '--install', '/home/jkang/InSituNeedle_Manipulation_FBG_FEM_ROS2/build/fbg_msgs'], 'cwd': '/home/jkang/InSituNeedle_Manipulation_FBG_FEM_ROS2/build/fbg_msgs', 'env': OrderedDict([('LESSOPEN', '| /usr/bin/lesspipe %s'), ('USER', 'jkang'), ('SSH_AGENT_PID', '1797'), ('XDG_SESSION_TYPE', 'x11'), ('SHLVL', '1'), ('LD_LIBRARY_PATH', '/opt/ros/galactic/opt/yaml_cpp_vendor/lib:/opt/ros/galactic/opt/rviz_ogre_vendor/lib:/opt/ros/galactic/lib/x86_64-linux-gnu:/opt/ros/galactic/lib'), ('HOME', '/home/jkang'), ('OLDPWD', '/home/jkang'), ('DESKTOP_SESSION', 'ubuntu'), ('ROS_PYTHON_VERSION', '3'), ('GNOME_SHELL_SESSION_MODE', 'ubuntu'), ('GTK_MODULES', 'gail:atk-bridge'), ('MANAGERPID', '1564'), ('DBUS_SESSION_BUS_ADDRESS', 'unix:path=/run/user/1000/bus'), ('COLORTERM', 'truecolor'), ('IM_CONFIG_PHASE', '1'), ('ROS_DISTRO', 'galactic'), ('LOGNAME', 'jkang'), ('JOURNAL_STREAM', '8:49614'), ('_', '/usr/bin/colcon'), ('ROS_VERSION', '2'), ('XDG_SESSION_CLASS', 'user'), ('USERNAME', 'jkang'), ('TERM', 'xterm-256color'), ('GNOME_DESKTOP_SESSION_ID', 'this-is-deprecated'), ('ROS_LOCALHOST_ONLY', '0'), ('WINDOWPATH', '2'), ('PATH', '/opt/ros/galactic/bin:/home/jkang/.local/bin:/usr/local/sbin:/usr/local/bin:/usr/sbin:/usr/bin:/sbin:/bin:/usr/games:/usr/local/games:/snap/bin'), ('SESSION_MANAGER', 'local/jkang-Legion-Y7000P-2019:@/tmp/.ICE-unix/1835,unix/jkang-Legion-Y7000P-2019:/tmp/.ICE-unix/1835'), ('INVOCATION_ID', '761d7821df4848c8b418fb4eb5b7a057'), ('XDG_MENU_PREFIX', 'gnome-'), ('GNOME_TERMINAL_SCREEN', '/org/gnome/Terminal/screen/58bd454e_f82e_445b_9a22_7d9dfc90ee9f'), ('XDG_RUNTIME_DIR', '/run/user/1000'), ('DISPLAY', ':1'), ('LANG', 'en_US.UTF-8'), ('XDG_CURRENT_DESKTOP', 'ubuntu:GNOME'), ('XMODIFIERS', '@im=ibus'), ('XDG_SESSION_DESKTOP', 'ubuntu'), ('XAUTHORITY', '/run/user/1000/gdm/Xauthority'), ('LS_COLORS', 'rs=0:di=01;34:ln=01;36:mh=00:pi=40;33:so=01;35:do=01;35:bd=40;33;01:cd=40;33;01:or=40;31;01:mi=00:su=37;41:sg=30;43:ca=30;41:tw=30;42:ow=34;42:st=37;44:ex=01;32:*.tar=01;31:*.tgz=01;31:*.arc=01;31:*.arj=01;31:*.taz=01;31:*.lha=01;31:*.lz4=01;31:*.lzh=01;31:*.lzma=01;31:*.tlz=01;31:*.txz=01;31:*.tzo=01;31:*.t7z=01;31:*.zip=01;31:*.z=01;31:*.dz=01;31:*.gz=01;31:*.lrz=01;31:*.lz=01;31:*.lzo=01;31:*.xz=01;31:*.zst=01;31:*.tzst=01;31:*.bz2=01;31:*.bz=01;31:*.tbz=01;31:*.tbz2=01;31:*.tz=01;31:*.deb=01;31:*.rpm=01;31:*.jar=01;31:*.war=01;31:*.ear=01;31:*.sar=01;31:*.rar=01;31:*.alz=01;31:*.ace=01;31:*.zoo=01;31:*.cpio=01;31:*.7z=01;31:*.rz=01;31:*.cab=01;31:*.wim=01;31:*.swm=01;31:*.dwm=01;31:*.esd=01;31:*.jpg=01;35:*.jpeg=01;35:*.mjpg=01;35:*.mjpeg=01;35:*.gif=01;35:*.bmp=01;35:*.pbm=01;35:*.pgm=01;35:*.ppm=01;35:*.tga=01;35:*.xbm=01;35:*.xpm=01;35:*.tif=01;35:*.tiff=01;35:*.png=01;35:*.svg=01;35:*.svgz=01;35:*.mng=01;35:*.pcx=01;35:*.mov=01;35:*.mpg=01;35:*.mpeg=01;35:*.m2v=01;35:*.mkv=01;35:*.webm=01;35:*.ogm=01;35:*.mp4=01;35:*.m4v=01;35:*.mp4v=01;35:*.vob=01;35:*.qt=01;35:*.nuv=01;35:*.wmv=01;35:*.asf=01;35:*.rm=01;35:*.rmvb=01;35:*.flc=01;35:*.avi=01;35:*.fli=01;35:*.flv=01;35:*.gl=01;35:*.dl=01;35:*.xcf=01;35:*.xwd=01;35:*.yuv=01;35:*.cgm=01;35:*.emf=01;35:*.ogv=01;35:*.ogx=01;35:*.aac=00;36:*.au=00;36:*.flac=00;36:*.m4a=00;36:*.mid=00;36:*.midi=00;36:*.mka=00;36:*.mp3=00;36:*.mpc=00;36:*.ogg=00;36:*.ra=00;36:*.wav=00;36:*.oga=00;36:*.opus=00;36:*.spx=00;36:*.xspf=00;36:'), ('GNOME_TERMINAL_SERVICE', ':1.638'), ('SSH_AUTH_SOCK', '/run/user/1000/keyring/ssh'), ('AMENT_PREFIX_PATH', '/opt/ros/galactic'), ('SHELL', '/bin/bash'), ('QT_ACCESSIBILITY', '1'), ('GDMSESSION', 'ubuntu'), ('LESSCLOSE', '/usr/bin/lesspipe %s %s'), ('GPG_AGENT_INFO', '/run/user/1000/gnupg/S.gpg-agent:0:1'), ('QT_IM_MODULE', 'ibus'), ('PWD', '/home/jkang/InSituNeedle_Manipulation_FBG_FEM_ROS2/build/fbg_msgs'), ('LC_ALL', 'en_US.UTF-8'), ('XDG_CONFIG_DIRS', '/etc/xdg/xdg-ubuntu:/etc/xdg'), ('XDG_DATA_DIRS', '/usr/share/ubuntu:/usr/local/share/:/usr/share/:/var/lib/snapd/desktop'), ('PYTHONPATH', '/opt/ros/galactic/lib/python3.8/site-packages'), ('COLCON', '1'), ('VTE_VERSION', '6003'), ('CMAKE_PREFIX_PATH', '/opt/ros/galactic')]), 'shell': False}
[7.463283] (fbg_msgs) StdoutLine: {'line': b'-- Install configuration: ""\n'}
[7.463584] (fbg_msgs) StdoutLine: {'line': b'-- Installing: /home/jkang/InSituNeedle_Manipulation_FBG_FEM_ROS2/install/fbg_msgs/share/ament_index/resource_index/rosidl_interfaces/fbg_msgs\n'}
[7.463856] (fbg_msgs) StdoutLine: {'line': b'-- Installing: /home/jkang/InSituNeedle_Manipulation_FBG_FEM_ROS2/install/fbg_msgs/include/fbg_msgs\n'}
[7.463990] (fbg_msgs) StdoutLine: {'line': b'-- Installing: /home/jkang/InSituNeedle_Manipulation_FBG_FEM_ROS2/install/fbg_msgs/include/fbg_msgs/msg\n'}
[7.464211] (fbg_msgs) StdoutLine: {'line': b'-- Installing: /home/jkang/InSituNeedle_Manipulation_FBG_FEM_ROS2/install/fbg_msgs/include/fbg_msgs/msg/fbg_reading.h\n'}
[7.464481] (fbg_msgs) StdoutLine: {'line': b'-- Installing: /home/jkang/InSituNeedle_Manipulation_FBG_FEM_ROS2/install/fbg_msgs/include/fbg_msgs/msg/curvature.h\n'}
[7.464611] (fbg_msgs) StdoutLine: {'line': b'-- Installing: /home/jkang/InSituNeedle_Manipulation_FBG_FEM_ROS2/install/fbg_msgs/include/fbg_msgs/msg/needle_shape.h\n'}
[7.464729] (fbg_msgs) StdoutLine: {'line': b'-- Installing: /home/jkang/InSituNeedle_Manipulation_FBG_FEM_ROS2/install/fbg_msgs/include/fbg_msgs/msg/rosidl_generator_c__visibility_control.h\n'}
[7.464820] (fbg_msgs) StdoutLine: {'line': b'-- Installing: /home/jkang/InSituNeedle_Manipulation_FBG_FEM_ROS2/install/fbg_msgs/include/fbg_msgs/msg/detail\n'}
[7.464945] (fbg_msgs) StdoutLine: {'line': b'-- Installing: /home/jkang/InSituNeedle_Manipulation_FBG_FEM_ROS2/install/fbg_msgs/include/fbg_msgs/msg/detail/needle_shape__functions.c\n'}
[7.465031] (fbg_msgs) StdoutLine: {'line': b'-- Installing: /home/jkang/InSituNeedle_Manipulation_FBG_FEM_ROS2/install/fbg_msgs/include/fbg_msgs/msg/detail/curvature__functions.c\n'}
[7.465178] (fbg_msgs) StdoutLine: {'line': b'-- Installing: /home/jkang/InSituNeedle_Manipulation_FBG_FEM_ROS2/install/fbg_msgs/include/fbg_msgs/msg/detail/needle_shape__struct.h\n'}
[7.465287] (fbg_msgs) StdoutLine: {'line': b'-- Installing: /home/jkang/InSituNeedle_Manipulation_FBG_FEM_ROS2/install/fbg_msgs/include/fbg_msgs/msg/detail/fbg_reading__functions.h\n'}
[7.465395] (fbg_msgs) StdoutLine: {'line': b'-- Installing: /home/jkang/InSituNeedle_Manipulation_FBG_FEM_ROS2/install/fbg_msgs/include/fbg_msgs/msg/detail/fbg_reading__type_support.h\n'}
[7.465507] (fbg_msgs) StdoutLine: {'line': b'-- Installing: /home/jkang/InSituNeedle_Manipulation_FBG_FEM_ROS2/install/fbg_msgs/include/fbg_msgs/msg/detail/curvature__struct.h\n'}
[7.465595] (fbg_msgs) StdoutLine: {'line': b'-- Installing: /home/jkang/InSituNeedle_Manipulation_FBG_FEM_ROS2/install/fbg_msgs/include/fbg_msgs/msg/detail/fbg_reading__functions.c\n'}
[7.465730] (fbg_msgs) StdoutLine: {'line': b'-- Installing: /home/jkang/InSituNeedle_Manipulation_FBG_FEM_ROS2/install/fbg_msgs/include/fbg_msgs/msg/detail/fbg_reading__struct.h\n'}
[7.465814] (fbg_msgs) StdoutLine: {'line': b'-- Installing: /home/jkang/InSituNeedle_Manipulation_FBG_FEM_ROS2/install/fbg_msgs/include/fbg_msgs/msg/detail/needle_shape__type_support.h\n'}
[7.465925] (fbg_msgs) StdoutLine: {'line': b'-- Installing: /home/jkang/InSituNeedle_Manipulation_FBG_FEM_ROS2/install/fbg_msgs/include/fbg_msgs/msg/detail/curvature__functions.h\n'}
[7.466064] (fbg_msgs) StdoutLine: {'line': b'-- Installing: /home/jkang/InSituNeedle_Manipulation_FBG_FEM_ROS2/install/fbg_msgs/include/fbg_msgs/msg/detail/curvature__type_support.h\n'}
[7.466149] (fbg_msgs) StdoutLine: {'line': b'-- Installing: /home/jkang/InSituNeedle_Manipulation_FBG_FEM_ROS2/install/fbg_msgs/include/fbg_msgs/msg/detail/needle_shape__functions.h\n'}
[7.466277] (fbg_msgs) StdoutLine: {'line': b'-- Installing: /home/jkang/InSituNeedle_Manipulation_FBG_FEM_ROS2/install/fbg_msgs/include/fbg_msgs/srv\n'}
[7.466361] (fbg_msgs) StdoutLine: {'line': b'-- Installing: /home/jkang/InSituNeedle_Manipulation_FBG_FEM_ROS2/install/fbg_msgs/include/fbg_msgs/srv/cal_curvature.h\n'}
[7.466468] (fbg_msgs) StdoutLine: {'line': b'-- Installing: /home/jkang/InSituNeedle_Manipulation_FBG_FEM_ROS2/install/fbg_msgs/include/fbg_msgs/srv/detail\n'}
[7.466582] (fbg_msgs) StdoutLine: {'line': b'-- Installing: /home/jkang/InSituNeedle_Manipulation_FBG_FEM_ROS2/install/fbg_msgs/include/fbg_msgs/srv/detail/cal_curvature__struct.h\n'}
[7.466666] (fbg_msgs) StdoutLine: {'line': b'-- Installing: /home/jkang/InSituNeedle_Manipulation_FBG_FEM_ROS2/install/fbg_msgs/include/fbg_msgs/srv/detail/cal_curvature__functions.c\n'}
[7.466791] (fbg_msgs) StdoutLine: {'line': b'-- Installing: /home/jkang/InSituNeedle_Manipulation_FBG_FEM_ROS2/install/fbg_msgs/include/fbg_msgs/srv/detail/cal_curvature__functions.h\n'}
[7.466873] (fbg_msgs) StdoutLine: {'line': b'-- Installing: /home/jkang/InSituNeedle_Manipulation_FBG_FEM_ROS2/install/fbg_msgs/include/fbg_msgs/srv/detail/cal_curvature__type_support.h\n'}
[7.466986] (fbg_msgs) StdoutLine: {'line': b'-- Installing: /home/jkang/InSituNeedle_Manipulation_FBG_FEM_ROS2/install/fbg_msgs/share/fbg_msgs/environment/library_path.sh\n'}
[7.467100] (fbg_msgs) StdoutLine: {'line': b'-- Installing: /home/jkang/InSituNeedle_Manipulation_FBG_FEM_ROS2/install/fbg_msgs/share/fbg_msgs/environment/library_path.dsv\n'}
[7.467435] (fbg_msgs) StdoutLine: {'line': b'-- Installing: /home/jkang/InSituNeedle_Manipulation_FBG_FEM_ROS2/install/fbg_msgs/lib/libfbg_msgs__rosidl_generator_c.so\n'}
[7.467992] (fbg_msgs) StdoutLine: {'line': b'-- Set runtime path of "/home/jkang/InSituNeedle_Manipulation_FBG_FEM_ROS2/install/fbg_msgs/lib/libfbg_msgs__rosidl_generator_c.so" to ""\n'}
[7.468152] (fbg_msgs) StdoutLine: {'line': b'-- Up-to-date: /home/jkang/InSituNeedle_Manipulation_FBG_FEM_ROS2/install/fbg_msgs/include/fbg_msgs\n'}
[7.468270] (fbg_msgs) StdoutLine: {'line': b'-- Up-to-date: /home/jkang/InSituNeedle_Manipulation_FBG_FEM_ROS2/install/fbg_msgs/include/fbg_msgs/msg\n'}
[7.468387] (fbg_msgs) StdoutLine: {'line': b'-- Up-to-date: /home/jkang/InSituNeedle_Manipulation_FBG_FEM_ROS2/install/fbg_msgs/include/fbg_msgs/msg/detail\n'}
[7.468504] (fbg_msgs) StdoutLine: {'line': b'-- Installing: /home/jkang/InSituNeedle_Manipulation_FBG_FEM_ROS2/install/fbg_msgs/include/fbg_msgs/msg/detail/fbg_reading__rosidl_typesupport_fastrtps_c.h\n'}
[7.468619] (fbg_msgs) StdoutLine: {'line': b'-- Installing: /home/jkang/InSituNeedle_Manipulation_FBG_FEM_ROS2/install/fbg_msgs/include/fbg_msgs/msg/detail/curvature__rosidl_typesupport_fastrtps_c.h\n'}
[7.468750] (fbg_msgs) StdoutLine: {'line': b'-- Installing: /home/jkang/InSituNeedle_Manipulation_FBG_FEM_ROS2/install/fbg_msgs/include/fbg_msgs/msg/detail/needle_shape__rosidl_typesupport_fastrtps_c.h\n'}
[7.468864] (fbg_msgs) StdoutLine: {'line': b'-- Installing: /home/jkang/InSituNeedle_Manipulation_FBG_FEM_ROS2/install/fbg_msgs/include/fbg_msgs/msg/rosidl_typesupport_fastrtps_c__visibility_control.h\n'}
[7.468948] (fbg_msgs) StdoutLine: {'line': b'-- Up-to-date: /home/jkang/InSituNeedle_Manipulation_FBG_FEM_ROS2/install/fbg_msgs/include/fbg_msgs/srv\n'}
[7.469068] (fbg_msgs) StdoutLine: {'line': b'-- Up-to-date: /home/jkang/InSituNeedle_Manipulation_FBG_FEM_ROS2/install/fbg_msgs/include/fbg_msgs/srv/detail\n'}
[7.469153] (fbg_msgs) StdoutLine: {'line': b'-- Installing: /home/jkang/InSituNeedle_Manipulation_FBG_FEM_ROS2/install/fbg_msgs/include/fbg_msgs/srv/detail/cal_curvature__rosidl_typesupport_fastrtps_c.h\n'}
[7.469234] (fbg_msgs) StdoutLine: {'line': b'-- Installing: /home/jkang/InSituNeedle_Manipulation_FBG_FEM_ROS2/install/fbg_msgs/lib/libfbg_msgs__rosidl_typesupport_fastrtps_c.so\n'}
[7.469627] (fbg_msgs) StdoutLine: {'line': b'-- Set runtime path of "/home/jkang/InSituNeedle_Manipulation_FBG_FEM_ROS2/install/fbg_msgs/lib/libfbg_msgs__rosidl_typesupport_fastrtps_c.so" to ""\n'}
[7.469768] (fbg_msgs) StdoutLine: {'line': b'-- Up-to-date: /home/jkang/InSituNeedle_Manipulation_FBG_FEM_ROS2/install/fbg_msgs/include/fbg_msgs\n'}
[7.469908] (fbg_msgs) StdoutLine: {'line': b'-- Up-to-date: /home/jkang/InSituNeedle_Manipulation_FBG_FEM_ROS2/install/fbg_msgs/include/fbg_msgs/msg\n'}
[7.470018] (fbg_msgs) StdoutLine: {'line': b'-- Up-to-date: /home/jkang/InSituNeedle_Manipulation_FBG_FEM_ROS2/install/fbg_msgs/include/fbg_msgs/msg/detail\n'}
[7.470138] (fbg_msgs) StdoutLine: {'line': b'-- Installing: /home/jkang/InSituNeedle_Manipulation_FBG_FEM_ROS2/install/fbg_msgs/include/fbg_msgs/msg/detail/curvature__rosidl_typesupport_fastrtps_cpp.hpp\n'}
[7.470246] (fbg_msgs) StdoutLine: {'line': b'-- Installing: /home/jkang/InSituNeedle_Manipulation_FBG_FEM_ROS2/install/fbg_msgs/include/fbg_msgs/msg/detail/fbg_reading__rosidl_typesupport_fastrtps_cpp.hpp\n'}
[7.470331] (fbg_msgs) StdoutLine: {'line': b'-- Installing: /home/jkang/InSituNeedle_Manipulation_FBG_FEM_ROS2/install/fbg_msgs/include/fbg_msgs/msg/detail/dds_fastrtps\n'}
[7.470453] (fbg_msgs) StdoutLine: {'line': b'-- Installing: /home/jkang/InSituNeedle_Manipulation_FBG_FEM_ROS2/install/fbg_msgs/include/fbg_msgs/msg/detail/needle_shape__rosidl_typesupport_fastrtps_cpp.hpp\n'}
[7.470594] (fbg_msgs) StdoutLine: {'line': b'-- Installing: /home/jkang/InSituNeedle_Manipulation_FBG_FEM_ROS2/install/fbg_msgs/include/fbg_msgs/msg/rosidl_typesupport_fastrtps_cpp__visibility_control.h\n'}
[7.470701] (fbg_msgs) StdoutLine: {'line': b'-- Up-to-date: /home/jkang/InSituNeedle_Manipulation_FBG_FEM_ROS2/install/fbg_msgs/include/fbg_msgs/srv\n'}
[7.470785] (fbg_msgs) StdoutLine: {'line': b'-- Up-to-date: /home/jkang/InSituNeedle_Manipulation_FBG_FEM_ROS2/install/fbg_msgs/include/fbg_msgs/srv/detail\n'}
[7.470868] (fbg_msgs) StdoutLine: {'line': b'-- Installing: /home/jkang/InSituNeedle_Manipulation_FBG_FEM_ROS2/install/fbg_msgs/include/fbg_msgs/srv/detail/dds_fastrtps\n'}
[7.470975] (fbg_msgs) StdoutLine: {'line': b'-- Installing: /home/jkang/InSituNeedle_Manipulation_FBG_FEM_ROS2/install/fbg_msgs/include/fbg_msgs/srv/detail/cal_curvature__rosidl_typesupport_fastrtps_cpp.hpp\n'}
[7.471059] (fbg_msgs) StdoutLine: {'line': b'-- Installing: /home/jkang/InSituNeedle_Manipulation_FBG_FEM_ROS2/install/fbg_msgs/lib/libfbg_msgs__rosidl_typesupport_fastrtps_cpp.so\n'}
[7.471560] (fbg_msgs) StdoutLine: {'line': b'-- Set runtime path of "/home/jkang/InSituNeedle_Manipulation_FBG_FEM_ROS2/install/fbg_msgs/lib/libfbg_msgs__rosidl_typesupport_fastrtps_cpp.so" to ""\n'}
[7.471709] (fbg_msgs) StdoutLine: {'line': b'-- Up-to-date: /home/jkang/InSituNeedle_Manipulation_FBG_FEM_ROS2/install/fbg_msgs/include/fbg_msgs\n'}
[7.471800] (fbg_msgs) StdoutLine: {'line': b'-- Up-to-date: /home/jkang/InSituNeedle_Manipulation_FBG_FEM_ROS2/install/fbg_msgs/include/fbg_msgs/msg\n'}
[7.471935] (fbg_msgs) StdoutLine: {'line': b'-- Installing: /home/jkang/InSituNeedle_Manipulation_FBG_FEM_ROS2/install/fbg_msgs/include/fbg_msgs/msg/rosidl_typesupport_introspection_c__visibility_control.h\n'}
[7.472083] (fbg_msgs) StdoutLine: {'line': b'-- Up-to-date: /home/jkang/InSituNeedle_Manipulation_FBG_FEM_ROS2/install/fbg_msgs/include/fbg_msgs/msg/detail\n'}
[7.472201] (fbg_msgs) StdoutLine: {'line': b'-- Installing: /home/jkang/InSituNeedle_Manipulation_FBG_FEM_ROS2/install/fbg_msgs/include/fbg_msgs/msg/detail/fbg_reading__type_support.c\n'}
[7.472301] (fbg_msgs) StdoutLine: {'line': b'-- Installing: /home/jkang/InSituNeedle_Manipulation_FBG_FEM_ROS2/install/fbg_msgs/include/fbg_msgs/msg/detail/fbg_reading__rosidl_typesupport_introspection_c.h\n'}
[7.472387] (fbg_msgs) StdoutLine: {'line': b'-- Installing: /home/jkang/InSituNeedle_Manipulation_FBG_FEM_ROS2/install/fbg_msgs/include/fbg_msgs/msg/detail/curvature__type_support.c\n'}
[7.472491] (fbg_msgs) StdoutLine: {'line': b'-- Installing: /home/jkang/InSituNeedle_Manipulation_FBG_FEM_ROS2/install/fbg_msgs/include/fbg_msgs/msg/detail/curvature__rosidl_typesupport_introspection_c.h\n'}
[7.472575] (fbg_msgs) StdoutLine: {'line': b'-- Installing: /home/jkang/InSituNeedle_Manipulation_FBG_FEM_ROS2/install/fbg_msgs/include/fbg_msgs/msg/detail/needle_shape__rosidl_typesupport_introspection_c.h\n'}
[7.472698] (fbg_msgs) StdoutLine: {'line': b'-- Installing: /home/jkang/InSituNeedle_Manipulation_FBG_FEM_ROS2/install/fbg_msgs/include/fbg_msgs/msg/detail/needle_shape__type_support.c\n'}
[7.472846] (fbg_msgs) StdoutLine: {'line': b'-- Up-to-date: /home/jkang/InSituNeedle_Manipulation_FBG_FEM_ROS2/install/fbg_msgs/include/fbg_msgs/srv\n'}
[7.472957] (fbg_msgs) StdoutLine: {'line': b'-- Up-to-date: /home/jkang/InSituNeedle_Manipulation_FBG_FEM_ROS2/install/fbg_msgs/include/fbg_msgs/srv/detail\n'}
[7.473041] (fbg_msgs) StdoutLine: {'line': b'-- Installing: /home/jkang/InSituNeedle_Manipulation_FBG_FEM_ROS2/install/fbg_msgs/include/fbg_msgs/srv/detail/cal_curvature__rosidl_typesupport_introspection_c.h\n'}
[7.473124] (fbg_msgs) StdoutLine: {'line': b'-- Installing: /home/jkang/InSituNeedle_Manipulation_FBG_FEM_ROS2/install/fbg_msgs/include/fbg_msgs/srv/detail/cal_curvature__type_support.c\n'}
[7.473230] (fbg_msgs) StdoutLine: {'line': b'-- Installing: /home/jkang/InSituNeedle_Manipulation_FBG_FEM_ROS2/install/fbg_msgs/lib/libfbg_msgs__rosidl_typesupport_introspection_c.so\n'}
[7.473717] (fbg_msgs) StdoutLine: {'line': b'-- Set runtime path of "/home/jkang/InSituNeedle_Manipulation_FBG_FEM_ROS2/install/fbg_msgs/lib/libfbg_msgs__rosidl_typesupport_introspection_c.so" to ""\n'}
[7.473910] (fbg_msgs) StdoutLine: {'line': b'-- Installing: /home/jkang/InSituNeedle_Manipulation_FBG_FEM_ROS2/install/fbg_msgs/lib/libfbg_msgs__rosidl_typesupport_c.so\n'}
[7.474408] (fbg_msgs) StdoutLine: {'line': b'-- Set runtime path of "/home/jkang/InSituNeedle_Manipulation_FBG_FEM_ROS2/install/fbg_msgs/lib/libfbg_msgs__rosidl_typesupport_c.so" to ""\n'}
[7.474586] (fbg_msgs) StdoutLine: {'line': b'-- Up-to-date: /home/jkang/InSituNeedle_Manipulation_FBG_FEM_ROS2/install/fbg_msgs/include/fbg_msgs\n'}
[7.474758] (fbg_msgs) StdoutLine: {'line': b'-- Up-to-date: /home/jkang/InSituNeedle_Manipulation_FBG_FEM_ROS2/install/fbg_msgs/include/fbg_msgs/msg\n'}
[7.474901] (fbg_msgs) StdoutLine: {'line': b'-- Installing: /home/jkang/InSituNeedle_Manipulation_FBG_FEM_ROS2/install/fbg_msgs/include/fbg_msgs/msg/curvature.hpp\n'}
[7.475026] (fbg_msgs) StdoutLine: {'line': b'-- Installing: /home/jkang/InSituNeedle_Manipulation_FBG_FEM_ROS2/install/fbg_msgs/include/fbg_msgs/msg/fbg_reading.hpp\n'}
[7.475154] (fbg_msgs) StdoutLine: {'line': b'-- Installing: /home/jkang/InSituNeedle_Manipulation_FBG_FEM_ROS2/install/fbg_msgs/include/fbg_msgs/msg/needle_shape.hpp\n'}
[7.475273] (fbg_msgs) StdoutLine: {'line': b'-- Up-to-date: /home/jkang/InSituNeedle_Manipulation_FBG_FEM_ROS2/install/fbg_msgs/include/fbg_msgs/msg/detail\n'}
[7.475382] (fbg_msgs) StdoutLine: {'line': b'-- Installing: /home/jkang/InSituNeedle_Manipulation_FBG_FEM_ROS2/install/fbg_msgs/include/fbg_msgs/msg/detail/curvature__builder.hpp\n'}
[7.475468] (fbg_msgs) StdoutLine: {'line': b'-- Installing: /home/jkang/InSituNeedle_Manipulation_FBG_FEM_ROS2/install/fbg_msgs/include/fbg_msgs/msg/detail/needle_shape__traits.hpp\n'}
[7.475589] (fbg_msgs) StdoutLine: {'line': b'-- Installing: /home/jkang/InSituNeedle_Manipulation_FBG_FEM_ROS2/install/fbg_msgs/include/fbg_msgs/msg/detail/curvature__traits.hpp\n'}
[7.475717] (fbg_msgs) StdoutLine: {'line': b'-- Installing: /home/jkang/InSituNeedle_Manipulation_FBG_FEM_ROS2/install/fbg_msgs/include/fbg_msgs/msg/detail/needle_shape__builder.hpp\n'}
[7.475828] (fbg_msgs) StdoutLine: {'line': b'-- Installing: /home/jkang/InSituNeedle_Manipulation_FBG_FEM_ROS2/install/fbg_msgs/include/fbg_msgs/msg/detail/fbg_reading__struct.hpp\n'}
[7.475936] (fbg_msgs) StdoutLine: {'line': b'-- Installing: /home/jkang/InSituNeedle_Manipulation_FBG_FEM_ROS2/install/fbg_msgs/include/fbg_msgs/msg/detail/needle_shape__struct.hpp\n'}
[7.476039] (fbg_msgs) StdoutLine: {'line': b'-- Installing: /home/jkang/InSituNeedle_Manipulation_FBG_FEM_ROS2/install/fbg_msgs/include/fbg_msgs/msg/detail/fbg_reading__traits.hpp\n'}
[7.476124] (fbg_msgs) StdoutLine: {'line': b'-- Installing: /home/jkang/InSituNeedle_Manipulation_FBG_FEM_ROS2/install/fbg_msgs/include/fbg_msgs/msg/detail/curvature__struct.hpp\n'}
[7.476262] (fbg_msgs) StdoutLine: {'line': b'-- Installing: /home/jkang/InSituNeedle_Manipulation_FBG_FEM_ROS2/install/fbg_msgs/include/fbg_msgs/msg/detail/fbg_reading__builder.hpp\n'}
[7.476344] (fbg_msgs) StdoutLine: {'line': b'-- Up-to-date: /home/jkang/InSituNeedle_Manipulation_FBG_FEM_ROS2/install/fbg_msgs/include/fbg_msgs/srv\n'}
[7.476471] (fbg_msgs) StdoutLine: {'line': b'-- Up-to-date: /home/jkang/InSituNeedle_Manipulation_FBG_FEM_ROS2/install/fbg_msgs/include/fbg_msgs/srv/detail\n'}
[7.476627] (fbg_msgs) StdoutLine: {'line': b'-- Installing: /home/jkang/InSituNeedle_Manipulation_FBG_FEM_ROS2/install/fbg_msgs/include/fbg_msgs/srv/detail/cal_curvature__builder.hpp\n'}
[7.476710] (fbg_msgs) StdoutLine: {'line': b'-- Installing: /home/jkang/InSituNeedle_Manipulation_FBG_FEM_ROS2/install/fbg_msgs/include/fbg_msgs/srv/detail/cal_curvature__traits.hpp\n'}
[7.476832] (fbg_msgs) StdoutLine: {'line': b'-- Installing: /home/jkang/InSituNeedle_Manipulation_FBG_FEM_ROS2/install/fbg_msgs/include/fbg_msgs/srv/detail/cal_curvature__struct.hpp\n'}
[7.476955] (fbg_msgs) StdoutLine: {'line': b'-- Installing: /home/jkang/InSituNeedle_Manipulation_FBG_FEM_ROS2/install/fbg_msgs/include/fbg_msgs/srv/cal_curvature.hpp\n'}
[7.477036] (fbg_msgs) StdoutLine: {'line': b'-- Up-to-date: /home/jkang/InSituNeedle_Manipulation_FBG_FEM_ROS2/install/fbg_msgs/include/fbg_msgs\n'}
[7.477145] (fbg_msgs) StdoutLine: {'line': b'-- Up-to-date: /home/jkang/InSituNeedle_Manipulation_FBG_FEM_ROS2/install/fbg_msgs/include/fbg_msgs/msg\n'}
[7.477247] (fbg_msgs) StdoutLine: {'line': b'-- Up-to-date: /home/jkang/InSituNeedle_Manipulation_FBG_FEM_ROS2/install/fbg_msgs/include/fbg_msgs/msg/detail\n'}
[7.477330] (fbg_msgs) StdoutLine: {'line': b'-- Installing: /home/jkang/InSituNeedle_Manipulation_FBG_FEM_ROS2/install/fbg_msgs/include/fbg_msgs/msg/detail/fbg_reading__type_support.cpp\n'}
[7.477434] (fbg_msgs) StdoutLine: {'line': b'-- Installing: /home/jkang/InSituNeedle_Manipulation_FBG_FEM_ROS2/install/fbg_msgs/include/fbg_msgs/msg/detail/needle_shape__rosidl_typesupport_introspection_cpp.hpp\n'}
[7.477559] (fbg_msgs) StdoutLine: {'line': b'-- Installing: /home/jkang/InSituNeedle_Manipulation_FBG_FEM_ROS2/install/fbg_msgs/include/fbg_msgs/msg/detail/needle_shape__type_support.cpp\n'}
[7.477677] (fbg_msgs) StdoutLine: {'line': b'-- Installing: /home/jkang/InSituNeedle_Manipulation_FBG_FEM_ROS2/install/fbg_msgs/include/fbg_msgs/msg/detail/fbg_reading__rosidl_typesupport_introspection_cpp.hpp\n'}
[7.477809] (fbg_msgs) StdoutLine: {'line': b'-- Installing: /home/jkang/InSituNeedle_Manipulation_FBG_FEM_ROS2/install/fbg_msgs/include/fbg_msgs/msg/detail/curvature__type_support.cpp\n'}
[7.477915] (fbg_msgs) StdoutLine: {'line': b'-- Installing: /home/jkang/InSituNeedle_Manipulation_FBG_FEM_ROS2/install/fbg_msgs/include/fbg_msgs/msg/detail/curvature__rosidl_typesupport_introspection_cpp.hpp\n'}
[7.478020] (fbg_msgs) StdoutLine: {'line': b'-- Up-to-date: /home/jkang/InSituNeedle_Manipulation_FBG_FEM_ROS2/install/fbg_msgs/include/fbg_msgs/srv\n'}
[7.478102] (fbg_msgs) StdoutLine: {'line': b'-- Up-to-date: /home/jkang/InSituNeedle_Manipulation_FBG_FEM_ROS2/install/fbg_msgs/include/fbg_msgs/srv/detail\n'}
[7.478183] (fbg_msgs) StdoutLine: {'line': b'-- Installing: /home/jkang/InSituNeedle_Manipulation_FBG_FEM_ROS2/install/fbg_msgs/include/fbg_msgs/srv/detail/cal_curvature__type_support.cpp\n'}
[7.478288] (fbg_msgs) StdoutLine: {'line': b'-- Installing: /home/jkang/InSituNeedle_Manipulation_FBG_FEM_ROS2/install/fbg_msgs/include/fbg_msgs/srv/detail/cal_curvature__rosidl_typesupport_introspection_cpp.hpp\n'}
[7.478371] (fbg_msgs) StdoutLine: {'line': b'-- Installing: /home/jkang/InSituNeedle_Manipulation_FBG_FEM_ROS2/install/fbg_msgs/lib/libfbg_msgs__rosidl_typesupport_introspection_cpp.so\n'}
[7.478872] (fbg_msgs) StdoutLine: {'line': b'-- Set runtime path of "/home/jkang/InSituNeedle_Manipulation_FBG_FEM_ROS2/install/fbg_msgs/lib/libfbg_msgs__rosidl_typesupport_introspection_cpp.so" to ""\n'}
[7.479073] (fbg_msgs) StdoutLine: {'line': b'-- Installing: /home/jkang/InSituNeedle_Manipulation_FBG_FEM_ROS2/install/fbg_msgs/lib/libfbg_msgs__rosidl_typesupport_cpp.so\n'}
[7.479613] (fbg_msgs) StdoutLine: {'line': b'-- Set runtime path of "/home/jkang/InSituNeedle_Manipulation_FBG_FEM_ROS2/install/fbg_msgs/lib/libfbg_msgs__rosidl_typesupport_cpp.so" to ""\n'}
[7.479753] (fbg_msgs) StdoutLine: {'line': b'-- Installing: /home/jkang/InSituNeedle_Manipulation_FBG_FEM_ROS2/install/fbg_msgs/share/fbg_msgs/environment/pythonpath.sh\n'}
[7.479928] (fbg_msgs) StdoutLine: {'line': b'-- Installing: /home/jkang/InSituNeedle_Manipulation_FBG_FEM_ROS2/install/fbg_msgs/share/fbg_msgs/environment/pythonpath.dsv\n'}
[7.480186] (fbg_msgs) StdoutLine: {'line': b'-- Installing: /home/jkang/InSituNeedle_Manipulation_FBG_FEM_ROS2/install/fbg_msgs/lib/python3.8/site-packages/fbg_msgs/__init__.py\n'}
[7.518695] (fbg_msgs) StdoutLine: {'line': b"Compiling '/home/jkang/InSituNeedle_Manipulation_FBG_FEM_ROS2/install/fbg_msgs/lib/python3.8/site-packages/fbg_msgs/__init__.py'...\n"}
[7.522991] (fbg_msgs) StdoutLine: {'line': b'-- Installing: /home/jkang/InSituNeedle_Manipulation_FBG_FEM_ROS2/install/fbg_msgs/lib/python3.8/site-packages/fbg_msgs/msg\n'}
[7.523161] (-) TimerEvent: {}
[7.523429] (fbg_msgs) StdoutLine: {'line': b'-- Installing: /home/jkang/InSituNeedle_Manipulation_FBG_FEM_ROS2/install/fbg_msgs/lib/python3.8/site-packages/fbg_msgs/msg/_needle_shape_s.c\n'}
[7.523672] (fbg_msgs) StdoutLine: {'line': b'-- Installing: /home/jkang/InSituNeedle_Manipulation_FBG_FEM_ROS2/install/fbg_msgs/lib/python3.8/site-packages/fbg_msgs/msg/_curvature.py\n'}
[7.523973] (fbg_msgs) StdoutLine: {'line': b'-- Installing: /home/jkang/InSituNeedle_Manipulation_FBG_FEM_ROS2/install/fbg_msgs/lib/python3.8/site-packages/fbg_msgs/msg/_needle_shape.py\n'}
[7.524211] (fbg_msgs) StdoutLine: {'line': b'-- Installing: /home/jkang/InSituNeedle_Manipulation_FBG_FEM_ROS2/install/fbg_msgs/lib/python3.8/site-packages/fbg_msgs/msg/_fbg_reading_s.c\n'}
[7.524377] (fbg_msgs) StdoutLine: {'line': b'-- Installing: /home/jkang/InSituNeedle_Manipulation_FBG_FEM_ROS2/install/fbg_msgs/lib/python3.8/site-packages/fbg_msgs/msg/_curvature_s.c\n'}
[7.524508] (fbg_msgs) StdoutLine: {'line': b'-- Installing: /home/jkang/InSituNeedle_Manipulation_FBG_FEM_ROS2/install/fbg_msgs/lib/python3.8/site-packages/fbg_msgs/msg/_fbg_reading.py\n'}
[7.524595] (fbg_msgs) StdoutLine: {'line': b'-- Installing: /home/jkang/InSituNeedle_Manipulation_FBG_FEM_ROS2/install/fbg_msgs/lib/python3.8/site-packages/fbg_msgs/msg/__init__.py\n'}
[7.524685] (fbg_msgs) StdoutLine: {'line': b'-- Installing: /home/jkang/InSituNeedle_Manipulation_FBG_FEM_ROS2/install/fbg_msgs/lib/python3.8/site-packages/fbg_msgs/srv\n'}
[7.524804] (fbg_msgs) StdoutLine: {'line': b'-- Installing: /home/jkang/InSituNeedle_Manipulation_FBG_FEM_ROS2/install/fbg_msgs/lib/python3.8/site-packages/fbg_msgs/srv/_cal_curvature_s.c\n'}
[7.524891] (fbg_msgs) StdoutLine: {'line': b'-- Installing: /home/jkang/InSituNeedle_Manipulation_FBG_FEM_ROS2/install/fbg_msgs/lib/python3.8/site-packages/fbg_msgs/srv/_cal_curvature.py\n'}
[7.524973] (fbg_msgs) StdoutLine: {'line': b'-- Installing: /home/jkang/InSituNeedle_Manipulation_FBG_FEM_ROS2/install/fbg_msgs/lib/python3.8/site-packages/fbg_msgs/srv/__init__.py\n'}
[7.525056] (fbg_msgs) StdoutLine: {'line': b'-- Installing: /home/jkang/InSituNeedle_Manipulation_FBG_FEM_ROS2/install/fbg_msgs/lib/python3.8/site-packages/fbg_msgs/fbg_msgs_s__rosidl_typesupport_fastrtps_c.cpython-38-x86_64-linux-gnu.so\n'}
[7.525472] (fbg_msgs) StdoutLine: {'line': b'-- Set runtime path of "/home/jkang/InSituNeedle_Manipulation_FBG_FEM_ROS2/install/fbg_msgs/lib/python3.8/site-packages/fbg_msgs/fbg_msgs_s__rosidl_typesupport_fastrtps_c.cpython-38-x86_64-linux-gnu.so" to ""\n'}
[7.525736] (fbg_msgs) StdoutLine: {'line': b'-- Installing: /home/jkang/InSituNeedle_Manipulation_FBG_FEM_ROS2/install/fbg_msgs/lib/python3.8/site-packages/fbg_msgs/fbg_msgs_s__rosidl_typesupport_introspection_c.cpython-38-x86_64-linux-gnu.so\n'}
[7.526486] (fbg_msgs) StdoutLine: {'line': b'-- Set runtime path of "/home/jkang/InSituNeedle_Manipulation_FBG_FEM_ROS2/install/fbg_msgs/lib/python3.8/site-packages/fbg_msgs/fbg_msgs_s__rosidl_typesupport_introspection_c.cpython-38-x86_64-linux-gnu.so" to ""\n'}
[7.526762] (fbg_msgs) StdoutLine: {'line': b'-- Installing: /home/jkang/InSituNeedle_Manipulation_FBG_FEM_ROS2/install/fbg_msgs/lib/python3.8/site-packages/fbg_msgs/fbg_msgs_s__rosidl_typesupport_c.cpython-38-x86_64-linux-gnu.so\n'}
[7.527435] (fbg_msgs) StdoutLine: {'line': b'-- Set runtime path of "/home/jkang/InSituNeedle_Manipulation_FBG_FEM_ROS2/install/fbg_msgs/lib/python3.8/site-packages/fbg_msgs/fbg_msgs_s__rosidl_typesupport_c.cpython-38-x86_64-linux-gnu.so" to ""\n'}
[7.527682] (fbg_msgs) StdoutLine: {'line': b'-- Installing: /home/jkang/InSituNeedle_Manipulation_FBG_FEM_ROS2/install/fbg_msgs/lib/libfbg_msgs__python.so\n'}
[7.528144] (fbg_msgs) StdoutLine: {'line': b'-- Set runtime path of "/home/jkang/InSituNeedle_Manipulation_FBG_FEM_ROS2/install/fbg_msgs/lib/libfbg_msgs__python.so" to ""\n'}
[7.528387] (fbg_msgs) StdoutLine: {'line': b'-- Installing: /home/jkang/InSituNeedle_Manipulation_FBG_FEM_ROS2/install/fbg_msgs/share/fbg_msgs/msg/FbgReading.idl\n'}
[7.528630] (fbg_msgs) StdoutLine: {'line': b'-- Installing: /home/jkang/InSituNeedle_Manipulation_FBG_FEM_ROS2/install/fbg_msgs/share/fbg_msgs/msg/Curvature.idl\n'}
[7.528731] (fbg_msgs) StdoutLine: {'line': b'-- Installing: /home/jkang/InSituNeedle_Manipulation_FBG_FEM_ROS2/install/fbg_msgs/share/fbg_msgs/msg/NeedleShape.idl\n'}
[7.528858] (fbg_msgs) StdoutLine: {'line': b'-- Installing: /home/jkang/InSituNeedle_Manipulation_FBG_FEM_ROS2/install/fbg_msgs/share/fbg_msgs/srv/CalCurvature.idl\n'}
[7.529033] (fbg_msgs) StdoutLine: {'line': b'-- Installing: /home/jkang/InSituNeedle_Manipulation_FBG_FEM_ROS2/install/fbg_msgs/share/fbg_msgs/msg/FbgReading.msg\n'}
[7.529198] (fbg_msgs) StdoutLine: {'line': b'-- Installing: /home/jkang/InSituNeedle_Manipulation_FBG_FEM_ROS2/install/fbg_msgs/share/fbg_msgs/msg/Curvature.msg\n'}
[7.529346] (fbg_msgs) StdoutLine: {'line': b'-- Installing: /home/jkang/InSituNeedle_Manipulation_FBG_FEM_ROS2/install/fbg_msgs/share/fbg_msgs/msg/NeedleShape.msg\n'}
[7.529517] (fbg_msgs) StdoutLine: {'line': b'-- Installing: /home/jkang/InSituNeedle_Manipulation_FBG_FEM_ROS2/install/fbg_msgs/share/fbg_msgs/srv/CalCurvature.srv\n'}
[7.529645] (fbg_msgs) StdoutLine: {'line': b'-- Installing: /home/jkang/InSituNeedle_Manipulation_FBG_FEM_ROS2/install/fbg_msgs/share/fbg_msgs/srv/CalCurvature_Request.msg\n'}
[7.529817] (fbg_msgs) StdoutLine: {'line': b'-- Installing: /home/jkang/InSituNeedle_Manipulation_FBG_FEM_ROS2/install/fbg_msgs/share/fbg_msgs/srv/CalCurvature_Response.msg\n'}
[7.530077] (fbg_msgs) StdoutLine: {'line': b'-- Installing: /home/jkang/InSituNeedle_Manipulation_FBG_FEM_ROS2/install/fbg_msgs/share/ament_index/resource_index/package_run_dependencies/fbg_msgs\n'}
[7.530316] (fbg_msgs) StdoutLine: {'line': b'-- Installing: /home/jkang/InSituNeedle_Manipulation_FBG_FEM_ROS2/install/fbg_msgs/share/ament_index/resource_index/parent_prefix_path/fbg_msgs\n'}
[7.530529] (fbg_msgs) StdoutLine: {'line': b'-- Installing: /home/jkang/InSituNeedle_Manipulation_FBG_FEM_ROS2/install/fbg_msgs/share/fbg_msgs/environment/ament_prefix_path.sh\n'}
[7.530720] (fbg_msgs) StdoutLine: {'line': b'-- Installing: /home/jkang/InSituNeedle_Manipulation_FBG_FEM_ROS2/install/fbg_msgs/share/fbg_msgs/environment/ament_prefix_path.dsv\n'}
[7.530859] (fbg_msgs) StdoutLine: {'line': b'-- Installing: /home/jkang/InSituNeedle_Manipulation_FBG_FEM_ROS2/install/fbg_msgs/share/fbg_msgs/environment/path.sh\n'}
[7.531063] (fbg_msgs) StdoutLine: {'line': b'-- Installing: /home/jkang/InSituNeedle_Manipulation_FBG_FEM_ROS2/install/fbg_msgs/share/fbg_msgs/environment/path.dsv\n'}
[7.531233] (fbg_msgs) StdoutLine: {'line': b'-- Installing: /home/jkang/InSituNeedle_Manipulation_FBG_FEM_ROS2/install/fbg_msgs/share/fbg_msgs/local_setup.bash\n'}
[7.531385] (fbg_msgs) StdoutLine: {'line': b'-- Installing: /home/jkang/InSituNeedle_Manipulation_FBG_FEM_ROS2/install/fbg_msgs/share/fbg_msgs/local_setup.sh\n'}
[7.531606] (fbg_msgs) StdoutLine: {'line': b'-- Installing: /home/jkang/InSituNeedle_Manipulation_FBG_FEM_ROS2/install/fbg_msgs/share/fbg_msgs/local_setup.zsh\n'}
[7.531777] (fbg_msgs) StdoutLine: {'line': b'-- Installing: /home/jkang/InSituNeedle_Manipulation_FBG_FEM_ROS2/install/fbg_msgs/share/fbg_msgs/local_setup.dsv\n'}
[7.531947] (fbg_msgs) StdoutLine: {'line': b'-- Installing: /home/jkang/InSituNeedle_Manipulation_FBG_FEM_ROS2/install/fbg_msgs/share/fbg_msgs/package.dsv\n'}
[7.532171] (fbg_msgs) StdoutLine: {'line': b'-- Installing: /home/jkang/InSituNeedle_Manipulation_FBG_FEM_ROS2/install/fbg_msgs/share/ament_index/resource_index/packages/fbg_msgs\n'}
[7.532384] (fbg_msgs) StdoutLine: {'line': b'-- Installing: /home/jkang/InSituNeedle_Manipulation_FBG_FEM_ROS2/install/fbg_msgs/share/fbg_msgs/cmake/fbg_msgs__rosidl_generator_cExport.cmake\n'}
[7.532570] (fbg_msgs) StdoutLine: {'line': b'-- Installing: /home/jkang/InSituNeedle_Manipulation_FBG_FEM_ROS2/install/fbg_msgs/share/fbg_msgs/cmake/fbg_msgs__rosidl_generator_cExport-noconfig.cmake\n'}
[7.532807] (fbg_msgs) StdoutLine: {'line': b'-- Installing: /home/jkang/InSituNeedle_Manipulation_FBG_FEM_ROS2/install/fbg_msgs/share/fbg_msgs/cmake/fbg_msgs__rosidl_typesupport_introspection_cExport.cmake\n'}
[7.533059] (fbg_msgs) StdoutLine: {'line': b'-- Installing: /home/jkang/InSituNeedle_Manipulation_FBG_FEM_ROS2/install/fbg_msgs/share/fbg_msgs/cmake/fbg_msgs__rosidl_typesupport_introspection_cExport-noconfig.cmake\n'}
[7.533291] (fbg_msgs) StdoutLine: {'line': b'-- Installing: /home/jkang/InSituNeedle_Manipulation_FBG_FEM_ROS2/install/fbg_msgs/share/fbg_msgs/cmake/fbg_msgs__rosidl_typesupport_cExport.cmake\n'}
[7.533437] (fbg_msgs) StdoutLine: {'line': b'-- Installing: /home/jkang/InSituNeedle_Manipulation_FBG_FEM_ROS2/install/fbg_msgs/share/fbg_msgs/cmake/fbg_msgs__rosidl_typesupport_cExport-noconfig.cmake\n'}
[7.533684] (fbg_msgs) StdoutLine: {'line': b'-- Installing: /home/jkang/InSituNeedle_Manipulation_FBG_FEM_ROS2/install/fbg_msgs/share/fbg_msgs/cmake/fbg_msgs__rosidl_generator_cppExport.cmake\n'}
[7.533947] (fbg_msgs) StdoutLine: {'line': b'-- Installing: /home/jkang/InSituNeedle_Manipulation_FBG_FEM_ROS2/install/fbg_msgs/share/fbg_msgs/cmake/fbg_msgs__rosidl_typesupport_introspection_cppExport.cmake\n'}
[7.534142] (fbg_msgs) StdoutLine: {'line': b'-- Installing: /home/jkang/InSituNeedle_Manipulation_FBG_FEM_ROS2/install/fbg_msgs/share/fbg_msgs/cmake/fbg_msgs__rosidl_typesupport_introspection_cppExport-noconfig.cmake\n'}
[7.534322] (fbg_msgs) StdoutLine: {'line': b'-- Installing: /home/jkang/InSituNeedle_Manipulation_FBG_FEM_ROS2/install/fbg_msgs/share/fbg_msgs/cmake/fbg_msgs__rosidl_typesupport_cppExport.cmake\n'}
[7.534508] (fbg_msgs) StdoutLine: {'line': b'-- Installing: /home/jkang/InSituNeedle_Manipulation_FBG_FEM_ROS2/install/fbg_msgs/share/fbg_msgs/cmake/fbg_msgs__rosidl_typesupport_cppExport-noconfig.cmake\n'}
[7.534691] (fbg_msgs) StdoutLine: {'line': b'-- Installing: /home/jkang/InSituNeedle_Manipulation_FBG_FEM_ROS2/install/fbg_msgs/share/fbg_msgs/cmake/rosidl_cmake-extras.cmake\n'}
[7.534949] (fbg_msgs) StdoutLine: {'line': b'-- Installing: /home/jkang/InSituNeedle_Manipulation_FBG_FEM_ROS2/install/fbg_msgs/share/fbg_msgs/cmake/ament_cmake_export_dependencies-extras.cmake\n'}
[7.535119] (fbg_msgs) StdoutLine: {'line': b'-- Installing: /home/jkang/InSituNeedle_Manipulation_FBG_FEM_ROS2/install/fbg_msgs/share/fbg_msgs/cmake/ament_cmake_export_libraries-extras.cmake\n'}
[7.535316] (fbg_msgs) StdoutLine: {'line': b'-- Installing: /home/jkang/InSituNeedle_Manipulation_FBG_FEM_ROS2/install/fbg_msgs/share/fbg_msgs/cmake/ament_cmake_export_targets-extras.cmake\n'}
[7.535540] (fbg_msgs) StdoutLine: {'line': b'-- Installing: /home/jkang/InSituNeedle_Manipulation_FBG_FEM_ROS2/install/fbg_msgs/share/fbg_msgs/cmake/ament_cmake_export_include_directories-extras.cmake\n'}
[7.535738] (fbg_msgs) StdoutLine: {'line': b'-- Installing: /home/jkang/InSituNeedle_Manipulation_FBG_FEM_ROS2/install/fbg_msgs/share/fbg_msgs/cmake/rosidl_cmake_export_typesupport_libraries-extras.cmake\n'}
[7.535901] (fbg_msgs) StdoutLine: {'line': b'-- Installing: /home/jkang/InSituNeedle_Manipulation_FBG_FEM_ROS2/install/fbg_msgs/share/fbg_msgs/cmake/rosidl_cmake_export_typesupport_targets-extras.cmake\n'}
[7.536035] (fbg_msgs) StdoutLine: {'line': b'-- Installing: /home/jkang/InSituNeedle_Manipulation_FBG_FEM_ROS2/install/fbg_msgs/share/fbg_msgs/cmake/fbg_msgsConfig.cmake\n'}
[7.536156] (fbg_msgs) StdoutLine: {'line': b'-- Installing: /home/jkang/InSituNeedle_Manipulation_FBG_FEM_ROS2/install/fbg_msgs/share/fbg_msgs/cmake/fbg_msgsConfig-version.cmake\n'}
[7.536278] (fbg_msgs) StdoutLine: {'line': b'-- Installing: /home/jkang/InSituNeedle_Manipulation_FBG_FEM_ROS2/install/fbg_msgs/share/fbg_msgs/package.xml\n'}
[7.539054] (fbg_msgs) CommandEnded: {'returncode': 0}
[7.623329] (-) TimerEvent: {}
[7.721161] (fbg_msgs) JobEnded: {'identifier': 'fbg_msgs', 'rc': 0}
[7.726327] (-) TimerEvent: {}
[7.726473] (curvature_srvcli) JobStarted: {'identifier': 'curvature_srvcli'}
[7.826600] (-) TimerEvent: {}
[7.927096] (-) TimerEvent: {}
[8.027398] (-) TimerEvent: {}
[8.127680] (-) TimerEvent: {}
[8.228026] (-) TimerEvent: {}
[8.328452] (-) TimerEvent: {}
[8.428734] (-) TimerEvent: {}
[8.529010] (-) TimerEvent: {}
[8.629290] (-) TimerEvent: {}
[8.729577] (-) TimerEvent: {}
[8.829860] (-) TimerEvent: {}
[8.930142] (-) TimerEvent: {}
[9.009466] (curvature_srvcli) Command: {'cmd': ['/usr/bin/python3', 'setup.py', 'egg_info', '--egg-base', '../../build/curvature_srvcli', 'build', '--build-base', '/home/jkang/InSituNeedle_Manipulation_FBG_FEM_ROS2/build/curvature_srvcli/build', 'install', '--record', '/home/jkang/InSituNeedle_Manipulation_FBG_FEM_ROS2/build/curvature_srvcli/install.log', '--single-version-externally-managed'], 'cwd': '/home/jkang/InSituNeedle_Manipulation_FBG_FEM_ROS2/src/curvature_srvcli', 'env': {'LESSOPEN': '| /usr/bin/lesspipe %s', 'USER': 'jkang', 'SSH_AGENT_PID': '1797', 'XDG_SESSION_TYPE': 'x11', 'SHLVL': '1', 'LD_LIBRARY_PATH': '/home/jkang/InSituNeedle_Manipulation_FBG_FEM_ROS2/install/fbg_msgs/lib:/opt/ros/galactic/opt/yaml_cpp_vendor/lib:/opt/ros/galactic/opt/rviz_ogre_vendor/lib:/opt/ros/galactic/lib/x86_64-linux-gnu:/opt/ros/galactic/lib', 'HOME': '/home/jkang', 'OLDPWD': '/home/jkang', 'DESKTOP_SESSION': 'ubuntu', 'ROS_PYTHON_VERSION': '3', 'GNOME_SHELL_SESSION_MODE': 'ubuntu', 'GTK_MODULES': 'gail:atk-bridge', 'MANAGERPID': '1564', 'DBUS_SESSION_BUS_ADDRESS': 'unix:path=/run/user/1000/bus', 'COLORTERM': 'truecolor', 'IM_CONFIG_PHASE': '1', 'ROS_DISTRO': 'galactic', 'LOGNAME': 'jkang', 'JOURNAL_STREAM': '8:49614', '_': '/usr/bin/colcon', 'ROS_VERSION': '2', 'XDG_SESSION_CLASS': 'user', 'USERNAME': 'jkang', 'TERM': 'xterm-256color', 'GNOME_DESKTOP_SESSION_ID': 'this-is-deprecated', 'ROS_LOCALHOST_ONLY': '0', 'WINDOWPATH': '2', 'PATH': '/opt/ros/galactic/bin:/home/jkang/.local/bin:/usr/local/sbin:/usr/local/bin:/usr/sbin:/usr/bin:/sbin:/bin:/usr/games:/usr/local/games:/snap/bin', 'SESSION_MANAGER': 'local/jkang-Legion-Y7000P-2019:@/tmp/.ICE-unix/1835,unix/jkang-Legion-Y7000P-2019:/tmp/.ICE-unix/1835', 'INVOCATION_ID': '761d7821df4848c8b418fb4eb5b7a057', 'XDG_MENU_PREFIX': 'gnome-', 'GNOME_TERMINAL_SCREEN': '/org/gnome/Terminal/screen/58bd454e_f82e_445b_9a22_7d9dfc90ee9f', 'XDG_RUNTIME_DIR': '/run/user/1000', 'DISPLAY': ':1', 'LANG': 'en_US.UTF-8', 'XDG_CURRENT_DESKTOP': 'ubuntu:GNOME', 'XMODIFIERS': '@im=ibus', 'XDG_SESSION_DESKTOP': 'ubuntu', 'XAUTHORITY': '/run/user/1000/gdm/Xauthority', 'LS_COLORS': 'rs=0:di=01;34:ln=01;36:mh=00:pi=40;33:so=01;35:do=01;35:bd=40;33;01:cd=40;33;01:or=40;31;01:mi=00:su=37;41:sg=30;43:ca=30;41:tw=30;42:ow=34;42:st=37;44:ex=01;32:*.tar=01;31:*.tgz=01;31:*.arc=01;31:*.arj=01;31:*.taz=01;31:*.lha=01;31:*.lz4=01;31:*.lzh=01;31:*.lzma=01;31:*.tlz=01;31:*.txz=01;31:*.tzo=01;31:*.t7z=01;31:*.zip=01;31:*.z=01;31:*.dz=01;31:*.gz=01;31:*.lrz=01;31:*.lz=01;31:*.lzo=01;31:*.xz=01;31:*.zst=01;31:*.tzst=01;31:*.bz2=01;31:*.bz=01;31:*.tbz=01;31:*.tbz2=01;31:*.tz=01;31:*.deb=01;31:*.rpm=01;31:*.jar=01;31:*.war=01;31:*.ear=01;31:*.sar=01;31:*.rar=01;31:*.alz=01;31:*.ace=01;31:*.zoo=01;31:*.cpio=01;31:*.7z=01;31:*.rz=01;31:*.cab=01;31:*.wim=01;31:*.swm=01;31:*.dwm=01;31:*.esd=01;31:*.jpg=01;35:*.jpeg=01;35:*.mjpg=01;35:*.mjpeg=01;35:*.gif=01;35:*.bmp=01;35:*.pbm=01;35:*.pgm=01;35:*.ppm=01;35:*.tga=01;35:*.xbm=01;35:*.xpm=01;35:*.tif=01;35:*.tiff=01;35:*.png=01;35:*.svg=01;35:*.svgz=01;35:*.mng=01;35:*.pcx=01;35:*.mov=01;35:*.mpg=01;35:*.mpeg=01;35:*.m2v=01;35:*.mkv=01;35:*.webm=01;35:*.ogm=01;35:*.mp4=01;35:*.m4v=01;35:*.mp4v=01;35:*.vob=01;35:*.qt=01;35:*.nuv=01;35:*.wmv=01;35:*.asf=01;35:*.rm=01;35:*.rmvb=01;35:*.flc=01;35:*.avi=01;35:*.fli=01;35:*.flv=01;35:*.gl=01;35:*.dl=01;35:*.xcf=01;35:*.xwd=01;35:*.yuv=01;35:*.cgm=01;35:*.emf=01;35:*.ogv=01;35:*.ogx=01;35:*.aac=00;36:*.au=00;36:*.flac=00;36:*.m4a=00;36:*.mid=00;36:*.midi=00;36:*.mka=00;36:*.mp3=00;36:*.mpc=00;36:*.ogg=00;36:*.ra=00;36:*.wav=00;36:*.oga=00;36:*.opus=00;36:*.spx=00;36:*.xspf=00;36:', 'GNOME_TERMINAL_SERVICE': ':1.638', 'SSH_AUTH_SOCK': '/run/user/1000/keyring/ssh', 'AMENT_PREFIX_PATH': '/home/jkang/InSituNeedle_Manipulation_FBG_FEM_ROS2/install/sm130_interrogator:/home/jkang/InSituNeedle_Manipulation_FBG_FEM_ROS2/install/fbg_msgs:/opt/ros/galactic', 'SHELL': '/bin/bash', 'QT_ACCESSIBILITY': '1', 'GDMSESSION': 'ubuntu', 'LESSCLOSE': '/usr/bin/lesspipe %s %s', 'GPG_AGENT_INFO': '/run/user/1000/gnupg/S.gpg-agent:0:1', 'QT_IM_MODULE': 'ibus', 'PWD': '/home/jkang/InSituNeedle_Manipulation_FBG_FEM_ROS2/build/curvature_srvcli', 'LC_ALL': 'en_US.UTF-8', 'XDG_CONFIG_DIRS': '/etc/xdg/xdg-ubuntu:/etc/xdg', 'XDG_DATA_DIRS': '/usr/share/ubuntu:/usr/local/share/:/usr/share/:/var/lib/snapd/desktop', 'PYTHONPATH': '/home/jkang/InSituNeedle_Manipulation_FBG_FEM_ROS2/build/curvature_srvcli/prefix_override:/home/jkang/InSituNeedle_Manipulation_FBG_FEM_ROS2/install/curvature_srvcli/lib/python3.8/site-packages:/home/jkang/InSituNeedle_Manipulation_FBG_FEM_ROS2/install/sm130_interrogator/lib/python3.8/site-packages:/home/jkang/InSituNeedle_Manipulation_FBG_FEM_ROS2/install/fbg_msgs/lib/python3.8/site-packages:/opt/ros/galactic/lib/python3.8/site-packages', 'COLCON': '1', 'VTE_VERSION': '6003', 'CMAKE_PREFIX_PATH': '/home/jkang/InSituNeedle_Manipulation_FBG_FEM_ROS2/install/fbg_msgs'}, 'shell': False}
[9.030261] (-) TimerEvent: {}
[9.130586] (-) TimerEvent: {}
[9.230864] (-) TimerEvent: {}
[9.331154] (-) TimerEvent: {}
[9.431430] (-) TimerEvent: {}
[9.471567] (curvature_srvcli) StdoutLine: {'line': b'running egg_info\n'}
[9.472372] (curvature_srvcli) StdoutLine: {'line': b'creating ../../build/curvature_srvcli/curvature_srvcli.egg-info\n'}
[9.490460] (curvature_srvcli) StdoutLine: {'line': b'writing ../../build/curvature_srvcli/curvature_srvcli.egg-info/PKG-INFO\n'}
[9.490779] (curvature_srvcli) StdoutLine: {'line': b'writing dependency_links to ../../build/curvature_srvcli/curvature_srvcli.egg-info/dependency_links.txt\n'}
[9.491064] (curvature_srvcli) StdoutLine: {'line': b'writing entry points to ../../build/curvature_srvcli/curvature_srvcli.egg-info/entry_points.txt\n'}
[9.491355] (curvature_srvcli) StdoutLine: {'line': b'writing requirements to ../../build/curvature_srvcli/curvature_srvcli.egg-info/requires.txt\n'}
[9.491489] (curvature_srvcli) StdoutLine: {'line': b'writing top-level names to ../../build/curvature_srvcli/curvature_srvcli.egg-info/top_level.txt\n'}
[9.492598] (curvature_srvcli) StdoutLine: {'line': b"writing manifest file '../../build/curvature_srvcli/curvature_srvcli.egg-info/SOURCES.txt'\n"}
[9.529687] (curvature_srvcli) StdoutLine: {'line': b"reading manifest file '../../build/curvature_srvcli/curvature_srvcli.egg-info/SOURCES.txt'\n"}
[9.530724] (curvature_srvcli) StdoutLine: {'line': b"writing manifest file '../../build/curvature_srvcli/curvature_srvcli.egg-info/SOURCES.txt'\n"}
[9.530979] (curvature_srvcli) StdoutLine: {'line': b'running build\n'}
[9.531131] (curvature_srvcli) StdoutLine: {'line': b'running build_py\n'}
[9.531371] (curvature_srvcli) StdoutLine: {'line': b'creating /home/jkang/InSituNeedle_Manipulation_FBG_FEM_ROS2/build/curvature_srvcli/build\n'}
[9.531504] (-) TimerEvent: {}
[9.531613] (curvature_srvcli) StdoutLine: {'line': b'creating /home/jkang/InSituNeedle_Manipulation_FBG_FEM_ROS2/build/curvature_srvcli/build/lib\n'}
[9.531923] (curvature_srvcli) StdoutLine: {'line': b'creating /home/jkang/InSituNeedle_Manipulation_FBG_FEM_ROS2/build/curvature_srvcli/build/lib/curvature_srvcli\n'}
[9.532161] (curvature_srvcli) StdoutLine: {'line': b'copying curvature_srvcli/FBG.py -> /home/jkang/InSituNeedle_Manipulation_FBG_FEM_ROS2/build/curvature_srvcli/build/lib/curvature_srvcli\n'}
[9.532281] (curvature_srvcli) StdoutLine: {'line': b'copying curvature_srvcli/curvature_member_function.py -> /home/jkang/InSituNeedle_Manipulation_FBG_FEM_ROS2/build/curvature_srvcli/build/lib/curvature_srvcli\n'}
[9.532371] (curvature_srvcli) StdoutLine: {'line': b'copying curvature_srvcli/client.py -> /home/jkang/InSituNeedle_Manipulation_FBG_FEM_ROS2/build/curvature_srvcli/build/lib/curvature_srvcli\n'}
[9.532457] (curvature_srvcli) StdoutLine: {'line': b'copying curvature_srvcli/publisher.py -> /home/jkang/InSituNeedle_Manipulation_FBG_FEM_ROS2/build/curvature_srvcli/build/lib/curvature_srvcli\n'}
[9.532541] (curvature_srvcli) StdoutLine: {'line': b'copying curvature_srvcli/__init__.py -> /home/jkang/InSituNeedle_Manipulation_FBG_FEM_ROS2/build/curvature_srvcli/build/lib/curvature_srvcli\n'}
[9.532646] (curvature_srvcli) StdoutLine: {'line': b'copying curvature_srvcli/server.py -> /home/jkang/InSituNeedle_Manipulation_FBG_FEM_ROS2/build/curvature_srvcli/build/lib/curvature_srvcli\n'}
[9.532735] (curvature_srvcli) StdoutLine: {'line': b'running install\n'}
[9.532904] (curvature_srvcli) StderrLine: {'line': b'/home/jkang/.local/lib/python3.8/site-packages/setuptools/command/install.py:34: SetuptoolsDeprecationWarning: setup.py install is deprecated. Use build and pip and other standards-based tools.\n'}
[9.533027] (curvature_srvcli) StderrLine: {'line': b'  warnings.warn(\n'}
[9.543214] (curvature_srvcli) StdoutLine: {'line': b'running install_lib\n'}
[9.561810] (curvature_srvcli) StdoutLine: {'line': b'creating /home/jkang/InSituNeedle_Manipulation_FBG_FEM_ROS2/install/curvature_srvcli/lib/python3.8/site-packages/curvature_srvcli\n'}
[9.562056] (curvature_srvcli) StdoutLine: {'line': b'copying /home/jkang/InSituNeedle_Manipulation_FBG_FEM_ROS2/build/curvature_srvcli/build/lib/curvature_srvcli/FBG.py -> /home/jkang/InSituNeedle_Manipulation_FBG_FEM_ROS2/install/curvature_srvcli/lib/python3.8/site-packages/curvature_srvcli\n'}
[9.562276] (curvature_srvcli) StdoutLine: {'line': b'copying /home/jkang/InSituNeedle_Manipulation_FBG_FEM_ROS2/build/curvature_srvcli/build/lib/curvature_srvcli/curvature_member_function.py -> /home/jkang/InSituNeedle_Manipulation_FBG_FEM_ROS2/install/curvature_srvcli/lib/python3.8/site-packages/curvature_srvcli\n'}
[9.562552] (curvature_srvcli) StdoutLine: {'line': b'copying /home/jkang/InSituNeedle_Manipulation_FBG_FEM_ROS2/build/curvature_srvcli/build/lib/curvature_srvcli/client.py -> /home/jkang/InSituNeedle_Manipulation_FBG_FEM_ROS2/install/curvature_srvcli/lib/python3.8/site-packages/curvature_srvcli\n'}
[9.562705] (curvature_srvcli) StdoutLine: {'line': b'copying /home/jkang/InSituNeedle_Manipulation_FBG_FEM_ROS2/build/curvature_srvcli/build/lib/curvature_srvcli/publisher.py -> /home/jkang/InSituNeedle_Manipulation_FBG_FEM_ROS2/install/curvature_srvcli/lib/python3.8/site-packages/curvature_srvcli\n'}
[9.562800] (curvature_srvcli) StdoutLine: {'line': b'copying /home/jkang/InSituNeedle_Manipulation_FBG_FEM_ROS2/build/curvature_srvcli/build/lib/curvature_srvcli/__init__.py -> /home/jkang/InSituNeedle_Manipulation_FBG_FEM_ROS2/install/curvature_srvcli/lib/python3.8/site-packages/curvature_srvcli\n'}
[9.562886] (curvature_srvcli) StdoutLine: {'line': b'copying /home/jkang/InSituNeedle_Manipulation_FBG_FEM_ROS2/build/curvature_srvcli/build/lib/curvature_srvcli/server.py -> /home/jkang/InSituNeedle_Manipulation_FBG_FEM_ROS2/install/curvature_srvcli/lib/python3.8/site-packages/curvature_srvcli\n'}
[9.563283] (curvature_srvcli) StdoutLine: {'line': b'byte-compiling /home/jkang/InSituNeedle_Manipulation_FBG_FEM_ROS2/install/curvature_srvcli/lib/python3.8/site-packages/curvature_srvcli/FBG.py to FBG.cpython-38.pyc\n'}
[9.564195] (curvature_srvcli) StdoutLine: {'line': b'byte-compiling /home/jkang/InSituNeedle_Manipulation_FBG_FEM_ROS2/install/curvature_srvcli/lib/python3.8/site-packages/curvature_srvcli/curvature_member_function.py to curvature_member_function.cpython-38.pyc\n'}
[9.565001] (curvature_srvcli) StdoutLine: {'line': b'byte-compiling /home/jkang/InSituNeedle_Manipulation_FBG_FEM_ROS2/install/curvature_srvcli/lib/python3.8/site-packages/curvature_srvcli/client.py to client.cpython-38.pyc\n'}
[9.565411] (curvature_srvcli) StdoutLine: {'line': b'byte-compiling /home/jkang/InSituNeedle_Manipulation_FBG_FEM_ROS2/install/curvature_srvcli/lib/python3.8/site-packages/curvature_srvcli/publisher.py to publisher.cpython-38.pyc\n'}
[9.565739] (curvature_srvcli) StdoutLine: {'line': b'byte-compiling /home/jkang/InSituNeedle_Manipulation_FBG_FEM_ROS2/install/curvature_srvcli/lib/python3.8/site-packages/curvature_srvcli/__init__.py to __init__.cpython-38.pyc\n'}
[9.565970] (curvature_srvcli) StdoutLine: {'line': b'byte-compiling /home/jkang/InSituNeedle_Manipulation_FBG_FEM_ROS2/install/curvature_srvcli/lib/python3.8/site-packages/curvature_srvcli/server.py to server.cpython-38.pyc\n'}
[9.566282] (curvature_srvcli) StdoutLine: {'line': b'running install_data\n'}
[9.584719] (curvature_srvcli) StdoutLine: {'line': b'creating /home/jkang/InSituNeedle_Manipulation_FBG_FEM_ROS2/install/curvature_srvcli/share/ament_index\n'}
[9.584953] (curvature_srvcli) StdoutLine: {'line': b'creating /home/jkang/InSituNeedle_Manipulation_FBG_FEM_ROS2/install/curvature_srvcli/share/ament_index/resource_index\n'}
[9.585078] (curvature_srvcli) StdoutLine: {'line': b'creating /home/jkang/InSituNeedle_Manipulation_FBG_FEM_ROS2/install/curvature_srvcli/share/ament_index/resource_index/packages\n'}
[9.585286] (curvature_srvcli) StdoutLine: {'line': b'copying resource/curvature_srvcli -> /home/jkang/InSituNeedle_Manipulation_FBG_FEM_ROS2/install/curvature_srvcli/share/ament_index/resource_index/packages\n'}
[9.585508] (curvature_srvcli) StdoutLine: {'line': b'copying package.xml -> /home/jkang/InSituNeedle_Manipulation_FBG_FEM_ROS2/install/curvature_srvcli/share/curvature_srvcli\n'}
[9.585615] (curvature_srvcli) StdoutLine: {'line': b'copying launch/sm130_launch.xml -> /home/jkang/InSituNeedle_Manipulation_FBG_FEM_ROS2/install/curvature_srvcli/share/curvature_srvcli\n'}
[9.585705] (curvature_srvcli) StdoutLine: {'line': b'running install_egg_info\n'}
[9.604826] (curvature_srvcli) StdoutLine: {'line': b'Copying ../../build/curvature_srvcli/curvature_srvcli.egg-info to /home/jkang/InSituNeedle_Manipulation_FBG_FEM_ROS2/install/curvature_srvcli/lib/python3.8/site-packages/curvature_srvcli-0.0.0-py3.8.egg-info\n'}
[9.605945] (curvature_srvcli) StdoutLine: {'line': b'running install_scripts\n'}
[9.631622] (-) TimerEvent: {}
[9.688540] (curvature_srvcli) StdoutLine: {'line': b'Installing client script to /home/jkang/InSituNeedle_Manipulation_FBG_FEM_ROS2/install/curvature_srvcli/lib/curvature_srvcli\n'}
[9.688822] (curvature_srvcli) StdoutLine: {'line': b'Installing publisher script to /home/jkang/InSituNeedle_Manipulation_FBG_FEM_ROS2/install/curvature_srvcli/lib/curvature_srvcli\n'}
[9.689056] (curvature_srvcli) StdoutLine: {'line': b'Installing server script to /home/jkang/InSituNeedle_Manipulation_FBG_FEM_ROS2/install/curvature_srvcli/lib/curvature_srvcli\n'}
[9.689336] (curvature_srvcli) StdoutLine: {'line': b"writing list of installed files to '/home/jkang/InSituNeedle_Manipulation_FBG_FEM_ROS2/build/curvature_srvcli/install.log'\n"}
[9.729002] (curvature_srvcli) CommandEnded: {'returncode': 0}
[9.731705] (-) TimerEvent: {}
[9.746129] (curvature_srvcli) JobEnded: {'identifier': 'curvature_srvcli', 'rc': 0}
[9.747259] (-) EventReactorShutdown: {}
