[0.000000] (-) TimerEvent: {}
[0.000122] (assignment1_msgs) JobQueued: {'identifier': 'assignment1_msgs', 'dependencies': OrderedDict()}
[0.000193] (fbg_msgs) JobQueued: {'identifier': 'fbg_msgs', 'dependencies': OrderedDict()}
[0.000232] (sm130_interrogator) JobQueued: {'identifier': 'sm130_interrogator', 'dependencies': OrderedDict()}
[0.000248] (assignment1_srvcli) JobQueued: {'identifier': 'assignment1_srvcli', 'dependencies': OrderedDict([('assignment1_msgs', '/home/jkang/InSituNeedle_Manipulation_FBG_FEM_ROS2/install/assignment1_msgs')])}
[0.000279] (assignment1_subpub) JobQueued: {'identifier': 'assignment1_subpub', 'dependencies': OrderedDict([('assignment1_msgs', '/home/jkang/InSituNeedle_Manipulation_FBG_FEM_ROS2/install/assignment1_msgs')])}
[0.000354] (curvature_srvcli) JobQueued: {'identifier': 'curvature_srvcli', 'dependencies': OrderedDict([('fbg_msgs', '/home/jkang/InSituNeedle_Manipulation_FBG_FEM_ROS2/install/fbg_msgs'), ('sm130_interrogator', '/home/jkang/InSituNeedle_Manipulation_FBG_FEM_ROS2/install/sm130_interrogator')])}
[0.000432] (assignment1_msgs) JobStarted: {'identifier': 'assignment1_msgs'}
[0.018400] (fbg_msgs) JobStarted: {'identifier': 'fbg_msgs'}
[0.028130] (sm130_interrogator) JobStarted: {'identifier': 'sm130_interrogator'}
[0.042800] (assignment1_msgs) JobProgress: {'identifier': 'assignment1_msgs', 'progress': 'cmake'}
[0.043224] (assignment1_msgs) Command: {'cmd': ['/usr/bin/cmake', '/home/jkang/InSituNeedle_Manipulation_FBG_FEM_ROS2/src/assignment1/assignment1_msgs', '-DCMAKE_INSTALL_PREFIX=/home/jkang/InSituNeedle_Manipulation_FBG_FEM_ROS2/install/assignment1_msgs'], 'cwd': '/home/jkang/InSituNeedle_Manipulation_FBG_FEM_ROS2/build/assignment1_msgs', 'env': OrderedDict([('LESSOPEN', '| /usr/bin/lesspipe %s'), ('USER', 'jkang'), ('SSH_AGENT_PID', '1772'), ('XDG_SESSION_TYPE', 'x11'), ('SHLVL', '1'), ('LD_LIBRARY_PATH', '/home/jkang/rsp_homework/install/turtles/lib:/home/jkang/rsp_homework/install/pnp_actionlib/lib:/home/jkang/rsp_homework/install/pnp_msgs/lib:/home/jkang/rsp_homework/install/assignment1_subpub/lib:/home/jkang/rsp_homework/install/assignment1_srvcli/lib:/home/jkang/rsp_homework/install/assignment1_msgs/lib:/opt/ros/galactic/opt/yaml_cpp_vendor/lib:/opt/ros/galactic/opt/rviz_ogre_vendor/lib:/opt/ros/galactic/lib/x86_64-linux-gnu:/opt/ros/galactic/lib'), ('HOME', '/home/jkang'), ('OLDPWD', '/home/jkang'), ('DESKTOP_SESSION', 'ubuntu'), ('ROS_PYTHON_VERSION', '3'), ('GNOME_SHELL_SESSION_MODE', 'ubuntu'), ('GTK_MODULES', 'gail:atk-bridge'), ('MANAGERPID', '1535'), ('DBUS_SESSION_BUS_ADDRESS', 'unix:path=/run/user/1000/bus'), ('COLORTERM', 'truecolor'), ('IM_CONFIG_PHASE', '1'), ('COLCON_PREFIX_PATH', '/home/jkang/rsp_homework/install'), ('ROS_DISTRO', 'galactic'), ('LOGNAME', 'jkang'), ('JOURNAL_STREAM', '8:45484'), ('_', '/usr/bin/colcon'), ('ROS_VERSION', '2'), ('XDG_SESSION_CLASS', 'user'), ('USERNAME', 'jkang'), ('TERM', 'xterm-256color'), ('GNOME_DESKTOP_SESSION_ID', 'this-is-deprecated'), ('ROS_LOCALHOST_ONLY', '0'), ('WINDOWPATH', '2'), ('PATH', '/opt/ros/galactic/bin:/home/jkang/.local/bin:/usr/local/sbin:/usr/local/bin:/usr/sbin:/usr/bin:/sbin:/bin:/usr/games:/usr/local/games:/snap/bin'), ('SESSION_MANAGER', 'local/jkang-Legion-Y7000P-2019:@/tmp/.ICE-unix/1810,unix/jkang-Legion-Y7000P-2019:/tmp/.ICE-unix/1810'), ('INVOCATION_ID', 'b654e1dc32bc4c8b8938729b76e5b54e'), ('XDG_MENU_PREFIX', 'gnome-'), ('GNOME_TERMINAL_SCREEN', '/org/gnome/Terminal/screen/df3fb9ee_23b9_4e3b_8fa3_27bbcbb8349c'), ('XDG_RUNTIME_DIR', '/run/user/1000'), ('DISPLAY', ':1'), ('LANG', 'en_US.UTF-8'), ('XDG_CURRENT_DESKTOP', 'ubuntu:GNOME'), ('XMODIFIERS', '@im=ibus'), ('XDG_SESSION_DESKTOP', 'ubuntu'), ('XAUTHORITY', '/run/user/1000/gdm/Xauthority'), ('LS_COLORS', 'rs=0:di=01;34:ln=01;36:mh=00:pi=40;33:so=01;35:do=01;35:bd=40;33;01:cd=40;33;01:or=40;31;01:mi=00:su=37;41:sg=30;43:ca=30;41:tw=30;42:ow=34;42:st=37;44:ex=01;32:*.tar=01;31:*.tgz=01;31:*.arc=01;31:*.arj=01;31:*.taz=01;31:*.lha=01;31:*.lz4=01;31:*.lzh=01;31:*.lzma=01;31:*.tlz=01;31:*.txz=01;31:*.tzo=01;31:*.t7z=01;31:*.zip=01;31:*.z=01;31:*.dz=01;31:*.gz=01;31:*.lrz=01;31:*.lz=01;31:*.lzo=01;31:*.xz=01;31:*.zst=01;31:*.tzst=01;31:*.bz2=01;31:*.bz=01;31:*.tbz=01;31:*.tbz2=01;31:*.tz=01;31:*.deb=01;31:*.rpm=01;31:*.jar=01;31:*.war=01;31:*.ear=01;31:*.sar=01;31:*.rar=01;31:*.alz=01;31:*.ace=01;31:*.zoo=01;31:*.cpio=01;31:*.7z=01;31:*.rz=01;31:*.cab=01;31:*.wim=01;31:*.swm=01;31:*.dwm=01;31:*.esd=01;31:*.jpg=01;35:*.jpeg=01;35:*.mjpg=01;35:*.mjpeg=01;35:*.gif=01;35:*.bmp=01;35:*.pbm=01;35:*.pgm=01;35:*.ppm=01;35:*.tga=01;35:*.xbm=01;35:*.xpm=01;35:*.tif=01;35:*.tiff=01;35:*.png=01;35:*.svg=01;35:*.svgz=01;35:*.mng=01;35:*.pcx=01;35:*.mov=01;35:*.mpg=01;35:*.mpeg=01;35:*.m2v=01;35:*.mkv=01;35:*.webm=01;35:*.ogm=01;35:*.mp4=01;35:*.m4v=01;35:*.mp4v=01;35:*.vob=01;35:*.qt=01;35:*.nuv=01;35:*.wmv=01;35:*.asf=01;35:*.rm=01;35:*.rmvb=01;35:*.flc=01;35:*.avi=01;35:*.fli=01;35:*.flv=01;35:*.gl=01;35:*.dl=01;35:*.xcf=01;35:*.xwd=01;35:*.yuv=01;35:*.cgm=01;35:*.emf=01;35:*.ogv=01;35:*.ogx=01;35:*.aac=00;36:*.au=00;36:*.flac=00;36:*.m4a=00;36:*.mid=00;36:*.midi=00;36:*.mka=00;36:*.mp3=00;36:*.mpc=00;36:*.ogg=00;36:*.ra=00;36:*.wav=00;36:*.oga=00;36:*.opus=00;36:*.spx=00;36:*.xspf=00;36:'), ('GNOME_TERMINAL_SERVICE', ':1.105'), ('SSH_AUTH_SOCK', '/run/user/1000/keyring/ssh'), ('AMENT_PREFIX_PATH', '/home/jkang/rsp_homework/install/turtles:/home/jkang/rsp_homework/install/pnp_actionlib:/home/jkang/rsp_homework/install/pnp_msgs:/home/jkang/rsp_homework/install/assignment1_subpub:/home/jkang/rsp_homework/install/assignment1_srvcli:/home/jkang/rsp_homework/install/assignment1_msgs:/opt/ros/galactic'), ('SHELL', '/bin/bash'), ('QT_ACCESSIBILITY', '1'), ('GDMSESSION', 'ubuntu'), ('LESSCLOSE', '/usr/bin/lesspipe %s %s'), ('GPG_AGENT_INFO', '/run/user/1000/gnupg/S.gpg-agent:0:1'), ('QT_IM_MODULE', 'ibus'), ('PWD', '/home/jkang/InSituNeedle_Manipulation_FBG_FEM_ROS2/build/assignment1_msgs'), ('LC_ALL', 'en_US.UTF-8'), ('XDG_CONFIG_DIRS', '/etc/xdg/xdg-ubuntu:/etc/xdg'), ('XDG_DATA_DIRS', '/usr/share/ubuntu:/usr/local/share/:/usr/share/:/var/lib/snapd/desktop'), ('PYTHONPATH', '/home/jkang/rsp_homework/install/pnp_msgs/lib/python3.8/site-packages:/home/jkang/rsp_homework/install/assignment1_msgs/lib/python3.8/site-packages:/opt/ros/galactic/lib/python3.8/site-packages'), ('COLCON', '1'), ('VTE_VERSION', '6003'), ('CMAKE_PREFIX_PATH', '/home/jkang/rsp_homework/install/turtles:/home/jkang/rsp_homework/install/pnp_actionlib:/home/jkang/rsp_homework/install/pnp_msgs:/home/jkang/rsp_homework/install/assignment1_subpub:/home/jkang/rsp_homework/install/assignment1_srvcli:/home/jkang/rsp_homework/install/assignment1_msgs:/opt/ros/galactic')]), 'shell': False}
[0.047843] (fbg_msgs) JobProgress: {'identifier': 'fbg_msgs', 'progress': 'cmake'}
[0.048612] (fbg_msgs) JobProgress: {'identifier': 'fbg_msgs', 'progress': 'build'}
[0.050228] (fbg_msgs) Command: {'cmd': ['/usr/bin/cmake', '--build', '/home/jkang/InSituNeedle_Manipulation_FBG_FEM_ROS2/build/fbg_msgs', '--', '-j12', '-l12'], 'cwd': '/home/jkang/InSituNeedle_Manipulation_FBG_FEM_ROS2/build/fbg_msgs', 'env': OrderedDict([('LESSOPEN', '| /usr/bin/lesspipe %s'), ('USER', 'jkang'), ('SSH_AGENT_PID', '1772'), ('XDG_SESSION_TYPE', 'x11'), ('SHLVL', '1'), ('LD_LIBRARY_PATH', '/home/jkang/rsp_homework/install/turtles/lib:/home/jkang/rsp_homework/install/pnp_actionlib/lib:/home/jkang/rsp_homework/install/pnp_msgs/lib:/home/jkang/rsp_homework/install/assignment1_subpub/lib:/home/jkang/rsp_homework/install/assignment1_srvcli/lib:/home/jkang/rsp_homework/install/assignment1_msgs/lib:/opt/ros/galactic/opt/yaml_cpp_vendor/lib:/opt/ros/galactic/opt/rviz_ogre_vendor/lib:/opt/ros/galactic/lib/x86_64-linux-gnu:/opt/ros/galactic/lib'), ('HOME', '/home/jkang'), ('OLDPWD', '/home/jkang'), ('DESKTOP_SESSION', 'ubuntu'), ('ROS_PYTHON_VERSION', '3'), ('GNOME_SHELL_SESSION_MODE', 'ubuntu'), ('GTK_MODULES', 'gail:atk-bridge'), ('MANAGERPID', '1535'), ('DBUS_SESSION_BUS_ADDRESS', 'unix:path=/run/user/1000/bus'), ('COLORTERM', 'truecolor'), ('IM_CONFIG_PHASE', '1'), ('COLCON_PREFIX_PATH', '/home/jkang/rsp_homework/install'), ('ROS_DISTRO', 'galactic'), ('LOGNAME', 'jkang'), ('JOURNAL_STREAM', '8:45484'), ('_', '/usr/bin/colcon'), ('ROS_VERSION', '2'), ('XDG_SESSION_CLASS', 'user'), ('USERNAME', 'jkang'), ('TERM', 'xterm-256color'), ('GNOME_DESKTOP_SESSION_ID', 'this-is-deprecated'), ('ROS_LOCALHOST_ONLY', '0'), ('WINDOWPATH', '2'), ('PATH', '/opt/ros/galactic/bin:/home/jkang/.local/bin:/usr/local/sbin:/usr/local/bin:/usr/sbin:/usr/bin:/sbin:/bin:/usr/games:/usr/local/games:/snap/bin'), ('SESSION_MANAGER', 'local/jkang-Legion-Y7000P-2019:@/tmp/.ICE-unix/1810,unix/jkang-Legion-Y7000P-2019:/tmp/.ICE-unix/1810'), ('INVOCATION_ID', 'b654e1dc32bc4c8b8938729b76e5b54e'), ('XDG_MENU_PREFIX', 'gnome-'), ('GNOME_TERMINAL_SCREEN', '/org/gnome/Terminal/screen/df3fb9ee_23b9_4e3b_8fa3_27bbcbb8349c'), ('XDG_RUNTIME_DIR', '/run/user/1000'), ('DISPLAY', ':1'), ('LANG', 'en_US.UTF-8'), ('XDG_CURRENT_DESKTOP', 'ubuntu:GNOME'), ('XMODIFIERS', '@im=ibus'), ('XDG_SESSION_DESKTOP', 'ubuntu'), ('XAUTHORITY', '/run/user/1000/gdm/Xauthority'), ('LS_COLORS', 'rs=0:di=01;34:ln=01;36:mh=00:pi=40;33:so=01;35:do=01;35:bd=40;33;01:cd=40;33;01:or=40;31;01:mi=00:su=37;41:sg=30;43:ca=30;41:tw=30;42:ow=34;42:st=37;44:ex=01;32:*.tar=01;31:*.tgz=01;31:*.arc=01;31:*.arj=01;31:*.taz=01;31:*.lha=01;31:*.lz4=01;31:*.lzh=01;31:*.lzma=01;31:*.tlz=01;31:*.txz=01;31:*.tzo=01;31:*.t7z=01;31:*.zip=01;31:*.z=01;31:*.dz=01;31:*.gz=01;31:*.lrz=01;31:*.lz=01;31:*.lzo=01;31:*.xz=01;31:*.zst=01;31:*.tzst=01;31:*.bz2=01;31:*.bz=01;31:*.tbz=01;31:*.tbz2=01;31:*.tz=01;31:*.deb=01;31:*.rpm=01;31:*.jar=01;31:*.war=01;31:*.ear=01;31:*.sar=01;31:*.rar=01;31:*.alz=01;31:*.ace=01;31:*.zoo=01;31:*.cpio=01;31:*.7z=01;31:*.rz=01;31:*.cab=01;31:*.wim=01;31:*.swm=01;31:*.dwm=01;31:*.esd=01;31:*.jpg=01;35:*.jpeg=01;35:*.mjpg=01;35:*.mjpeg=01;35:*.gif=01;35:*.bmp=01;35:*.pbm=01;35:*.pgm=01;35:*.ppm=01;35:*.tga=01;35:*.xbm=01;35:*.xpm=01;35:*.tif=01;35:*.tiff=01;35:*.png=01;35:*.svg=01;35:*.svgz=01;35:*.mng=01;35:*.pcx=01;35:*.mov=01;35:*.mpg=01;35:*.mpeg=01;35:*.m2v=01;35:*.mkv=01;35:*.webm=01;35:*.ogm=01;35:*.mp4=01;35:*.m4v=01;35:*.mp4v=01;35:*.vob=01;35:*.qt=01;35:*.nuv=01;35:*.wmv=01;35:*.asf=01;35:*.rm=01;35:*.rmvb=01;35:*.flc=01;35:*.avi=01;35:*.fli=01;35:*.flv=01;35:*.gl=01;35:*.dl=01;35:*.xcf=01;35:*.xwd=01;35:*.yuv=01;35:*.cgm=01;35:*.emf=01;35:*.ogv=01;35:*.ogx=01;35:*.aac=00;36:*.au=00;36:*.flac=00;36:*.m4a=00;36:*.mid=00;36:*.midi=00;36:*.mka=00;36:*.mp3=00;36:*.mpc=00;36:*.ogg=00;36:*.ra=00;36:*.wav=00;36:*.oga=00;36:*.opus=00;36:*.spx=00;36:*.xspf=00;36:'), ('GNOME_TERMINAL_SERVICE', ':1.105'), ('SSH_AUTH_SOCK', '/run/user/1000/keyring/ssh'), ('AMENT_PREFIX_PATH', '/home/jkang/rsp_homework/install/turtles:/home/jkang/rsp_homework/install/pnp_actionlib:/home/jkang/rsp_homework/install/pnp_msgs:/home/jkang/rsp_homework/install/assignment1_subpub:/home/jkang/rsp_homework/install/assignment1_srvcli:/home/jkang/rsp_homework/install/assignment1_msgs:/opt/ros/galactic'), ('SHELL', '/bin/bash'), ('QT_ACCESSIBILITY', '1'), ('GDMSESSION', 'ubuntu'), ('LESSCLOSE', '/usr/bin/lesspipe %s %s'), ('GPG_AGENT_INFO', '/run/user/1000/gnupg/S.gpg-agent:0:1'), ('QT_IM_MODULE', 'ibus'), ('PWD', '/home/jkang/InSituNeedle_Manipulation_FBG_FEM_ROS2/build/fbg_msgs'), ('LC_ALL', 'en_US.UTF-8'), ('XDG_CONFIG_DIRS', '/etc/xdg/xdg-ubuntu:/etc/xdg'), ('XDG_DATA_DIRS', '/usr/share/ubuntu:/usr/local/share/:/usr/share/:/var/lib/snapd/desktop'), ('PYTHONPATH', '/home/jkang/rsp_homework/install/pnp_msgs/lib/python3.8/site-packages:/home/jkang/rsp_homework/install/assignment1_msgs/lib/python3.8/site-packages:/opt/ros/galactic/lib/python3.8/site-packages'), ('COLCON', '1'), ('VTE_VERSION', '6003'), ('CMAKE_PREFIX_PATH', '/home/jkang/rsp_homework/install/turtles:/home/jkang/rsp_homework/install/pnp_actionlib:/home/jkang/rsp_homework/install/pnp_msgs:/home/jkang/rsp_homework/install/assignment1_subpub:/home/jkang/rsp_homework/install/assignment1_srvcli:/home/jkang/rsp_homework/install/assignment1_msgs:/opt/ros/galactic')]), 'shell': False}
[0.098464] (-) TimerEvent: {}
[0.106662] (fbg_msgs) StdoutLine: {'line': b'[  2%] Built target fbg_msgs__cpp\n'}
[0.107144] (assignment1_msgs) StdoutLine: {'line': b'-- The C compiler identification is GNU 9.4.0\n'}
[0.107343] (fbg_msgs) StdoutLine: {'line': b'[ 12%] Built target fbg_msgs__rosidl_generator_c\n'}
[0.135040] (fbg_msgs) StdoutLine: {'line': b'[ 44%] Built target fbg_msgs__rosidl_typesupport_introspection_c\n'}
[0.135636] (fbg_msgs) StdoutLine: {'line': b'[ 44%] Built target fbg_msgs__rosidl_typesupport_cpp\n'}
[0.135845] (fbg_msgs) StdoutLine: {'line': b'[ 44%] Built target fbg_msgs__rosidl_typesupport_introspection_cpp\n'}
[0.137517] (fbg_msgs) StdoutLine: {'line': b'[ 55%] Built target fbg_msgs__rosidl_typesupport_c\n'}
[0.139954] (fbg_msgs) StdoutLine: {'line': b'[ 65%] Built target fbg_msgs__rosidl_typesupport_fastrtps_cpp\n'}
[0.166453] (fbg_msgs) StdoutLine: {'line': b'[ 76%] Built target fbg_msgs__rosidl_typesupport_fastrtps_c\n'}
[0.173510] (assignment1_msgs) StdoutLine: {'line': b'-- The CXX compiler identification is GNU 9.4.0\n'}
[0.178270] (assignment1_msgs) StdoutLine: {'line': b'-- Check for working C compiler: /usr/bin/cc\n'}
[0.187188] (fbg_msgs) StdoutLine: {'line': b'[ 76%] Built target fbg_msgs\n'}
[0.198562] (-) TimerEvent: {}
[0.207298] (fbg_msgs) StdoutLine: {'line': b'[ 78%] Built target fbg_msgs__py\n'}
[0.233697] (fbg_msgs) StdoutLine: {'line': b'[ 87%] Built target fbg_msgs__python\n'}
[0.245981] (assignment1_msgs) StdoutLine: {'line': b'-- Check for working C compiler: /usr/bin/cc -- works\n'}
[0.247774] (assignment1_msgs) StdoutLine: {'line': b'-- Detecting C compiler ABI info\n'}
[0.262609] (fbg_msgs) StdoutLine: {'line': b'[ 97%] Built target fbg_msgs__rosidl_typesupport_fastrtps_c__pyext\n'}
[0.262898] (fbg_msgs) StdoutLine: {'line': b'[ 97%] Built target fbg_msgs__rosidl_typesupport_introspection_c__pyext\n'}
[0.263097] (fbg_msgs) StdoutLine: {'line': b'[100%] Built target fbg_msgs__rosidl_typesupport_c__pyext\n'}
[0.298692] (-) TimerEvent: {}
[0.316379] (assignment1_msgs) StdoutLine: {'line': b'-- Detecting C compiler ABI info - done\n'}
[0.335141] (assignment1_msgs) StdoutLine: {'line': b'-- Detecting C compile features\n'}
[0.335804] (assignment1_msgs) StdoutLine: {'line': b'-- Detecting C compile features - done\n'}
[0.339280] (assignment1_msgs) StdoutLine: {'line': b'-- Check for working CXX compiler: /usr/bin/c++\n'}
[0.399004] (-) TimerEvent: {}
[0.400427] (fbg_msgs) CommandEnded: {'returncode': 0}
[0.418494] (assignment1_msgs) StdoutLine: {'line': b'-- Check for working CXX compiler: /usr/bin/c++ -- works\n'}
[0.419399] (assignment1_msgs) StdoutLine: {'line': b'-- Detecting CXX compiler ABI info\n'}
[0.484306] (fbg_msgs) JobProgress: {'identifier': 'fbg_msgs', 'progress': 'install'}
[0.494993] (fbg_msgs) Command: {'cmd': ['/usr/bin/cmake', '--install', '/home/jkang/InSituNeedle_Manipulation_FBG_FEM_ROS2/build/fbg_msgs'], 'cwd': '/home/jkang/InSituNeedle_Manipulation_FBG_FEM_ROS2/build/fbg_msgs', 'env': OrderedDict([('LESSOPEN', '| /usr/bin/lesspipe %s'), ('USER', 'jkang'), ('SSH_AGENT_PID', '1772'), ('XDG_SESSION_TYPE', 'x11'), ('SHLVL', '1'), ('LD_LIBRARY_PATH', '/home/jkang/rsp_homework/install/turtles/lib:/home/jkang/rsp_homework/install/pnp_actionlib/lib:/home/jkang/rsp_homework/install/pnp_msgs/lib:/home/jkang/rsp_homework/install/assignment1_subpub/lib:/home/jkang/rsp_homework/install/assignment1_srvcli/lib:/home/jkang/rsp_homework/install/assignment1_msgs/lib:/opt/ros/galactic/opt/yaml_cpp_vendor/lib:/opt/ros/galactic/opt/rviz_ogre_vendor/lib:/opt/ros/galactic/lib/x86_64-linux-gnu:/opt/ros/galactic/lib'), ('HOME', '/home/jkang'), ('OLDPWD', '/home/jkang'), ('DESKTOP_SESSION', 'ubuntu'), ('ROS_PYTHON_VERSION', '3'), ('GNOME_SHELL_SESSION_MODE', 'ubuntu'), ('GTK_MODULES', 'gail:atk-bridge'), ('MANAGERPID', '1535'), ('DBUS_SESSION_BUS_ADDRESS', 'unix:path=/run/user/1000/bus'), ('COLORTERM', 'truecolor'), ('IM_CONFIG_PHASE', '1'), ('COLCON_PREFIX_PATH', '/home/jkang/rsp_homework/install'), ('ROS_DISTRO', 'galactic'), ('LOGNAME', 'jkang'), ('JOURNAL_STREAM', '8:45484'), ('_', '/usr/bin/colcon'), ('ROS_VERSION', '2'), ('XDG_SESSION_CLASS', 'user'), ('USERNAME', 'jkang'), ('TERM', 'xterm-256color'), ('GNOME_DESKTOP_SESSION_ID', 'this-is-deprecated'), ('ROS_LOCALHOST_ONLY', '0'), ('WINDOWPATH', '2'), ('PATH', '/opt/ros/galactic/bin:/home/jkang/.local/bin:/usr/local/sbin:/usr/local/bin:/usr/sbin:/usr/bin:/sbin:/bin:/usr/games:/usr/local/games:/snap/bin'), ('SESSION_MANAGER', 'local/jkang-Legion-Y7000P-2019:@/tmp/.ICE-unix/1810,unix/jkang-Legion-Y7000P-2019:/tmp/.ICE-unix/1810'), ('INVOCATION_ID', 'b654e1dc32bc4c8b8938729b76e5b54e'), ('XDG_MENU_PREFIX', 'gnome-'), ('GNOME_TERMINAL_SCREEN', '/org/gnome/Terminal/screen/df3fb9ee_23b9_4e3b_8fa3_27bbcbb8349c'), ('XDG_RUNTIME_DIR', '/run/user/1000'), ('DISPLAY', ':1'), ('LANG', 'en_US.UTF-8'), ('XDG_CURRENT_DESKTOP', 'ubuntu:GNOME'), ('XMODIFIERS', '@im=ibus'), ('XDG_SESSION_DESKTOP', 'ubuntu'), ('XAUTHORITY', '/run/user/1000/gdm/Xauthority'), ('LS_COLORS', 'rs=0:di=01;34:ln=01;36:mh=00:pi=40;33:so=01;35:do=01;35:bd=40;33;01:cd=40;33;01:or=40;31;01:mi=00:su=37;41:sg=30;43:ca=30;41:tw=30;42:ow=34;42:st=37;44:ex=01;32:*.tar=01;31:*.tgz=01;31:*.arc=01;31:*.arj=01;31:*.taz=01;31:*.lha=01;31:*.lz4=01;31:*.lzh=01;31:*.lzma=01;31:*.tlz=01;31:*.txz=01;31:*.tzo=01;31:*.t7z=01;31:*.zip=01;31:*.z=01;31:*.dz=01;31:*.gz=01;31:*.lrz=01;31:*.lz=01;31:*.lzo=01;31:*.xz=01;31:*.zst=01;31:*.tzst=01;31:*.bz2=01;31:*.bz=01;31:*.tbz=01;31:*.tbz2=01;31:*.tz=01;31:*.deb=01;31:*.rpm=01;31:*.jar=01;31:*.war=01;31:*.ear=01;31:*.sar=01;31:*.rar=01;31:*.alz=01;31:*.ace=01;31:*.zoo=01;31:*.cpio=01;31:*.7z=01;31:*.rz=01;31:*.cab=01;31:*.wim=01;31:*.swm=01;31:*.dwm=01;31:*.esd=01;31:*.jpg=01;35:*.jpeg=01;35:*.mjpg=01;35:*.mjpeg=01;35:*.gif=01;35:*.bmp=01;35:*.pbm=01;35:*.pgm=01;35:*.ppm=01;35:*.tga=01;35:*.xbm=01;35:*.xpm=01;35:*.tif=01;35:*.tiff=01;35:*.png=01;35:*.svg=01;35:*.svgz=01;35:*.mng=01;35:*.pcx=01;35:*.mov=01;35:*.mpg=01;35:*.mpeg=01;35:*.m2v=01;35:*.mkv=01;35:*.webm=01;35:*.ogm=01;35:*.mp4=01;35:*.m4v=01;35:*.mp4v=01;35:*.vob=01;35:*.qt=01;35:*.nuv=01;35:*.wmv=01;35:*.asf=01;35:*.rm=01;35:*.rmvb=01;35:*.flc=01;35:*.avi=01;35:*.fli=01;35:*.flv=01;35:*.gl=01;35:*.dl=01;35:*.xcf=01;35:*.xwd=01;35:*.yuv=01;35:*.cgm=01;35:*.emf=01;35:*.ogv=01;35:*.ogx=01;35:*.aac=00;36:*.au=00;36:*.flac=00;36:*.m4a=00;36:*.mid=00;36:*.midi=00;36:*.mka=00;36:*.mp3=00;36:*.mpc=00;36:*.ogg=00;36:*.ra=00;36:*.wav=00;36:*.oga=00;36:*.opus=00;36:*.spx=00;36:*.xspf=00;36:'), ('GNOME_TERMINAL_SERVICE', ':1.105'), ('SSH_AUTH_SOCK', '/run/user/1000/keyring/ssh'), ('AMENT_PREFIX_PATH', '/home/jkang/rsp_homework/install/turtles:/home/jkang/rsp_homework/install/pnp_actionlib:/home/jkang/rsp_homework/install/pnp_msgs:/home/jkang/rsp_homework/install/assignment1_subpub:/home/jkang/rsp_homework/install/assignment1_srvcli:/home/jkang/rsp_homework/install/assignment1_msgs:/opt/ros/galactic'), ('SHELL', '/bin/bash'), ('QT_ACCESSIBILITY', '1'), ('GDMSESSION', 'ubuntu'), ('LESSCLOSE', '/usr/bin/lesspipe %s %s'), ('GPG_AGENT_INFO', '/run/user/1000/gnupg/S.gpg-agent:0:1'), ('QT_IM_MODULE', 'ibus'), ('PWD', '/home/jkang/InSituNeedle_Manipulation_FBG_FEM_ROS2/build/fbg_msgs'), ('LC_ALL', 'en_US.UTF-8'), ('XDG_CONFIG_DIRS', '/etc/xdg/xdg-ubuntu:/etc/xdg'), ('XDG_DATA_DIRS', '/usr/share/ubuntu:/usr/local/share/:/usr/share/:/var/lib/snapd/desktop'), ('PYTHONPATH', '/home/jkang/rsp_homework/install/pnp_msgs/lib/python3.8/site-packages:/home/jkang/rsp_homework/install/assignment1_msgs/lib/python3.8/site-packages:/opt/ros/galactic/lib/python3.8/site-packages'), ('COLCON', '1'), ('VTE_VERSION', '6003'), ('CMAKE_PREFIX_PATH', '/home/jkang/rsp_homework/install/turtles:/home/jkang/rsp_homework/install/pnp_actionlib:/home/jkang/rsp_homework/install/pnp_msgs:/home/jkang/rsp_homework/install/assignment1_subpub:/home/jkang/rsp_homework/install/assignment1_srvcli:/home/jkang/rsp_homework/install/assignment1_msgs:/opt/ros/galactic')]), 'shell': False}
[0.498186] (assignment1_msgs) StdoutLine: {'line': b'-- Detecting CXX compiler ABI info - done\n'}
[0.499167] (-) TimerEvent: {}
[0.506564] (fbg_msgs) StdoutLine: {'line': b'-- Install configuration: ""\n'}
[0.507110] (fbg_msgs) StdoutLine: {'line': b'-- Up-to-date: /home/jkang/InSituNeedle_Manipulation_FBG_FEM_ROS2/install/fbg_msgs/share/ament_index/resource_index/rosidl_interfaces/fbg_msgs\n'}
[0.507292] (fbg_msgs) StdoutLine: {'line': b'-- Up-to-date: /home/jkang/InSituNeedle_Manipulation_FBG_FEM_ROS2/install/fbg_msgs/include/fbg_msgs\n'}
[0.507419] (fbg_msgs) StdoutLine: {'line': b'-- Up-to-date: /home/jkang/InSituNeedle_Manipulation_FBG_FEM_ROS2/install/fbg_msgs/include/fbg_msgs/msg\n'}
[0.507557] (fbg_msgs) StdoutLine: {'line': b'-- Up-to-date: /home/jkang/InSituNeedle_Manipulation_FBG_FEM_ROS2/install/fbg_msgs/include/fbg_msgs/msg/fbg_reading.h\n'}
[0.507664] (fbg_msgs) StdoutLine: {'line': b'-- Up-to-date: /home/jkang/InSituNeedle_Manipulation_FBG_FEM_ROS2/install/fbg_msgs/include/fbg_msgs/msg/curvature.h\n'}
[0.507817] (fbg_msgs) StdoutLine: {'line': b'-- Up-to-date: /home/jkang/InSituNeedle_Manipulation_FBG_FEM_ROS2/install/fbg_msgs/include/fbg_msgs/msg/rosidl_generator_c__visibility_control.h\n'}
[0.508059] (fbg_msgs) StdoutLine: {'line': b'-- Up-to-date: /home/jkang/InSituNeedle_Manipulation_FBG_FEM_ROS2/install/fbg_msgs/include/fbg_msgs/msg/detail\n'}
[0.508192] (fbg_msgs) StdoutLine: {'line': b'-- Up-to-date: /home/jkang/InSituNeedle_Manipulation_FBG_FEM_ROS2/install/fbg_msgs/include/fbg_msgs/msg/detail/curvature__functions.c\n'}
[0.508356] (fbg_msgs) StdoutLine: {'line': b'-- Up-to-date: /home/jkang/InSituNeedle_Manipulation_FBG_FEM_ROS2/install/fbg_msgs/include/fbg_msgs/msg/detail/fbg_reading__functions.h\n'}
[0.508488] (fbg_msgs) StdoutLine: {'line': b'-- Up-to-date: /home/jkang/InSituNeedle_Manipulation_FBG_FEM_ROS2/install/fbg_msgs/include/fbg_msgs/msg/detail/fbg_reading__type_support.h\n'}
[0.508665] (fbg_msgs) StdoutLine: {'line': b'-- Up-to-date: /home/jkang/InSituNeedle_Manipulation_FBG_FEM_ROS2/install/fbg_msgs/include/fbg_msgs/msg/detail/curvature__struct.h\n'}
[0.508963] (fbg_msgs) StdoutLine: {'line': b'-- Up-to-date: /home/jkang/InSituNeedle_Manipulation_FBG_FEM_ROS2/install/fbg_msgs/include/fbg_msgs/msg/detail/fbg_reading__functions.c\n'}
[0.509109] (fbg_msgs) StdoutLine: {'line': b'-- Up-to-date: /home/jkang/InSituNeedle_Manipulation_FBG_FEM_ROS2/install/fbg_msgs/include/fbg_msgs/msg/detail/fbg_reading__struct.h\n'}
[0.509205] (fbg_msgs) StdoutLine: {'line': b'-- Up-to-date: /home/jkang/InSituNeedle_Manipulation_FBG_FEM_ROS2/install/fbg_msgs/include/fbg_msgs/msg/detail/curvature__functions.h\n'}
[0.509321] (fbg_msgs) StdoutLine: {'line': b'-- Up-to-date: /home/jkang/InSituNeedle_Manipulation_FBG_FEM_ROS2/install/fbg_msgs/include/fbg_msgs/msg/detail/curvature__type_support.h\n'}
[0.509415] (fbg_msgs) StdoutLine: {'line': b'-- Up-to-date: /home/jkang/InSituNeedle_Manipulation_FBG_FEM_ROS2/install/fbg_msgs/include/fbg_msgs/srv\n'}
[0.509616] (fbg_msgs) StdoutLine: {'line': b'-- Up-to-date: /home/jkang/InSituNeedle_Manipulation_FBG_FEM_ROS2/install/fbg_msgs/include/fbg_msgs/srv/cal_curvature.h\n'}
[0.509796] (fbg_msgs) StdoutLine: {'line': b'-- Up-to-date: /home/jkang/InSituNeedle_Manipulation_FBG_FEM_ROS2/install/fbg_msgs/include/fbg_msgs/srv/detail\n'}
[0.509939] (fbg_msgs) StdoutLine: {'line': b'-- Up-to-date: /home/jkang/InSituNeedle_Manipulation_FBG_FEM_ROS2/install/fbg_msgs/include/fbg_msgs/srv/detail/cal_curvature__struct.h\n'}
[0.510150] (fbg_msgs) StdoutLine: {'line': b'-- Up-to-date: /home/jkang/InSituNeedle_Manipulation_FBG_FEM_ROS2/install/fbg_msgs/include/fbg_msgs/srv/detail/cal_curvature__functions.c\n'}
[0.510332] (fbg_msgs) StdoutLine: {'line': b'-- Up-to-date: /home/jkang/InSituNeedle_Manipulation_FBG_FEM_ROS2/install/fbg_msgs/include/fbg_msgs/srv/detail/cal_curvature__functions.h\n'}
[0.510543] (fbg_msgs) StdoutLine: {'line': b'-- Up-to-date: /home/jkang/InSituNeedle_Manipulation_FBG_FEM_ROS2/install/fbg_msgs/include/fbg_msgs/srv/detail/cal_curvature__type_support.h\n'}
[0.510725] (fbg_msgs) StdoutLine: {'line': b'-- Up-to-date: /home/jkang/InSituNeedle_Manipulation_FBG_FEM_ROS2/install/fbg_msgs/share/fbg_msgs/environment/library_path.sh\n'}
[0.511090] (fbg_msgs) StdoutLine: {'line': b'-- Up-to-date: /home/jkang/InSituNeedle_Manipulation_FBG_FEM_ROS2/install/fbg_msgs/share/fbg_msgs/environment/library_path.dsv\n'}
[0.511323] (fbg_msgs) StdoutLine: {'line': b'-- Up-to-date: /home/jkang/InSituNeedle_Manipulation_FBG_FEM_ROS2/install/fbg_msgs/lib/libfbg_msgs__rosidl_generator_c.so\n'}
[0.511569] (fbg_msgs) StdoutLine: {'line': b'-- Up-to-date: /home/jkang/InSituNeedle_Manipulation_FBG_FEM_ROS2/install/fbg_msgs/include/fbg_msgs\n'}
[0.511693] (fbg_msgs) StdoutLine: {'line': b'-- Up-to-date: /home/jkang/InSituNeedle_Manipulation_FBG_FEM_ROS2/install/fbg_msgs/include/fbg_msgs/msg\n'}
[0.511836] (fbg_msgs) StdoutLine: {'line': b'-- Up-to-date: /home/jkang/InSituNeedle_Manipulation_FBG_FEM_ROS2/install/fbg_msgs/include/fbg_msgs/msg/detail\n'}
[0.511987] (fbg_msgs) StdoutLine: {'line': b'-- Up-to-date: /home/jkang/InSituNeedle_Manipulation_FBG_FEM_ROS2/install/fbg_msgs/include/fbg_msgs/msg/detail/fbg_reading__rosidl_typesupport_fastrtps_c.h\n'}
[0.512133] (fbg_msgs) StdoutLine: {'line': b'-- Up-to-date: /home/jkang/InSituNeedle_Manipulation_FBG_FEM_ROS2/install/fbg_msgs/include/fbg_msgs/msg/detail/curvature__rosidl_typesupport_fastrtps_c.h\n'}
[0.512307] (fbg_msgs) StdoutLine: {'line': b'-- Up-to-date: /home/jkang/InSituNeedle_Manipulation_FBG_FEM_ROS2/install/fbg_msgs/include/fbg_msgs/msg/rosidl_typesupport_fastrtps_c__visibility_control.h\n'}
[0.512456] (fbg_msgs) StdoutLine: {'line': b'-- Up-to-date: /home/jkang/InSituNeedle_Manipulation_FBG_FEM_ROS2/install/fbg_msgs/include/fbg_msgs/srv\n'}
[0.512697] (fbg_msgs) StdoutLine: {'line': b'-- Up-to-date: /home/jkang/InSituNeedle_Manipulation_FBG_FEM_ROS2/install/fbg_msgs/include/fbg_msgs/srv/detail\n'}
[0.512820] (fbg_msgs) StdoutLine: {'line': b'-- Up-to-date: /home/jkang/InSituNeedle_Manipulation_FBG_FEM_ROS2/install/fbg_msgs/include/fbg_msgs/srv/detail/cal_curvature__rosidl_typesupport_fastrtps_c.h\n'}
[0.512940] (fbg_msgs) StdoutLine: {'line': b'-- Up-to-date: /home/jkang/InSituNeedle_Manipulation_FBG_FEM_ROS2/install/fbg_msgs/lib/libfbg_msgs__rosidl_typesupport_fastrtps_c.so\n'}
[0.513080] (fbg_msgs) StdoutLine: {'line': b'-- Up-to-date: /home/jkang/InSituNeedle_Manipulation_FBG_FEM_ROS2/install/fbg_msgs/include/fbg_msgs\n'}
[0.513201] (fbg_msgs) StdoutLine: {'line': b'-- Up-to-date: /home/jkang/InSituNeedle_Manipulation_FBG_FEM_ROS2/install/fbg_msgs/include/fbg_msgs/msg\n'}
[0.513323] (fbg_msgs) StdoutLine: {'line': b'-- Up-to-date: /home/jkang/InSituNeedle_Manipulation_FBG_FEM_ROS2/install/fbg_msgs/include/fbg_msgs/msg/detail\n'}
[0.513468] (fbg_msgs) StdoutLine: {'line': b'-- Up-to-date: /home/jkang/InSituNeedle_Manipulation_FBG_FEM_ROS2/install/fbg_msgs/include/fbg_msgs/msg/detail/curvature__rosidl_typesupport_fastrtps_cpp.hpp\n'}
[0.513574] (fbg_msgs) StdoutLine: {'line': b'-- Up-to-date: /home/jkang/InSituNeedle_Manipulation_FBG_FEM_ROS2/install/fbg_msgs/include/fbg_msgs/msg/detail/fbg_reading__rosidl_typesupport_fastrtps_cpp.hpp\n'}
[0.513674] (fbg_msgs) StdoutLine: {'line': b'-- Up-to-date: /home/jkang/InSituNeedle_Manipulation_FBG_FEM_ROS2/install/fbg_msgs/include/fbg_msgs/msg/detail/dds_fastrtps\n'}
[0.513774] (fbg_msgs) StdoutLine: {'line': b'-- Up-to-date: /home/jkang/InSituNeedle_Manipulation_FBG_FEM_ROS2/install/fbg_msgs/include/fbg_msgs/msg/rosidl_typesupport_fastrtps_cpp__visibility_control.h\n'}
[0.513873] (fbg_msgs) StdoutLine: {'line': b'-- Up-to-date: /home/jkang/InSituNeedle_Manipulation_FBG_FEM_ROS2/install/fbg_msgs/include/fbg_msgs/srv\n'}
[0.514008] (fbg_msgs) StdoutLine: {'line': b'-- Up-to-date: /home/jkang/InSituNeedle_Manipulation_FBG_FEM_ROS2/install/fbg_msgs/include/fbg_msgs/srv/detail\n'}
[0.514129] (fbg_msgs) StdoutLine: {'line': b'-- Up-to-date: /home/jkang/InSituNeedle_Manipulation_FBG_FEM_ROS2/install/fbg_msgs/include/fbg_msgs/srv/detail/dds_fastrtps\n'}
[0.514251] (fbg_msgs) StdoutLine: {'line': b'-- Up-to-date: /home/jkang/InSituNeedle_Manipulation_FBG_FEM_ROS2/install/fbg_msgs/include/fbg_msgs/srv/detail/cal_curvature__rosidl_typesupport_fastrtps_cpp.hpp\n'}
[0.514373] (fbg_msgs) StdoutLine: {'line': b'-- Up-to-date: /home/jkang/InSituNeedle_Manipulation_FBG_FEM_ROS2/install/fbg_msgs/lib/libfbg_msgs__rosidl_typesupport_fastrtps_cpp.so\n'}
[0.514501] (fbg_msgs) StdoutLine: {'line': b'-- Up-to-date: /home/jkang/InSituNeedle_Manipulation_FBG_FEM_ROS2/install/fbg_msgs/include/fbg_msgs\n'}
[0.514627] (fbg_msgs) StdoutLine: {'line': b'-- Up-to-date: /home/jkang/InSituNeedle_Manipulation_FBG_FEM_ROS2/install/fbg_msgs/include/fbg_msgs/msg\n'}
[0.514748] (fbg_msgs) StdoutLine: {'line': b'-- Up-to-date: /home/jkang/InSituNeedle_Manipulation_FBG_FEM_ROS2/install/fbg_msgs/include/fbg_msgs/msg/rosidl_typesupport_introspection_c__visibility_control.h\n'}
[0.514870] (fbg_msgs) StdoutLine: {'line': b'-- Up-to-date: /home/jkang/InSituNeedle_Manipulation_FBG_FEM_ROS2/install/fbg_msgs/include/fbg_msgs/msg/detail\n'}
[0.515006] (fbg_msgs) StdoutLine: {'line': b'-- Up-to-date: /home/jkang/InSituNeedle_Manipulation_FBG_FEM_ROS2/install/fbg_msgs/include/fbg_msgs/msg/detail/fbg_reading__type_support.c\n'}
[0.515128] (fbg_msgs) StdoutLine: {'line': b'-- Up-to-date: /home/jkang/InSituNeedle_Manipulation_FBG_FEM_ROS2/install/fbg_msgs/include/fbg_msgs/msg/detail/fbg_reading__rosidl_typesupport_introspection_c.h\n'}
[0.515235] (fbg_msgs) StdoutLine: {'line': b'-- Up-to-date: /home/jkang/InSituNeedle_Manipulation_FBG_FEM_ROS2/install/fbg_msgs/include/fbg_msgs/msg/detail/curvature__type_support.c\n'}
[0.515355] (fbg_msgs) StdoutLine: {'line': b'-- Up-to-date: /home/jkang/InSituNeedle_Manipulation_FBG_FEM_ROS2/install/fbg_msgs/include/fbg_msgs/msg/detail/curvature__rosidl_typesupport_introspection_c.h\n'}
[0.515465] (fbg_msgs) StdoutLine: {'line': b'-- Up-to-date: /home/jkang/InSituNeedle_Manipulation_FBG_FEM_ROS2/install/fbg_msgs/include/fbg_msgs/srv\n'}
[0.515573] (fbg_msgs) StdoutLine: {'line': b'-- Up-to-date: /home/jkang/InSituNeedle_Manipulation_FBG_FEM_ROS2/install/fbg_msgs/include/fbg_msgs/srv/detail\n'}
[0.515680] (fbg_msgs) StdoutLine: {'line': b'-- Up-to-date: /home/jkang/InSituNeedle_Manipulation_FBG_FEM_ROS2/install/fbg_msgs/include/fbg_msgs/srv/detail/cal_curvature__rosidl_typesupport_introspection_c.h\n'}
[0.515795] (fbg_msgs) StdoutLine: {'line': b'-- Up-to-date: /home/jkang/InSituNeedle_Manipulation_FBG_FEM_ROS2/install/fbg_msgs/include/fbg_msgs/srv/detail/cal_curvature__type_support.c\n'}
[0.515902] (fbg_msgs) StdoutLine: {'line': b'-- Up-to-date: /home/jkang/InSituNeedle_Manipulation_FBG_FEM_ROS2/install/fbg_msgs/lib/libfbg_msgs__rosidl_typesupport_introspection_c.so\n'}
[0.516009] (fbg_msgs) StdoutLine: {'line': b'-- Up-to-date: /home/jkang/InSituNeedle_Manipulation_FBG_FEM_ROS2/install/fbg_msgs/lib/libfbg_msgs__rosidl_typesupport_c.so\n'}
[0.516116] (fbg_msgs) StdoutLine: {'line': b'-- Up-to-date: /home/jkang/InSituNeedle_Manipulation_FBG_FEM_ROS2/install/fbg_msgs/include/fbg_msgs\n'}
[0.516224] (fbg_msgs) StdoutLine: {'line': b'-- Up-to-date: /home/jkang/InSituNeedle_Manipulation_FBG_FEM_ROS2/install/fbg_msgs/include/fbg_msgs/msg\n'}
[0.516331] (fbg_msgs) StdoutLine: {'line': b'-- Up-to-date: /home/jkang/InSituNeedle_Manipulation_FBG_FEM_ROS2/install/fbg_msgs/include/fbg_msgs/msg/curvature.hpp\n'}
[0.516438] (fbg_msgs) StdoutLine: {'line': b'-- Up-to-date: /home/jkang/InSituNeedle_Manipulation_FBG_FEM_ROS2/install/fbg_msgs/include/fbg_msgs/msg/fbg_reading.hpp\n'}
[0.516545] (fbg_msgs) StdoutLine: {'line': b'-- Up-to-date: /home/jkang/InSituNeedle_Manipulation_FBG_FEM_ROS2/install/fbg_msgs/include/fbg_msgs/msg/detail\n'}
[0.516652] (fbg_msgs) StdoutLine: {'line': b'-- Up-to-date: /home/jkang/InSituNeedle_Manipulation_FBG_FEM_ROS2/install/fbg_msgs/include/fbg_msgs/msg/detail/curvature__builder.hpp\n'}
[0.516759] (fbg_msgs) StdoutLine: {'line': b'-- Up-to-date: /home/jkang/InSituNeedle_Manipulation_FBG_FEM_ROS2/install/fbg_msgs/include/fbg_msgs/msg/detail/curvature__traits.hpp\n'}
[0.516899] (fbg_msgs) StdoutLine: {'line': b'-- Up-to-date: /home/jkang/InSituNeedle_Manipulation_FBG_FEM_ROS2/install/fbg_msgs/include/fbg_msgs/msg/detail/fbg_reading__struct.hpp\n'}
[0.517012] (fbg_msgs) StdoutLine: {'line': b'-- Up-to-date: /home/jkang/InSituNeedle_Manipulation_FBG_FEM_ROS2/install/fbg_msgs/include/fbg_msgs/msg/detail/fbg_reading__traits.hpp\n'}
[0.517125] (fbg_msgs) StdoutLine: {'line': b'-- Up-to-date: /home/jkang/InSituNeedle_Manipulation_FBG_FEM_ROS2/install/fbg_msgs/include/fbg_msgs/msg/detail/curvature__struct.hpp\n'}
[0.517232] (fbg_msgs) StdoutLine: {'line': b'-- Up-to-date: /home/jkang/InSituNeedle_Manipulation_FBG_FEM_ROS2/install/fbg_msgs/include/fbg_msgs/msg/detail/fbg_reading__builder.hpp\n'}
[0.517340] (fbg_msgs) StdoutLine: {'line': b'-- Up-to-date: /home/jkang/InSituNeedle_Manipulation_FBG_FEM_ROS2/install/fbg_msgs/include/fbg_msgs/srv\n'}
[0.517446] (fbg_msgs) StdoutLine: {'line': b'-- Up-to-date: /home/jkang/InSituNeedle_Manipulation_FBG_FEM_ROS2/install/fbg_msgs/include/fbg_msgs/srv/detail\n'}
[0.517554] (fbg_msgs) StdoutLine: {'line': b'-- Up-to-date: /home/jkang/InSituNeedle_Manipulation_FBG_FEM_ROS2/install/fbg_msgs/include/fbg_msgs/srv/detail/cal_curvature__builder.hpp\n'}
[0.517661] (fbg_msgs) StdoutLine: {'line': b'-- Up-to-date: /home/jkang/InSituNeedle_Manipulation_FBG_FEM_ROS2/install/fbg_msgs/include/fbg_msgs/srv/detail/cal_curvature__traits.hpp\n'}
[0.517768] (fbg_msgs) StdoutLine: {'line': b'-- Up-to-date: /home/jkang/InSituNeedle_Manipulation_FBG_FEM_ROS2/install/fbg_msgs/include/fbg_msgs/srv/detail/cal_curvature__struct.hpp\n'}
[0.517876] (fbg_msgs) StdoutLine: {'line': b'-- Up-to-date: /home/jkang/InSituNeedle_Manipulation_FBG_FEM_ROS2/install/fbg_msgs/include/fbg_msgs/srv/cal_curvature.hpp\n'}
[0.517987] (fbg_msgs) StdoutLine: {'line': b'-- Up-to-date: /home/jkang/InSituNeedle_Manipulation_FBG_FEM_ROS2/install/fbg_msgs/include/fbg_msgs\n'}
[0.518095] (fbg_msgs) StdoutLine: {'line': b'-- Up-to-date: /home/jkang/InSituNeedle_Manipulation_FBG_FEM_ROS2/install/fbg_msgs/include/fbg_msgs/msg\n'}
[0.518202] (fbg_msgs) StdoutLine: {'line': b'-- Up-to-date: /home/jkang/InSituNeedle_Manipulation_FBG_FEM_ROS2/install/fbg_msgs/include/fbg_msgs/msg/detail\n'}
[0.518309] (fbg_msgs) StdoutLine: {'line': b'-- Up-to-date: /home/jkang/InSituNeedle_Manipulation_FBG_FEM_ROS2/install/fbg_msgs/include/fbg_msgs/msg/detail/fbg_reading__type_support.cpp\n'}
[0.518417] (fbg_msgs) StdoutLine: {'line': b'-- Up-to-date: /home/jkang/InSituNeedle_Manipulation_FBG_FEM_ROS2/install/fbg_msgs/include/fbg_msgs/msg/detail/fbg_reading__rosidl_typesupport_introspection_cpp.hpp\n'}
[0.518525] (fbg_msgs) StdoutLine: {'line': b'-- Up-to-date: /home/jkang/InSituNeedle_Manipulation_FBG_FEM_ROS2/install/fbg_msgs/include/fbg_msgs/msg/detail/curvature__type_support.cpp\n'}
[0.518632] (fbg_msgs) StdoutLine: {'line': b'-- Up-to-date: /home/jkang/InSituNeedle_Manipulation_FBG_FEM_ROS2/install/fbg_msgs/include/fbg_msgs/msg/detail/curvature__rosidl_typesupport_introspection_cpp.hpp\n'}
[0.518740] (fbg_msgs) StdoutLine: {'line': b'-- Up-to-date: /home/jkang/InSituNeedle_Manipulation_FBG_FEM_ROS2/install/fbg_msgs/include/fbg_msgs/srv\n'}
[0.518847] (fbg_msgs) StdoutLine: {'line': b'-- Up-to-date: /home/jkang/InSituNeedle_Manipulation_FBG_FEM_ROS2/install/fbg_msgs/include/fbg_msgs/srv/detail\n'}
[0.518955] (fbg_msgs) StdoutLine: {'line': b'-- Up-to-date: /home/jkang/InSituNeedle_Manipulation_FBG_FEM_ROS2/install/fbg_msgs/include/fbg_msgs/srv/detail/cal_curvature__type_support.cpp\n'}
[0.519062] (fbg_msgs) StdoutLine: {'line': b'-- Up-to-date: /home/jkang/InSituNeedle_Manipulation_FBG_FEM_ROS2/install/fbg_msgs/include/fbg_msgs/srv/detail/cal_curvature__rosidl_typesupport_introspection_cpp.hpp\n'}
[0.519170] (fbg_msgs) StdoutLine: {'line': b'-- Up-to-date: /home/jkang/InSituNeedle_Manipulation_FBG_FEM_ROS2/install/fbg_msgs/lib/libfbg_msgs__rosidl_typesupport_introspection_cpp.so\n'}
[0.519285] (fbg_msgs) StdoutLine: {'line': b'-- Up-to-date: /home/jkang/InSituNeedle_Manipulation_FBG_FEM_ROS2/install/fbg_msgs/lib/libfbg_msgs__rosidl_typesupport_cpp.so\n'}
[0.519389] (assignment1_msgs) StdoutLine: {'line': b'-- Detecting CXX compile features\n'}
[0.519463] (fbg_msgs) StdoutLine: {'line': b'-- Up-to-date: /home/jkang/InSituNeedle_Manipulation_FBG_FEM_ROS2/install/fbg_msgs/share/fbg_msgs/environment/pythonpath.sh\n'}
[0.519530] (fbg_msgs) StdoutLine: {'line': b'-- Up-to-date: /home/jkang/InSituNeedle_Manipulation_FBG_FEM_ROS2/install/fbg_msgs/share/fbg_msgs/environment/pythonpath.dsv\n'}
[0.519602] (fbg_msgs) StdoutLine: {'line': b'-- Up-to-date: /home/jkang/InSituNeedle_Manipulation_FBG_FEM_ROS2/install/fbg_msgs/lib/python3.8/site-packages/fbg_msgs/__init__.py\n'}
[0.519668] (assignment1_msgs) StdoutLine: {'line': b'-- Detecting CXX compile features - done\n'}
[0.519734] (assignment1_msgs) StdoutLine: {'line': b'-- Found ament_cmake: 1.1.6 (/opt/ros/galactic/share/ament_cmake/cmake)\n'}
[0.540273] (assignment1_msgs) StdoutLine: {'line': b'-- Found PythonInterp: /usr/bin/python3 (found suitable version "3.8.10", minimum required is "3") \n'}
[0.540450] (assignment1_msgs) StdoutLine: {'line': b'-- Using PYTHON_EXECUTABLE: /usr/bin/python3\n'}
[0.544057] (fbg_msgs) StdoutLine: {'line': b'-- Up-to-date: /home/jkang/InSituNeedle_Manipulation_FBG_FEM_ROS2/install/fbg_msgs/lib/python3.8/site-packages/fbg_msgs/msg\n'}
[0.544187] (fbg_msgs) StdoutLine: {'line': b'-- Up-to-date: /home/jkang/InSituNeedle_Manipulation_FBG_FEM_ROS2/install/fbg_msgs/lib/python3.8/site-packages/fbg_msgs/msg/_curvature.py\n'}
[0.544287] (fbg_msgs) StdoutLine: {'line': b'-- Up-to-date: /home/jkang/InSituNeedle_Manipulation_FBG_FEM_ROS2/install/fbg_msgs/lib/python3.8/site-packages/fbg_msgs/msg/_fbg_reading_s.c\n'}
[0.544354] (fbg_msgs) StdoutLine: {'line': b'-- Up-to-date: /home/jkang/InSituNeedle_Manipulation_FBG_FEM_ROS2/install/fbg_msgs/lib/python3.8/site-packages/fbg_msgs/msg/_curvature_s.c\n'}
[0.544473] (fbg_msgs) StdoutLine: {'line': b'-- Up-to-date: /home/jkang/InSituNeedle_Manipulation_FBG_FEM_ROS2/install/fbg_msgs/lib/python3.8/site-packages/fbg_msgs/msg/_fbg_reading.py\n'}
[0.544539] (fbg_msgs) StdoutLine: {'line': b'-- Up-to-date: /home/jkang/InSituNeedle_Manipulation_FBG_FEM_ROS2/install/fbg_msgs/lib/python3.8/site-packages/fbg_msgs/msg/__init__.py\n'}
[0.544636] (fbg_msgs) StdoutLine: {'line': b'-- Up-to-date: /home/jkang/InSituNeedle_Manipulation_FBG_FEM_ROS2/install/fbg_msgs/lib/python3.8/site-packages/fbg_msgs/srv\n'}
[0.544697] (fbg_msgs) StdoutLine: {'line': b'-- Up-to-date: /home/jkang/InSituNeedle_Manipulation_FBG_FEM_ROS2/install/fbg_msgs/lib/python3.8/site-packages/fbg_msgs/srv/_cal_curvature_s.c\n'}
[0.544757] (fbg_msgs) StdoutLine: {'line': b'-- Up-to-date: /home/jkang/InSituNeedle_Manipulation_FBG_FEM_ROS2/install/fbg_msgs/lib/python3.8/site-packages/fbg_msgs/srv/_cal_curvature.py\n'}
[0.544816] (fbg_msgs) StdoutLine: {'line': b'-- Up-to-date: /home/jkang/InSituNeedle_Manipulation_FBG_FEM_ROS2/install/fbg_msgs/lib/python3.8/site-packages/fbg_msgs/srv/__init__.py\n'}
[0.544889] (fbg_msgs) StdoutLine: {'line': b'-- Up-to-date: /home/jkang/InSituNeedle_Manipulation_FBG_FEM_ROS2/install/fbg_msgs/lib/python3.8/site-packages/fbg_msgs/fbg_msgs_s__rosidl_typesupport_fastrtps_c.cpython-38-x86_64-linux-gnu.so\n'}
[0.545336] (fbg_msgs) StdoutLine: {'line': b'-- Up-to-date: /home/jkang/InSituNeedle_Manipulation_FBG_FEM_ROS2/install/fbg_msgs/lib/python3.8/site-packages/fbg_msgs/fbg_msgs_s__rosidl_typesupport_introspection_c.cpython-38-x86_64-linux-gnu.so\n'}
[0.546150] (fbg_msgs) StdoutLine: {'line': b'-- Up-to-date: /home/jkang/InSituNeedle_Manipulation_FBG_FEM_ROS2/install/fbg_msgs/lib/python3.8/site-packages/fbg_msgs/fbg_msgs_s__rosidl_typesupport_c.cpython-38-x86_64-linux-gnu.so\n'}
[0.546573] (fbg_msgs) StdoutLine: {'line': b'-- Up-to-date: /home/jkang/InSituNeedle_Manipulation_FBG_FEM_ROS2/install/fbg_msgs/lib/libfbg_msgs__python.so\n'}
[0.546783] (fbg_msgs) StdoutLine: {'line': b'-- Up-to-date: /home/jkang/InSituNeedle_Manipulation_FBG_FEM_ROS2/install/fbg_msgs/share/fbg_msgs/msg/FbgReading.idl\n'}
[0.546857] (fbg_msgs) StdoutLine: {'line': b'-- Up-to-date: /home/jkang/InSituNeedle_Manipulation_FBG_FEM_ROS2/install/fbg_msgs/share/fbg_msgs/msg/Curvature.idl\n'}
[0.546956] (fbg_msgs) StdoutLine: {'line': b'-- Up-to-date: /home/jkang/InSituNeedle_Manipulation_FBG_FEM_ROS2/install/fbg_msgs/share/fbg_msgs/srv/CalCurvature.idl\n'}
[0.547040] (fbg_msgs) StdoutLine: {'line': b'-- Up-to-date: /home/jkang/InSituNeedle_Manipulation_FBG_FEM_ROS2/install/fbg_msgs/share/fbg_msgs/msg/FbgReading.msg\n'}
[0.547120] (fbg_msgs) StdoutLine: {'line': b'-- Up-to-date: /home/jkang/InSituNeedle_Manipulation_FBG_FEM_ROS2/install/fbg_msgs/share/fbg_msgs/msg/Curvature.msg\n'}
[0.547204] (fbg_msgs) StdoutLine: {'line': b'-- Up-to-date: /home/jkang/InSituNeedle_Manipulation_FBG_FEM_ROS2/install/fbg_msgs/share/fbg_msgs/srv/CalCurvature.srv\n'}
[0.547277] (fbg_msgs) StdoutLine: {'line': b'-- Up-to-date: /home/jkang/InSituNeedle_Manipulation_FBG_FEM_ROS2/install/fbg_msgs/share/fbg_msgs/srv/CalCurvature_Request.msg\n'}
[0.547381] (fbg_msgs) StdoutLine: {'line': b'-- Up-to-date: /home/jkang/InSituNeedle_Manipulation_FBG_FEM_ROS2/install/fbg_msgs/share/fbg_msgs/srv/CalCurvature_Response.msg\n'}
[0.547468] (fbg_msgs) StdoutLine: {'line': b'-- Up-to-date: /home/jkang/InSituNeedle_Manipulation_FBG_FEM_ROS2/install/fbg_msgs/share/ament_index/resource_index/package_run_dependencies/fbg_msgs\n'}
[0.547545] (fbg_msgs) StdoutLine: {'line': b'-- Up-to-date: /home/jkang/InSituNeedle_Manipulation_FBG_FEM_ROS2/install/fbg_msgs/share/ament_index/resource_index/parent_prefix_path/fbg_msgs\n'}
[0.547630] (fbg_msgs) StdoutLine: {'line': b'-- Up-to-date: /home/jkang/InSituNeedle_Manipulation_FBG_FEM_ROS2/install/fbg_msgs/share/fbg_msgs/environment/ament_prefix_path.sh\n'}
[0.547717] (fbg_msgs) StdoutLine: {'line': b'-- Up-to-date: /home/jkang/InSituNeedle_Manipulation_FBG_FEM_ROS2/install/fbg_msgs/share/fbg_msgs/environment/ament_prefix_path.dsv\n'}
[0.547787] (fbg_msgs) StdoutLine: {'line': b'-- Up-to-date: /home/jkang/InSituNeedle_Manipulation_FBG_FEM_ROS2/install/fbg_msgs/share/fbg_msgs/environment/path.sh\n'}
[0.547847] (fbg_msgs) StdoutLine: {'line': b'-- Up-to-date: /home/jkang/InSituNeedle_Manipulation_FBG_FEM_ROS2/install/fbg_msgs/share/fbg_msgs/environment/path.dsv\n'}
[0.547953] (fbg_msgs) StdoutLine: {'line': b'-- Up-to-date: /home/jkang/InSituNeedle_Manipulation_FBG_FEM_ROS2/install/fbg_msgs/share/fbg_msgs/local_setup.bash\n'}
[0.548041] (fbg_msgs) StdoutLine: {'line': b'-- Up-to-date: /home/jkang/InSituNeedle_Manipulation_FBG_FEM_ROS2/install/fbg_msgs/share/fbg_msgs/local_setup.sh\n'}
[0.548149] (fbg_msgs) StdoutLine: {'line': b'-- Up-to-date: /home/jkang/InSituNeedle_Manipulation_FBG_FEM_ROS2/install/fbg_msgs/share/fbg_msgs/local_setup.zsh\n'}
[0.548258] (fbg_msgs) StdoutLine: {'line': b'-- Up-to-date: /home/jkang/InSituNeedle_Manipulation_FBG_FEM_ROS2/install/fbg_msgs/share/fbg_msgs/local_setup.dsv\n'}
[0.548347] (fbg_msgs) StdoutLine: {'line': b'-- Installing: /home/jkang/InSituNeedle_Manipulation_FBG_FEM_ROS2/install/fbg_msgs/share/fbg_msgs/package.dsv\n'}
[0.548472] (fbg_msgs) StdoutLine: {'line': b'-- Up-to-date: /home/jkang/InSituNeedle_Manipulation_FBG_FEM_ROS2/install/fbg_msgs/share/ament_index/resource_index/packages/fbg_msgs\n'}
[0.548564] (fbg_msgs) StdoutLine: {'line': b'-- Up-to-date: /home/jkang/InSituNeedle_Manipulation_FBG_FEM_ROS2/install/fbg_msgs/share/fbg_msgs/cmake/fbg_msgs__rosidl_generator_cExport.cmake\n'}
[0.548670] (fbg_msgs) StdoutLine: {'line': b'-- Up-to-date: /home/jkang/InSituNeedle_Manipulation_FBG_FEM_ROS2/install/fbg_msgs/share/fbg_msgs/cmake/fbg_msgs__rosidl_generator_cExport-noconfig.cmake\n'}
[0.548779] (fbg_msgs) StdoutLine: {'line': b'-- Up-to-date: /home/jkang/InSituNeedle_Manipulation_FBG_FEM_ROS2/install/fbg_msgs/share/fbg_msgs/cmake/fbg_msgs__rosidl_typesupport_introspection_cExport.cmake\n'}
[0.548867] (fbg_msgs) StdoutLine: {'line': b'-- Up-to-date: /home/jkang/InSituNeedle_Manipulation_FBG_FEM_ROS2/install/fbg_msgs/share/fbg_msgs/cmake/fbg_msgs__rosidl_typesupport_introspection_cExport-noconfig.cmake\n'}
[0.548976] (fbg_msgs) StdoutLine: {'line': b'-- Up-to-date: /home/jkang/InSituNeedle_Manipulation_FBG_FEM_ROS2/install/fbg_msgs/share/fbg_msgs/cmake/fbg_msgs__rosidl_typesupport_cExport.cmake\n'}
[0.549096] (fbg_msgs) StdoutLine: {'line': b'-- Up-to-date: /home/jkang/InSituNeedle_Manipulation_FBG_FEM_ROS2/install/fbg_msgs/share/fbg_msgs/cmake/fbg_msgs__rosidl_typesupport_cExport-noconfig.cmake\n'}
[0.549203] (fbg_msgs) StdoutLine: {'line': b'-- Up-to-date: /home/jkang/InSituNeedle_Manipulation_FBG_FEM_ROS2/install/fbg_msgs/share/fbg_msgs/cmake/fbg_msgs__rosidl_generator_cppExport.cmake\n'}
[0.549281] (fbg_msgs) StdoutLine: {'line': b'-- Up-to-date: /home/jkang/InSituNeedle_Manipulation_FBG_FEM_ROS2/install/fbg_msgs/share/fbg_msgs/cmake/fbg_msgs__rosidl_typesupport_introspection_cppExport.cmake\n'}
[0.549366] (fbg_msgs) StdoutLine: {'line': b'-- Up-to-date: /home/jkang/InSituNeedle_Manipulation_FBG_FEM_ROS2/install/fbg_msgs/share/fbg_msgs/cmake/fbg_msgs__rosidl_typesupport_introspection_cppExport-noconfig.cmake\n'}
[0.549458] (fbg_msgs) StdoutLine: {'line': b'-- Up-to-date: /home/jkang/InSituNeedle_Manipulation_FBG_FEM_ROS2/install/fbg_msgs/share/fbg_msgs/cmake/fbg_msgs__rosidl_typesupport_cppExport.cmake\n'}
[0.549541] (fbg_msgs) StdoutLine: {'line': b'-- Up-to-date: /home/jkang/InSituNeedle_Manipulation_FBG_FEM_ROS2/install/fbg_msgs/share/fbg_msgs/cmake/fbg_msgs__rosidl_typesupport_cppExport-noconfig.cmake\n'}
[0.549630] (fbg_msgs) StdoutLine: {'line': b'-- Up-to-date: /home/jkang/InSituNeedle_Manipulation_FBG_FEM_ROS2/install/fbg_msgs/share/fbg_msgs/cmake/rosidl_cmake-extras.cmake\n'}
[0.549721] (fbg_msgs) StdoutLine: {'line': b'-- Up-to-date: /home/jkang/InSituNeedle_Manipulation_FBG_FEM_ROS2/install/fbg_msgs/share/fbg_msgs/cmake/ament_cmake_export_dependencies-extras.cmake\n'}
[0.549806] (fbg_msgs) StdoutLine: {'line': b'-- Up-to-date: /home/jkang/InSituNeedle_Manipulation_FBG_FEM_ROS2/install/fbg_msgs/share/fbg_msgs/cmake/ament_cmake_export_libraries-extras.cmake\n'}
[0.549906] (fbg_msgs) StdoutLine: {'line': b'-- Up-to-date: /home/jkang/InSituNeedle_Manipulation_FBG_FEM_ROS2/install/fbg_msgs/share/fbg_msgs/cmake/ament_cmake_export_targets-extras.cmake\n'}
[0.549984] (fbg_msgs) StdoutLine: {'line': b'-- Up-to-date: /home/jkang/InSituNeedle_Manipulation_FBG_FEM_ROS2/install/fbg_msgs/share/fbg_msgs/cmake/ament_cmake_export_include_directories-extras.cmake\n'}
[0.550044] (fbg_msgs) StdoutLine: {'line': b'-- Up-to-date: /home/jkang/InSituNeedle_Manipulation_FBG_FEM_ROS2/install/fbg_msgs/share/fbg_msgs/cmake/rosidl_cmake_export_typesupport_libraries-extras.cmake\n'}
[0.550105] (fbg_msgs) StdoutLine: {'line': b'-- Up-to-date: /home/jkang/InSituNeedle_Manipulation_FBG_FEM_ROS2/install/fbg_msgs/share/fbg_msgs/cmake/rosidl_cmake_export_typesupport_targets-extras.cmake\n'}
[0.550165] (fbg_msgs) StdoutLine: {'line': b'-- Up-to-date: /home/jkang/InSituNeedle_Manipulation_FBG_FEM_ROS2/install/fbg_msgs/share/fbg_msgs/cmake/fbg_msgsConfig.cmake\n'}
[0.550224] (fbg_msgs) StdoutLine: {'line': b'-- Up-to-date: /home/jkang/InSituNeedle_Manipulation_FBG_FEM_ROS2/install/fbg_msgs/share/fbg_msgs/cmake/fbg_msgsConfig-version.cmake\n'}
[0.550284] (fbg_msgs) StdoutLine: {'line': b'-- Up-to-date: /home/jkang/InSituNeedle_Manipulation_FBG_FEM_ROS2/install/fbg_msgs/share/fbg_msgs/package.xml\n'}
[0.552143] (fbg_msgs) CommandEnded: {'returncode': 0}
[0.599339] (-) TimerEvent: {}
[0.618924] (assignment1_msgs) StdoutLine: {'line': b'-- Found rosidl_default_generators: 1.1.1 (/opt/ros/galactic/share/rosidl_default_generators/cmake)\n'}
[0.622756] (assignment1_msgs) StdoutLine: {'line': b'-- Using all available rosidl_typesupport_c: rosidl_typesupport_fastrtps_c;rosidl_typesupport_introspection_c\n'}
[0.630280] (assignment1_msgs) StdoutLine: {'line': b'-- Found rosidl_adapter: 2.2.3 (/opt/ros/galactic/share/rosidl_adapter/cmake)\n'}
[0.691909] (fbg_msgs) JobEnded: {'identifier': 'fbg_msgs', 'rc': 0}
[0.699416] (-) TimerEvent: {}
[0.726764] (assignment1_msgs) StdoutLine: {'line': b'-- Found OpenSSL: /usr/lib/x86_64-linux-gnu/libcrypto.so (found version "1.1.1f")  \n'}
[0.751987] (assignment1_msgs) StdoutLine: {'line': b'-- Found FastRTPS: /opt/ros/galactic/include  \n'}
[0.799485] (-) TimerEvent: {}
[0.822677] (assignment1_msgs) StdoutLine: {'line': b'-- Using all available rosidl_typesupport_cpp: rosidl_typesupport_fastrtps_cpp;rosidl_typesupport_introspection_cpp\n'}
[0.847252] (assignment1_msgs) StdoutLine: {'line': b'-- Found geometry_msgs: 2.2.4 (/opt/ros/galactic/share/geometry_msgs/cmake)\n'}
[0.899577] (-) TimerEvent: {}
[0.929895] (assignment1_msgs) StdoutLine: {'line': b'-- Found PythonInterp: /usr/bin/python3 (found version "3.8.10") \n'}
[0.986801] (sm130_interrogator) Command: {'cmd': ['/usr/bin/python3', 'setup.py', 'egg_info', '--egg-base', '../../build/sm130_interrogator', 'build', '--build-base', '/home/jkang/InSituNeedle_Manipulation_FBG_FEM_ROS2/build/sm130_interrogator/build', 'install', '--record', '/home/jkang/InSituNeedle_Manipulation_FBG_FEM_ROS2/build/sm130_interrogator/install.log', '--single-version-externally-managed'], 'cwd': '/home/jkang/InSituNeedle_Manipulation_FBG_FEM_ROS2/src/sm130_interrogator', 'env': {'LESSOPEN': '| /usr/bin/lesspipe %s', 'USER': 'jkang', 'SSH_AGENT_PID': '1772', 'XDG_SESSION_TYPE': 'x11', 'SHLVL': '1', 'LD_LIBRARY_PATH': '/home/jkang/rsp_homework/install/turtles/lib:/home/jkang/rsp_homework/install/pnp_actionlib/lib:/home/jkang/rsp_homework/install/pnp_msgs/lib:/home/jkang/rsp_homework/install/assignment1_subpub/lib:/home/jkang/rsp_homework/install/assignment1_srvcli/lib:/home/jkang/rsp_homework/install/assignment1_msgs/lib:/opt/ros/galactic/opt/yaml_cpp_vendor/lib:/opt/ros/galactic/opt/rviz_ogre_vendor/lib:/opt/ros/galactic/lib/x86_64-linux-gnu:/opt/ros/galactic/lib', 'HOME': '/home/jkang', 'OLDPWD': '/home/jkang', 'DESKTOP_SESSION': 'ubuntu', 'ROS_PYTHON_VERSION': '3', 'GNOME_SHELL_SESSION_MODE': 'ubuntu', 'GTK_MODULES': 'gail:atk-bridge', 'MANAGERPID': '1535', 'DBUS_SESSION_BUS_ADDRESS': 'unix:path=/run/user/1000/bus', 'COLORTERM': 'truecolor', 'IM_CONFIG_PHASE': '1', 'COLCON_PREFIX_PATH': '/home/jkang/rsp_homework/install', 'ROS_DISTRO': 'galactic', 'LOGNAME': 'jkang', 'JOURNAL_STREAM': '8:45484', '_': '/usr/bin/colcon', 'ROS_VERSION': '2', 'XDG_SESSION_CLASS': 'user', 'USERNAME': 'jkang', 'TERM': 'xterm-256color', 'GNOME_DESKTOP_SESSION_ID': 'this-is-deprecated', 'ROS_LOCALHOST_ONLY': '0', 'WINDOWPATH': '2', 'PATH': '/opt/ros/galactic/bin:/home/jkang/.local/bin:/usr/local/sbin:/usr/local/bin:/usr/sbin:/usr/bin:/sbin:/bin:/usr/games:/usr/local/games:/snap/bin', 'SESSION_MANAGER': 'local/jkang-Legion-Y7000P-2019:@/tmp/.ICE-unix/1810,unix/jkang-Legion-Y7000P-2019:/tmp/.ICE-unix/1810', 'INVOCATION_ID': 'b654e1dc32bc4c8b8938729b76e5b54e', 'XDG_MENU_PREFIX': 'gnome-', 'GNOME_TERMINAL_SCREEN': '/org/gnome/Terminal/screen/df3fb9ee_23b9_4e3b_8fa3_27bbcbb8349c', 'XDG_RUNTIME_DIR': '/run/user/1000', 'DISPLAY': ':1', 'LANG': 'en_US.UTF-8', 'XDG_CURRENT_DESKTOP': 'ubuntu:GNOME', 'XMODIFIERS': '@im=ibus', 'XDG_SESSION_DESKTOP': 'ubuntu', 'XAUTHORITY': '/run/user/1000/gdm/Xauthority', 'LS_COLORS': 'rs=0:di=01;34:ln=01;36:mh=00:pi=40;33:so=01;35:do=01;35:bd=40;33;01:cd=40;33;01:or=40;31;01:mi=00:su=37;41:sg=30;43:ca=30;41:tw=30;42:ow=34;42:st=37;44:ex=01;32:*.tar=01;31:*.tgz=01;31:*.arc=01;31:*.arj=01;31:*.taz=01;31:*.lha=01;31:*.lz4=01;31:*.lzh=01;31:*.lzma=01;31:*.tlz=01;31:*.txz=01;31:*.tzo=01;31:*.t7z=01;31:*.zip=01;31:*.z=01;31:*.dz=01;31:*.gz=01;31:*.lrz=01;31:*.lz=01;31:*.lzo=01;31:*.xz=01;31:*.zst=01;31:*.tzst=01;31:*.bz2=01;31:*.bz=01;31:*.tbz=01;31:*.tbz2=01;31:*.tz=01;31:*.deb=01;31:*.rpm=01;31:*.jar=01;31:*.war=01;31:*.ear=01;31:*.sar=01;31:*.rar=01;31:*.alz=01;31:*.ace=01;31:*.zoo=01;31:*.cpio=01;31:*.7z=01;31:*.rz=01;31:*.cab=01;31:*.wim=01;31:*.swm=01;31:*.dwm=01;31:*.esd=01;31:*.jpg=01;35:*.jpeg=01;35:*.mjpg=01;35:*.mjpeg=01;35:*.gif=01;35:*.bmp=01;35:*.pbm=01;35:*.pgm=01;35:*.ppm=01;35:*.tga=01;35:*.xbm=01;35:*.xpm=01;35:*.tif=01;35:*.tiff=01;35:*.png=01;35:*.svg=01;35:*.svgz=01;35:*.mng=01;35:*.pcx=01;35:*.mov=01;35:*.mpg=01;35:*.mpeg=01;35:*.m2v=01;35:*.mkv=01;35:*.webm=01;35:*.ogm=01;35:*.mp4=01;35:*.m4v=01;35:*.mp4v=01;35:*.vob=01;35:*.qt=01;35:*.nuv=01;35:*.wmv=01;35:*.asf=01;35:*.rm=01;35:*.rmvb=01;35:*.flc=01;35:*.avi=01;35:*.fli=01;35:*.flv=01;35:*.gl=01;35:*.dl=01;35:*.xcf=01;35:*.xwd=01;35:*.yuv=01;35:*.cgm=01;35:*.emf=01;35:*.ogv=01;35:*.ogx=01;35:*.aac=00;36:*.au=00;36:*.flac=00;36:*.m4a=00;36:*.mid=00;36:*.midi=00;36:*.mka=00;36:*.mp3=00;36:*.mpc=00;36:*.ogg=00;36:*.ra=00;36:*.wav=00;36:*.oga=00;36:*.opus=00;36:*.spx=00;36:*.xspf=00;36:', 'GNOME_TERMINAL_SERVICE': ':1.105', 'SSH_AUTH_SOCK': '/run/user/1000/keyring/ssh', 'AMENT_PREFIX_PATH': '/home/jkang/rsp_homework/install/turtles:/home/jkang/rsp_homework/install/pnp_actionlib:/home/jkang/rsp_homework/install/pnp_msgs:/home/jkang/rsp_homework/install/assignment1_subpub:/home/jkang/rsp_homework/install/assignment1_srvcli:/home/jkang/rsp_homework/install/assignment1_msgs:/opt/ros/galactic', 'SHELL': '/bin/bash', 'QT_ACCESSIBILITY': '1', 'GDMSESSION': 'ubuntu', 'LESSCLOSE': '/usr/bin/lesspipe %s %s', 'GPG_AGENT_INFO': '/run/user/1000/gnupg/S.gpg-agent:0:1', 'QT_IM_MODULE': 'ibus', 'PWD': '/home/jkang/InSituNeedle_Manipulation_FBG_FEM_ROS2/build/sm130_interrogator', 'LC_ALL': 'en_US.UTF-8', 'XDG_CONFIG_DIRS': '/etc/xdg/xdg-ubuntu:/etc/xdg', 'XDG_DATA_DIRS': '/usr/share/ubuntu:/usr/local/share/:/usr/share/:/var/lib/snapd/desktop', 'PYTHONPATH': '/home/jkang/InSituNeedle_Manipulation_FBG_FEM_ROS2/build/sm130_interrogator/prefix_override:/home/jkang/InSituNeedle_Manipulation_FBG_FEM_ROS2/install/sm130_interrogator/lib/python3.8/site-packages:/home/jkang/rsp_homework/install/pnp_msgs/lib/python3.8/site-packages:/home/jkang/rsp_homework/install/assignment1_msgs/lib/python3.8/site-packages:/opt/ros/galactic/lib/python3.8/site-packages', 'COLCON': '1', 'VTE_VERSION': '6003', 'CMAKE_PREFIX_PATH': '/home/jkang/rsp_homework/install/turtles:/home/jkang/rsp_homework/install/pnp_actionlib:/home/jkang/rsp_homework/install/pnp_msgs:/home/jkang/rsp_homework/install/assignment1_subpub:/home/jkang/rsp_homework/install/assignment1_srvcli:/home/jkang/rsp_homework/install/assignment1_msgs'}, 'shell': False}
[0.999633] (-) TimerEvent: {}
[1.080931] (assignment1_msgs) StdoutLine: {'line': b'-- Found ament_cmake_ros: 0.9.2 (/opt/ros/galactic/share/ament_cmake_ros/cmake)\n'}
[1.099751] (-) TimerEvent: {}
[1.200039] (-) TimerEvent: {}
[1.285389] (sm130_interrogator) StdoutLine: {'line': b'running egg_info\n'}
[1.291779] (assignment1_msgs) StdoutLine: {'line': b'-- Using all available rosidl_typesupport_c: rosidl_typesupport_fastrtps_c;rosidl_typesupport_introspection_c\n'}
[1.297677] (sm130_interrogator) StdoutLine: {'line': b'writing ../../build/sm130_interrogator/sm130_interrogator.egg-info/PKG-INFO\n'}
[1.297910] (sm130_interrogator) StdoutLine: {'line': b'writing dependency_links to ../../build/sm130_interrogator/sm130_interrogator.egg-info/dependency_links.txt\n'}
[1.298237] (sm130_interrogator) StdoutLine: {'line': b'writing entry points to ../../build/sm130_interrogator/sm130_interrogator.egg-info/entry_points.txt\n'}
[1.298411] (sm130_interrogator) StdoutLine: {'line': b'writing requirements to ../../build/sm130_interrogator/sm130_interrogator.egg-info/requires.txt\n'}
[1.298576] (sm130_interrogator) StdoutLine: {'line': b'writing top-level names to ../../build/sm130_interrogator/sm130_interrogator.egg-info/top_level.txt\n'}
[1.300146] (-) TimerEvent: {}
[1.333359] (sm130_interrogator) StdoutLine: {'line': b"reading manifest file '../../build/sm130_interrogator/sm130_interrogator.egg-info/SOURCES.txt'\n"}
[1.334374] (sm130_interrogator) StdoutLine: {'line': b"writing manifest file '../../build/sm130_interrogator/sm130_interrogator.egg-info/SOURCES.txt'\n"}
[1.334575] (sm130_interrogator) StdoutLine: {'line': b'running build\n'}
[1.334702] (sm130_interrogator) StdoutLine: {'line': b'running build_py\n'}
[1.335086] (sm130_interrogator) StdoutLine: {'line': b'running install\n'}
[1.335511] (sm130_interrogator) StderrLine: {'line': b'/home/jkang/.local/lib/python3.8/site-packages/setuptools/command/install.py:34: SetuptoolsDeprecationWarning: setup.py install is deprecated. Use build and pip and other standards-based tools.\n'}
[1.335660] (sm130_interrogator) StderrLine: {'line': b'  warnings.warn(\n'}
[1.340147] (sm130_interrogator) StdoutLine: {'line': b'running install_lib\n'}
[1.352331] (sm130_interrogator) StdoutLine: {'line': b'running install_data\n'}
[1.364419] (sm130_interrogator) StdoutLine: {'line': b'running install_egg_info\n'}
[1.376853] (sm130_interrogator) StdoutLine: {'line': b"removing '/home/jkang/InSituNeedle_Manipulation_FBG_FEM_ROS2/install/sm130_interrogator/lib/python3.8/site-packages/sm130_interrogator-0.0.0-py3.8.egg-info' (and everything under it)\n"}
[1.377258] (sm130_interrogator) StdoutLine: {'line': b'Copying ../../build/sm130_interrogator/sm130_interrogator.egg-info to /home/jkang/InSituNeedle_Manipulation_FBG_FEM_ROS2/install/sm130_interrogator/lib/python3.8/site-packages/sm130_interrogator-0.0.0-py3.8.egg-info\n'}
[1.378221] (sm130_interrogator) StdoutLine: {'line': b'running install_scripts\n'}
[1.388074] (assignment1_msgs) StdoutLine: {'line': b'-- Using all available rosidl_typesupport_cpp: rosidl_typesupport_fastrtps_cpp;rosidl_typesupport_introspection_cpp\n'}
[1.400229] (-) TimerEvent: {}
[1.410441] (assignment1_msgs) StdoutLine: {'line': b'-- Found PythonInterp: /usr/bin/python3 (found suitable version "3.8.10", minimum required is "3.5") \n'}
[1.411966] (assignment1_msgs) StdoutLine: {'line': b'-- Found python_cmake_module: 0.8.1 (/opt/ros/galactic/share/python_cmake_module/cmake)\n'}
[1.434247] (sm130_interrogator) StdoutLine: {'line': b'Installing listener script to /home/jkang/InSituNeedle_Manipulation_FBG_FEM_ROS2/install/sm130_interrogator/lib/sm130_interrogator\n'}
[1.434664] (sm130_interrogator) StdoutLine: {'line': b'Installing talker script to /home/jkang/InSituNeedle_Manipulation_FBG_FEM_ROS2/install/sm130_interrogator/lib/sm130_interrogator\n'}
[1.435011] (sm130_interrogator) StdoutLine: {'line': b"writing list of installed files to '/home/jkang/InSituNeedle_Manipulation_FBG_FEM_ROS2/build/sm130_interrogator/install.log'\n"}
[1.435516] (assignment1_msgs) StdoutLine: {'line': b'-- Found PythonLibs: /usr/lib/x86_64-linux-gnu/libpython3.8.so (found suitable version "3.8.10", minimum required is "3.5") \n'}
[1.435783] (assignment1_msgs) StdoutLine: {'line': b'-- Using PYTHON_EXECUTABLE: /usr/bin/python3\n'}
[1.435922] (assignment1_msgs) StdoutLine: {'line': b'-- Using PYTHON_INCLUDE_DIRS: /usr/include/python3.8\n'}
[1.436029] (assignment1_msgs) StdoutLine: {'line': b'-- Using PYTHON_LIBRARIES: /usr/lib/x86_64-linux-gnu/libpython3.8.so\n'}
[1.455095] (assignment1_msgs) StdoutLine: {'line': b'-- Found PythonExtra: .so  \n'}
[1.467455] (sm130_interrogator) CommandEnded: {'returncode': 0}
[1.477118] (sm130_interrogator) JobEnded: {'identifier': 'sm130_interrogator', 'rc': 0}
[1.480491] (curvature_srvcli) JobStarted: {'identifier': 'curvature_srvcli'}
[1.500439] (-) TimerEvent: {}
[1.600805] (-) TimerEvent: {}
[1.701135] (-) TimerEvent: {}
[1.725661] (assignment1_msgs) StdoutLine: {'line': b'-- Found ament_lint_auto: 0.10.7 (/opt/ros/galactic/share/ament_lint_auto/cmake)\n'}
[1.745624] (assignment1_msgs) StdoutLine: {'line': b"-- Added test 'copyright' to check source files copyright and LICENSE\n"}
[1.747697] (assignment1_msgs) StdoutLine: {'line': b"-- Added test 'lint_cmake' to check CMake code style\n"}
[1.749059] (assignment1_msgs) StdoutLine: {'line': b"-- Added test 'xmllint' to check XML markup files\n"}
[1.753941] (assignment1_msgs) StdoutLine: {'line': b'-- Configuring done\n'}
[1.801260] (-) TimerEvent: {}
[1.806845] (assignment1_msgs) StdoutLine: {'line': b'-- Generating done\n'}
[1.810044] (assignment1_msgs) StdoutLine: {'line': b'-- Build files have been written to: /home/jkang/InSituNeedle_Manipulation_FBG_FEM_ROS2/build/assignment1_msgs\n'}
[1.816789] (assignment1_msgs) CommandEnded: {'returncode': 0}
[1.817709] (assignment1_msgs) JobProgress: {'identifier': 'assignment1_msgs', 'progress': 'build'}
[1.819018] (assignment1_msgs) Command: {'cmd': ['/usr/bin/cmake', '--build', '/home/jkang/InSituNeedle_Manipulation_FBG_FEM_ROS2/build/assignment1_msgs', '--', '-j12', '-l12'], 'cwd': '/home/jkang/InSituNeedle_Manipulation_FBG_FEM_ROS2/build/assignment1_msgs', 'env': OrderedDict([('LESSOPEN', '| /usr/bin/lesspipe %s'), ('USER', 'jkang'), ('SSH_AGENT_PID', '1772'), ('XDG_SESSION_TYPE', 'x11'), ('SHLVL', '1'), ('LD_LIBRARY_PATH', '/home/jkang/rsp_homework/install/turtles/lib:/home/jkang/rsp_homework/install/pnp_actionlib/lib:/home/jkang/rsp_homework/install/pnp_msgs/lib:/home/jkang/rsp_homework/install/assignment1_subpub/lib:/home/jkang/rsp_homework/install/assignment1_srvcli/lib:/home/jkang/rsp_homework/install/assignment1_msgs/lib:/opt/ros/galactic/opt/yaml_cpp_vendor/lib:/opt/ros/galactic/opt/rviz_ogre_vendor/lib:/opt/ros/galactic/lib/x86_64-linux-gnu:/opt/ros/galactic/lib'), ('HOME', '/home/jkang'), ('OLDPWD', '/home/jkang'), ('DESKTOP_SESSION', 'ubuntu'), ('ROS_PYTHON_VERSION', '3'), ('GNOME_SHELL_SESSION_MODE', 'ubuntu'), ('GTK_MODULES', 'gail:atk-bridge'), ('MANAGERPID', '1535'), ('DBUS_SESSION_BUS_ADDRESS', 'unix:path=/run/user/1000/bus'), ('COLORTERM', 'truecolor'), ('IM_CONFIG_PHASE', '1'), ('COLCON_PREFIX_PATH', '/home/jkang/rsp_homework/install'), ('ROS_DISTRO', 'galactic'), ('LOGNAME', 'jkang'), ('JOURNAL_STREAM', '8:45484'), ('_', '/usr/bin/colcon'), ('ROS_VERSION', '2'), ('XDG_SESSION_CLASS', 'user'), ('USERNAME', 'jkang'), ('TERM', 'xterm-256color'), ('GNOME_DESKTOP_SESSION_ID', 'this-is-deprecated'), ('ROS_LOCALHOST_ONLY', '0'), ('WINDOWPATH', '2'), ('PATH', '/opt/ros/galactic/bin:/home/jkang/.local/bin:/usr/local/sbin:/usr/local/bin:/usr/sbin:/usr/bin:/sbin:/bin:/usr/games:/usr/local/games:/snap/bin'), ('SESSION_MANAGER', 'local/jkang-Legion-Y7000P-2019:@/tmp/.ICE-unix/1810,unix/jkang-Legion-Y7000P-2019:/tmp/.ICE-unix/1810'), ('INVOCATION_ID', 'b654e1dc32bc4c8b8938729b76e5b54e'), ('XDG_MENU_PREFIX', 'gnome-'), ('GNOME_TERMINAL_SCREEN', '/org/gnome/Terminal/screen/df3fb9ee_23b9_4e3b_8fa3_27bbcbb8349c'), ('XDG_RUNTIME_DIR', '/run/user/1000'), ('DISPLAY', ':1'), ('LANG', 'en_US.UTF-8'), ('XDG_CURRENT_DESKTOP', 'ubuntu:GNOME'), ('XMODIFIERS', '@im=ibus'), ('XDG_SESSION_DESKTOP', 'ubuntu'), ('XAUTHORITY', '/run/user/1000/gdm/Xauthority'), ('LS_COLORS', 'rs=0:di=01;34:ln=01;36:mh=00:pi=40;33:so=01;35:do=01;35:bd=40;33;01:cd=40;33;01:or=40;31;01:mi=00:su=37;41:sg=30;43:ca=30;41:tw=30;42:ow=34;42:st=37;44:ex=01;32:*.tar=01;31:*.tgz=01;31:*.arc=01;31:*.arj=01;31:*.taz=01;31:*.lha=01;31:*.lz4=01;31:*.lzh=01;31:*.lzma=01;31:*.tlz=01;31:*.txz=01;31:*.tzo=01;31:*.t7z=01;31:*.zip=01;31:*.z=01;31:*.dz=01;31:*.gz=01;31:*.lrz=01;31:*.lz=01;31:*.lzo=01;31:*.xz=01;31:*.zst=01;31:*.tzst=01;31:*.bz2=01;31:*.bz=01;31:*.tbz=01;31:*.tbz2=01;31:*.tz=01;31:*.deb=01;31:*.rpm=01;31:*.jar=01;31:*.war=01;31:*.ear=01;31:*.sar=01;31:*.rar=01;31:*.alz=01;31:*.ace=01;31:*.zoo=01;31:*.cpio=01;31:*.7z=01;31:*.rz=01;31:*.cab=01;31:*.wim=01;31:*.swm=01;31:*.dwm=01;31:*.esd=01;31:*.jpg=01;35:*.jpeg=01;35:*.mjpg=01;35:*.mjpeg=01;35:*.gif=01;35:*.bmp=01;35:*.pbm=01;35:*.pgm=01;35:*.ppm=01;35:*.tga=01;35:*.xbm=01;35:*.xpm=01;35:*.tif=01;35:*.tiff=01;35:*.png=01;35:*.svg=01;35:*.svgz=01;35:*.mng=01;35:*.pcx=01;35:*.mov=01;35:*.mpg=01;35:*.mpeg=01;35:*.m2v=01;35:*.mkv=01;35:*.webm=01;35:*.ogm=01;35:*.mp4=01;35:*.m4v=01;35:*.mp4v=01;35:*.vob=01;35:*.qt=01;35:*.nuv=01;35:*.wmv=01;35:*.asf=01;35:*.rm=01;35:*.rmvb=01;35:*.flc=01;35:*.avi=01;35:*.fli=01;35:*.flv=01;35:*.gl=01;35:*.dl=01;35:*.xcf=01;35:*.xwd=01;35:*.yuv=01;35:*.cgm=01;35:*.emf=01;35:*.ogv=01;35:*.ogx=01;35:*.aac=00;36:*.au=00;36:*.flac=00;36:*.m4a=00;36:*.mid=00;36:*.midi=00;36:*.mka=00;36:*.mp3=00;36:*.mpc=00;36:*.ogg=00;36:*.ra=00;36:*.wav=00;36:*.oga=00;36:*.opus=00;36:*.spx=00;36:*.xspf=00;36:'), ('GNOME_TERMINAL_SERVICE', ':1.105'), ('SSH_AUTH_SOCK', '/run/user/1000/keyring/ssh'), ('AMENT_PREFIX_PATH', '/home/jkang/rsp_homework/install/turtles:/home/jkang/rsp_homework/install/pnp_actionlib:/home/jkang/rsp_homework/install/pnp_msgs:/home/jkang/rsp_homework/install/assignment1_subpub:/home/jkang/rsp_homework/install/assignment1_srvcli:/home/jkang/rsp_homework/install/assignment1_msgs:/opt/ros/galactic'), ('SHELL', '/bin/bash'), ('QT_ACCESSIBILITY', '1'), ('GDMSESSION', 'ubuntu'), ('LESSCLOSE', '/usr/bin/lesspipe %s %s'), ('GPG_AGENT_INFO', '/run/user/1000/gnupg/S.gpg-agent:0:1'), ('QT_IM_MODULE', 'ibus'), ('PWD', '/home/jkang/InSituNeedle_Manipulation_FBG_FEM_ROS2/build/assignment1_msgs'), ('LC_ALL', 'en_US.UTF-8'), ('XDG_CONFIG_DIRS', '/etc/xdg/xdg-ubuntu:/etc/xdg'), ('XDG_DATA_DIRS', '/usr/share/ubuntu:/usr/local/share/:/usr/share/:/var/lib/snapd/desktop'), ('PYTHONPATH', '/home/jkang/rsp_homework/install/pnp_msgs/lib/python3.8/site-packages:/home/jkang/rsp_homework/install/assignment1_msgs/lib/python3.8/site-packages:/opt/ros/galactic/lib/python3.8/site-packages'), ('COLCON', '1'), ('VTE_VERSION', '6003'), ('CMAKE_PREFIX_PATH', '/home/jkang/rsp_homework/install/turtles:/home/jkang/rsp_homework/install/pnp_actionlib:/home/jkang/rsp_homework/install/pnp_msgs:/home/jkang/rsp_homework/install/assignment1_subpub:/home/jkang/rsp_homework/install/assignment1_srvcli:/home/jkang/rsp_homework/install/assignment1_msgs:/opt/ros/galactic')]), 'shell': False}
[1.858130] (assignment1_msgs) StdoutLine: {'line': b'\x1b[35m\x1b[1mScanning dependencies of target assignment1_msgs__cpp\x1b[0m\n'}
[1.858431] (assignment1_msgs) StdoutLine: {'line': b'[  2%] \x1b[34m\x1b[1mGenerating C code for ROS interfaces\x1b[0m\n'}
[1.869309] (assignment1_msgs) StdoutLine: {'line': b'[  5%] \x1b[34m\x1b[1mGenerating C++ code for ROS interfaces\x1b[0m\n'}
[1.901394] (-) TimerEvent: {}
[2.001703] (-) TimerEvent: {}
[2.101959] (-) TimerEvent: {}
[2.125410] (assignment1_msgs) StdoutLine: {'line': b'[  5%] Built target assignment1_msgs__cpp\n'}
[2.135009] (assignment1_msgs) StdoutLine: {'line': b'\x1b[35m\x1b[1mScanning dependencies of target assignment1_msgs__rosidl_generator_c\x1b[0m\n'}
[2.137940] (assignment1_msgs) StdoutLine: {'line': b'[ 10%] \x1b[34m\x1b[1mGenerating C++ type support for eProsima Fast-RTPS\x1b[0m\n'}
[2.138144] (assignment1_msgs) StdoutLine: {'line': b'[ 10%] \x1b[34m\x1b[1mGenerating C++ type support dispatch for ROS interfaces\x1b[0m\n'}
[2.138299] (assignment1_msgs) StdoutLine: {'line': b'[ 12%] \x1b[34m\x1b[1mGenerating C++ introspection for ROS interfaces\x1b[0m\n'}
[2.150452] (assignment1_msgs) StdoutLine: {'line': b'[ 17%] \x1b[32mBuilding C object CMakeFiles/assignment1_msgs__rosidl_generator_c.dir/rosidl_generator_c/assignment1_msgs/srv/detail/find_norm__functions.c.o\x1b[0m\n'}
[2.150699] (assignment1_msgs) StdoutLine: {'line': b'[ 17%] \x1b[32mBuilding C object CMakeFiles/assignment1_msgs__rosidl_generator_c.dir/rosidl_generator_c/assignment1_msgs/msg/detail/command__functions.c.o\x1b[0m\n'}
[2.202055] (-) TimerEvent: {}
[2.210940] (assignment1_msgs) StdoutLine: {'line': b'[ 20%] \x1b[32m\x1b[1mLinking C shared library libassignment1_msgs__rosidl_generator_c.so\x1b[0m\n'}
[2.255911] (assignment1_msgs) StdoutLine: {'line': b'[ 20%] Built target assignment1_msgs__rosidl_generator_c\n'}
[2.269617] (assignment1_msgs) StdoutLine: {'line': b'[ 25%] \x1b[34m\x1b[1mGenerating C introspection for ROS interfaces\x1b[0m\n'}
[2.269941] (assignment1_msgs) StdoutLine: {'line': b'[ 25%] \x1b[34m\x1b[1mGenerating C type support dispatch for ROS interfaces\x1b[0m\n'}
[2.302151] (-) TimerEvent: {}
[2.396376] (assignment1_msgs) StdoutLine: {'line': b'\x1b[35m\x1b[1mScanning dependencies of target assignment1_msgs__rosidl_typesupport_cpp\x1b[0m\n'}
[2.402245] (-) TimerEvent: {}
[2.413254] (assignment1_msgs) StdoutLine: {'line': b'[ 28%] \x1b[32mBuilding CXX object CMakeFiles/assignment1_msgs__rosidl_typesupport_cpp.dir/rosidl_typesupport_cpp/assignment1_msgs/msg/command__type_support.cpp.o\x1b[0m\n'}
[2.413644] (assignment1_msgs) StdoutLine: {'line': b'[ 30%] \x1b[32mBuilding CXX object CMakeFiles/assignment1_msgs__rosidl_typesupport_cpp.dir/rosidl_typesupport_cpp/assignment1_msgs/srv/find_norm__type_support.cpp.o\x1b[0m\n'}
[2.420901] (assignment1_msgs) StdoutLine: {'line': b'\x1b[35m\x1b[1mScanning dependencies of target assignment1_msgs__rosidl_typesupport_introspection_cpp\x1b[0m\n'}
[2.445580] (assignment1_msgs) StdoutLine: {'line': b'[ 35%] \x1b[32mBuilding CXX object CMakeFiles/assignment1_msgs__rosidl_typesupport_introspection_cpp.dir/rosidl_typesupport_introspection_cpp/assignment1_msgs/msg/detail/command__type_support.cpp.o\x1b[0m\n'}
[2.445838] (assignment1_msgs) StdoutLine: {'line': b'[ 35%] \x1b[32mBuilding CXX object CMakeFiles/assignment1_msgs__rosidl_typesupport_introspection_cpp.dir/rosidl_typesupport_introspection_cpp/assignment1_msgs/srv/detail/find_norm__type_support.cpp.o\x1b[0m\n'}
[2.450478] (assignment1_msgs) StdoutLine: {'line': b'\x1b[35m\x1b[1mScanning dependencies of target assignment1_msgs__rosidl_typesupport_fastrtps_cpp\x1b[0m\n'}
[2.476153] (assignment1_msgs) StdoutLine: {'line': b'[ 38%] \x1b[32mBuilding CXX object CMakeFiles/assignment1_msgs__rosidl_typesupport_fastrtps_cpp.dir/rosidl_typesupport_fastrtps_cpp/assignment1_msgs/srv/detail/dds_fastrtps/find_norm__type_support.cpp.o\x1b[0m\n'}
[2.478363] (assignment1_msgs) StdoutLine: {'line': b'[ 41%] \x1b[32mBuilding CXX object CMakeFiles/assignment1_msgs__rosidl_typesupport_fastrtps_cpp.dir/rosidl_typesupport_fastrtps_cpp/assignment1_msgs/msg/detail/dds_fastrtps/command__type_support.cpp.o\x1b[0m\n'}
[2.502350] (-) TimerEvent: {}
[2.514373] (curvature_srvcli) Command: {'cmd': ['/usr/bin/python3', 'setup.py', 'egg_info', '--egg-base', '../../build/curvature_srvcli', 'build', '--build-base', '/home/jkang/InSituNeedle_Manipulation_FBG_FEM_ROS2/build/curvature_srvcli/build', 'install', '--record', '/home/jkang/InSituNeedle_Manipulation_FBG_FEM_ROS2/build/curvature_srvcli/install.log', '--single-version-externally-managed'], 'cwd': '/home/jkang/InSituNeedle_Manipulation_FBG_FEM_ROS2/src/curvature_srvcli', 'env': {'LESSOPEN': '| /usr/bin/lesspipe %s', 'USER': 'jkang', 'SSH_AGENT_PID': '1772', 'XDG_SESSION_TYPE': 'x11', 'SHLVL': '1', 'LD_LIBRARY_PATH': '/home/jkang/InSituNeedle_Manipulation_FBG_FEM_ROS2/install/fbg_msgs/lib:/home/jkang/rsp_homework/install/turtles/lib:/home/jkang/rsp_homework/install/pnp_actionlib/lib:/home/jkang/rsp_homework/install/pnp_msgs/lib:/home/jkang/rsp_homework/install/assignment1_subpub/lib:/home/jkang/rsp_homework/install/assignment1_srvcli/lib:/home/jkang/rsp_homework/install/assignment1_msgs/lib:/opt/ros/galactic/opt/yaml_cpp_vendor/lib:/opt/ros/galactic/opt/rviz_ogre_vendor/lib:/opt/ros/galactic/lib/x86_64-linux-gnu:/opt/ros/galactic/lib', 'HOME': '/home/jkang', 'OLDPWD': '/home/jkang', 'DESKTOP_SESSION': 'ubuntu', 'ROS_PYTHON_VERSION': '3', 'GNOME_SHELL_SESSION_MODE': 'ubuntu', 'GTK_MODULES': 'gail:atk-bridge', 'MANAGERPID': '1535', 'DBUS_SESSION_BUS_ADDRESS': 'unix:path=/run/user/1000/bus', 'COLORTERM': 'truecolor', 'IM_CONFIG_PHASE': '1', 'COLCON_PREFIX_PATH': '/home/jkang/rsp_homework/install', 'ROS_DISTRO': 'galactic', 'LOGNAME': 'jkang', 'JOURNAL_STREAM': '8:45484', '_': '/usr/bin/colcon', 'ROS_VERSION': '2', 'XDG_SESSION_CLASS': 'user', 'USERNAME': 'jkang', 'TERM': 'xterm-256color', 'GNOME_DESKTOP_SESSION_ID': 'this-is-deprecated', 'ROS_LOCALHOST_ONLY': '0', 'WINDOWPATH': '2', 'PATH': '/opt/ros/galactic/bin:/home/jkang/.local/bin:/usr/local/sbin:/usr/local/bin:/usr/sbin:/usr/bin:/sbin:/bin:/usr/games:/usr/local/games:/snap/bin', 'SESSION_MANAGER': 'local/jkang-Legion-Y7000P-2019:@/tmp/.ICE-unix/1810,unix/jkang-Legion-Y7000P-2019:/tmp/.ICE-unix/1810', 'INVOCATION_ID': 'b654e1dc32bc4c8b8938729b76e5b54e', 'XDG_MENU_PREFIX': 'gnome-', 'GNOME_TERMINAL_SCREEN': '/org/gnome/Terminal/screen/df3fb9ee_23b9_4e3b_8fa3_27bbcbb8349c', 'XDG_RUNTIME_DIR': '/run/user/1000', 'DISPLAY': ':1', 'LANG': 'en_US.UTF-8', 'XDG_CURRENT_DESKTOP': 'ubuntu:GNOME', 'XMODIFIERS': '@im=ibus', 'XDG_SESSION_DESKTOP': 'ubuntu', 'XAUTHORITY': '/run/user/1000/gdm/Xauthority', 'LS_COLORS': 'rs=0:di=01;34:ln=01;36:mh=00:pi=40;33:so=01;35:do=01;35:bd=40;33;01:cd=40;33;01:or=40;31;01:mi=00:su=37;41:sg=30;43:ca=30;41:tw=30;42:ow=34;42:st=37;44:ex=01;32:*.tar=01;31:*.tgz=01;31:*.arc=01;31:*.arj=01;31:*.taz=01;31:*.lha=01;31:*.lz4=01;31:*.lzh=01;31:*.lzma=01;31:*.tlz=01;31:*.txz=01;31:*.tzo=01;31:*.t7z=01;31:*.zip=01;31:*.z=01;31:*.dz=01;31:*.gz=01;31:*.lrz=01;31:*.lz=01;31:*.lzo=01;31:*.xz=01;31:*.zst=01;31:*.tzst=01;31:*.bz2=01;31:*.bz=01;31:*.tbz=01;31:*.tbz2=01;31:*.tz=01;31:*.deb=01;31:*.rpm=01;31:*.jar=01;31:*.war=01;31:*.ear=01;31:*.sar=01;31:*.rar=01;31:*.alz=01;31:*.ace=01;31:*.zoo=01;31:*.cpio=01;31:*.7z=01;31:*.rz=01;31:*.cab=01;31:*.wim=01;31:*.swm=01;31:*.dwm=01;31:*.esd=01;31:*.jpg=01;35:*.jpeg=01;35:*.mjpg=01;35:*.mjpeg=01;35:*.gif=01;35:*.bmp=01;35:*.pbm=01;35:*.pgm=01;35:*.ppm=01;35:*.tga=01;35:*.xbm=01;35:*.xpm=01;35:*.tif=01;35:*.tiff=01;35:*.png=01;35:*.svg=01;35:*.svgz=01;35:*.mng=01;35:*.pcx=01;35:*.mov=01;35:*.mpg=01;35:*.mpeg=01;35:*.m2v=01;35:*.mkv=01;35:*.webm=01;35:*.ogm=01;35:*.mp4=01;35:*.m4v=01;35:*.mp4v=01;35:*.vob=01;35:*.qt=01;35:*.nuv=01;35:*.wmv=01;35:*.asf=01;35:*.rm=01;35:*.rmvb=01;35:*.flc=01;35:*.avi=01;35:*.fli=01;35:*.flv=01;35:*.gl=01;35:*.dl=01;35:*.xcf=01;35:*.xwd=01;35:*.yuv=01;35:*.cgm=01;35:*.emf=01;35:*.ogv=01;35:*.ogx=01;35:*.aac=00;36:*.au=00;36:*.flac=00;36:*.m4a=00;36:*.mid=00;36:*.midi=00;36:*.mka=00;36:*.mp3=00;36:*.mpc=00;36:*.ogg=00;36:*.ra=00;36:*.wav=00;36:*.oga=00;36:*.opus=00;36:*.spx=00;36:*.xspf=00;36:', 'GNOME_TERMINAL_SERVICE': ':1.105', 'SSH_AUTH_SOCK': '/run/user/1000/keyring/ssh', 'AMENT_PREFIX_PATH': '/home/jkang/InSituNeedle_Manipulation_FBG_FEM_ROS2/install/sm130_interrogator:/home/jkang/InSituNeedle_Manipulation_FBG_FEM_ROS2/install/fbg_msgs:/home/jkang/rsp_homework/install/turtles:/home/jkang/rsp_homework/install/pnp_actionlib:/home/jkang/rsp_homework/install/pnp_msgs:/home/jkang/rsp_homework/install/assignment1_subpub:/home/jkang/rsp_homework/install/assignment1_srvcli:/home/jkang/rsp_homework/install/assignment1_msgs:/opt/ros/galactic', 'SHELL': '/bin/bash', 'QT_ACCESSIBILITY': '1', 'GDMSESSION': 'ubuntu', 'LESSCLOSE': '/usr/bin/lesspipe %s %s', 'GPG_AGENT_INFO': '/run/user/1000/gnupg/S.gpg-agent:0:1', 'QT_IM_MODULE': 'ibus', 'PWD': '/home/jkang/InSituNeedle_Manipulation_FBG_FEM_ROS2/build/curvature_srvcli', 'LC_ALL': 'en_US.UTF-8', 'XDG_CONFIG_DIRS': '/etc/xdg/xdg-ubuntu:/etc/xdg', 'XDG_DATA_DIRS': '/usr/share/ubuntu:/usr/local/share/:/usr/share/:/var/lib/snapd/desktop', 'PYTHONPATH': '/home/jkang/InSituNeedle_Manipulation_FBG_FEM_ROS2/build/curvature_srvcli/prefix_override:/home/jkang/InSituNeedle_Manipulation_FBG_FEM_ROS2/install/curvature_srvcli/lib/python3.8/site-packages:/home/jkang/InSituNeedle_Manipulation_FBG_FEM_ROS2/install/sm130_interrogator/lib/python3.8/site-packages:/home/jkang/InSituNeedle_Manipulation_FBG_FEM_ROS2/install/fbg_msgs/lib/python3.8/site-packages:/home/jkang/rsp_homework/install/pnp_msgs/lib/python3.8/site-packages:/home/jkang/rsp_homework/install/assignment1_msgs/lib/python3.8/site-packages:/opt/ros/galactic/lib/python3.8/site-packages', 'COLCON': '1', 'VTE_VERSION': '6003', 'CMAKE_PREFIX_PATH': '/home/jkang/InSituNeedle_Manipulation_FBG_FEM_ROS2/install/fbg_msgs:/home/jkang/rsp_homework/install/turtles:/home/jkang/rsp_homework/install/pnp_actionlib:/home/jkang/rsp_homework/install/pnp_msgs:/home/jkang/rsp_homework/install/assignment1_subpub:/home/jkang/rsp_homework/install/assignment1_srvcli:/home/jkang/rsp_homework/install/assignment1_msgs'}, 'shell': False}
[2.549513] (assignment1_msgs) StdoutLine: {'line': b'\x1b[35m\x1b[1mScanning dependencies of target assignment1_msgs__rosidl_typesupport_c\x1b[0m\n'}
[2.568612] (assignment1_msgs) StdoutLine: {'line': b'[ 43%] \x1b[32mBuilding CXX object CMakeFiles/assignment1_msgs__rosidl_typesupport_c.dir/rosidl_typesupport_c/assignment1_msgs/srv/find_norm__type_support.cpp.o\x1b[0m\n'}
[2.570464] (assignment1_msgs) StdoutLine: {'line': b'[ 46%] \x1b[32mBuilding CXX object CMakeFiles/assignment1_msgs__rosidl_typesupport_c.dir/rosidl_typesupport_c/assignment1_msgs/msg/command__type_support.cpp.o\x1b[0m\n'}
[2.594964] (assignment1_msgs) StdoutLine: {'line': b'\x1b[35m\x1b[1mScanning dependencies of target assignment1_msgs__rosidl_typesupport_introspection_c\x1b[0m\n'}
[2.602462] (-) TimerEvent: {}
[2.615093] (assignment1_msgs) StdoutLine: {'line': b'[ 48%] \x1b[32mBuilding C object CMakeFiles/assignment1_msgs__rosidl_typesupport_introspection_c.dir/rosidl_typesupport_introspection_c/assignment1_msgs/msg/detail/command__type_support.c.o\x1b[0m\n'}
[2.616417] (assignment1_msgs) StdoutLine: {'line': b'[ 51%] \x1b[32m\x1b[1mLinking CXX shared library libassignment1_msgs__rosidl_typesupport_c.so\x1b[0m\n'}
[2.619194] (assignment1_msgs) StdoutLine: {'line': b'[ 53%] \x1b[32mBuilding C object CMakeFiles/assignment1_msgs__rosidl_typesupport_introspection_c.dir/rosidl_typesupport_introspection_c/assignment1_msgs/srv/detail/find_norm__type_support.c.o\x1b[0m\n'}
[2.676275] (assignment1_msgs) StdoutLine: {'line': b'[ 56%] \x1b[32m\x1b[1mLinking C shared library libassignment1_msgs__rosidl_typesupport_introspection_c.so\x1b[0m\n'}
[2.676746] (assignment1_msgs) StdoutLine: {'line': b'[ 56%] Built target assignment1_msgs__rosidl_typesupport_c\n'}
[2.702561] (-) TimerEvent: {}
[2.715939] (assignment1_msgs) StdoutLine: {'line': b'[ 56%] Built target assignment1_msgs__rosidl_typesupport_introspection_c\n'}
[2.802693] (-) TimerEvent: {}
[2.891928] (assignment1_msgs) StdoutLine: {'line': b'[ 58%] \x1b[32m\x1b[1mLinking CXX shared library libassignment1_msgs__rosidl_typesupport_cpp.so\x1b[0m\n'}
[2.902821] (-) TimerEvent: {}
[2.928150] (assignment1_msgs) StdoutLine: {'line': b'[ 61%] \x1b[32m\x1b[1mLinking CXX shared library libassignment1_msgs__rosidl_typesupport_introspection_cpp.so\x1b[0m\n'}
[2.938173] (assignment1_msgs) StdoutLine: {'line': b'[ 61%] Built target assignment1_msgs__rosidl_typesupport_cpp\n'}
[2.990829] (curvature_srvcli) StdoutLine: {'line': b'running egg_info\n'}
[2.994802] (assignment1_msgs) StdoutLine: {'line': b'[ 61%] Built target assignment1_msgs__rosidl_typesupport_introspection_cpp\n'}
[3.002958] (-) TimerEvent: {}
[3.006369] (curvature_srvcli) StdoutLine: {'line': b'writing ../../build/curvature_srvcli/curvature_srvcli.egg-info/PKG-INFO\n'}
[3.006607] (curvature_srvcli) StdoutLine: {'line': b'writing dependency_links to ../../build/curvature_srvcli/curvature_srvcli.egg-info/dependency_links.txt\n'}
[3.006941] (curvature_srvcli) StdoutLine: {'line': b'writing entry points to ../../build/curvature_srvcli/curvature_srvcli.egg-info/entry_points.txt\n'}
[3.007143] (curvature_srvcli) StdoutLine: {'line': b'writing requirements to ../../build/curvature_srvcli/curvature_srvcli.egg-info/requires.txt\n'}
[3.007326] (curvature_srvcli) StdoutLine: {'line': b'writing top-level names to ../../build/curvature_srvcli/curvature_srvcli.egg-info/top_level.txt\n'}
[3.036452] (curvature_srvcli) StdoutLine: {'line': b"reading manifest file '../../build/curvature_srvcli/curvature_srvcli.egg-info/SOURCES.txt'\n"}
[3.037444] (curvature_srvcli) StdoutLine: {'line': b"writing manifest file '../../build/curvature_srvcli/curvature_srvcli.egg-info/SOURCES.txt'\n"}
[3.037603] (curvature_srvcli) StdoutLine: {'line': b'running build\n'}
[3.037667] (curvature_srvcli) StdoutLine: {'line': b'running build_py\n'}
[3.038218] (curvature_srvcli) StdoutLine: {'line': b'running install\n'}
[3.038403] (curvature_srvcli) StderrLine: {'line': b'/home/jkang/.local/lib/python3.8/site-packages/setuptools/command/install.py:34: SetuptoolsDeprecationWarning: setup.py install is deprecated. Use build and pip and other standards-based tools.\n'}
[3.038502] (curvature_srvcli) StderrLine: {'line': b'  warnings.warn(\n'}
[3.048477] (curvature_srvcli) StdoutLine: {'line': b'running install_lib\n'}
[3.061787] (curvature_srvcli) StdoutLine: {'line': b'running install_data\n'}
[3.073514] (curvature_srvcli) StdoutLine: {'line': b'running install_egg_info\n'}
[3.085807] (curvature_srvcli) StdoutLine: {'line': b"removing '/home/jkang/InSituNeedle_Manipulation_FBG_FEM_ROS2/install/curvature_srvcli/lib/python3.8/site-packages/curvature_srvcli-0.0.0-py3.8.egg-info' (and everything under it)\n"}
[3.085947] (assignment1_msgs) StdoutLine: {'line': b'[ 64%] \x1b[32m\x1b[1mLinking CXX shared library libassignment1_msgs__rosidl_typesupport_fastrtps_cpp.so\x1b[0m\n'}
[3.086053] (curvature_srvcli) StdoutLine: {'line': b'Copying ../../build/curvature_srvcli/curvature_srvcli.egg-info to /home/jkang/InSituNeedle_Manipulation_FBG_FEM_ROS2/install/curvature_srvcli/lib/python3.8/site-packages/curvature_srvcli-0.0.0-py3.8.egg-info\n'}
[3.086777] (curvature_srvcli) StdoutLine: {'line': b'running install_scripts\n'}
[3.103081] (-) TimerEvent: {}
[3.143501] (curvature_srvcli) StdoutLine: {'line': b'Installing client script to /home/jkang/InSituNeedle_Manipulation_FBG_FEM_ROS2/install/curvature_srvcli/lib/curvature_srvcli\n'}
[3.143720] (curvature_srvcli) StdoutLine: {'line': b'Installing server script to /home/jkang/InSituNeedle_Manipulation_FBG_FEM_ROS2/install/curvature_srvcli/lib/curvature_srvcli\n'}
[3.143976] (curvature_srvcli) StdoutLine: {'line': b"writing list of installed files to '/home/jkang/InSituNeedle_Manipulation_FBG_FEM_ROS2/build/curvature_srvcli/install.log'\n"}
[3.162763] (assignment1_msgs) StdoutLine: {'line': b'[ 64%] Built target assignment1_msgs__rosidl_typesupport_fastrtps_cpp\n'}
[3.177388] (curvature_srvcli) CommandEnded: {'returncode': 0}
[3.177969] (assignment1_msgs) StdoutLine: {'line': b'[ 66%] \x1b[34m\x1b[1mGenerating C type support for eProsima Fast-RTPS\x1b[0m\n'}
[3.187667] (curvature_srvcli) JobEnded: {'identifier': 'curvature_srvcli', 'rc': 0}
[3.203202] (-) TimerEvent: {}
[3.303459] (-) TimerEvent: {}
[3.385199] (assignment1_msgs) StdoutLine: {'line': b'\x1b[35m\x1b[1mScanning dependencies of target assignment1_msgs__rosidl_typesupport_fastrtps_c\x1b[0m\n'}
[3.403549] (-) TimerEvent: {}
[3.404616] (assignment1_msgs) StdoutLine: {'line': b'[ 69%] \x1b[32mBuilding CXX object CMakeFiles/assignment1_msgs__rosidl_typesupport_fastrtps_c.dir/rosidl_typesupport_fastrtps_c/assignment1_msgs/msg/detail/command__type_support_c.cpp.o\x1b[0m\n'}
[3.405058] (assignment1_msgs) StdoutLine: {'line': b'[ 71%] \x1b[32mBuilding CXX object CMakeFiles/assignment1_msgs__rosidl_typesupport_fastrtps_c.dir/rosidl_typesupport_fastrtps_c/assignment1_msgs/srv/detail/find_norm__type_support_c.cpp.o\x1b[0m\n'}
[3.503684] (-) TimerEvent: {}
[3.603963] (-) TimerEvent: {}
[3.704207] (-) TimerEvent: {}
[3.706982] (assignment1_msgs) StdoutLine: {'line': b'[ 74%] \x1b[32m\x1b[1mLinking CXX shared library libassignment1_msgs__rosidl_typesupport_fastrtps_c.so\x1b[0m\n'}
[3.781819] (assignment1_msgs) StdoutLine: {'line': b'[ 74%] Built target assignment1_msgs__rosidl_typesupport_fastrtps_c\n'}
[3.791957] (assignment1_msgs) StdoutLine: {'line': b'\x1b[35m\x1b[1mScanning dependencies of target assignment1_msgs\x1b[0m\n'}
[3.802000] (assignment1_msgs) StdoutLine: {'line': b'[ 74%] Built target assignment1_msgs\n'}
[3.804266] (-) TimerEvent: {}
[3.812220] (assignment1_msgs) StdoutLine: {'line': b'\x1b[35m\x1b[1mScanning dependencies of target assignment1_msgs__py\x1b[0m\n'}
[3.822302] (assignment1_msgs) StdoutLine: {'line': b'[ 76%] \x1b[34m\x1b[1mGenerating Python code for ROS interfaces\x1b[0m\n'}
[3.904349] (-) TimerEvent: {}
[4.004557] (-) TimerEvent: {}
[4.104761] (-) TimerEvent: {}
[4.205023] (-) TimerEvent: {}
[4.216672] (assignment1_msgs) StdoutLine: {'line': b'[ 76%] Built target assignment1_msgs__py\n'}
[4.226094] (assignment1_msgs) StdoutLine: {'line': b'\x1b[35m\x1b[1mScanning dependencies of target assignment1_msgs__python\x1b[0m\n'}
[4.246194] (assignment1_msgs) StdoutLine: {'line': b'[ 82%] \x1b[32mBuilding C object CMakeFiles/assignment1_msgs__python.dir/rosidl_generator_py/assignment1_msgs/srv/_find_norm_s.c.o\x1b[0m\n'}
[4.246476] (assignment1_msgs) StdoutLine: {'line': b'[ 82%] \x1b[32mBuilding C object CMakeFiles/assignment1_msgs__python.dir/rosidl_generator_py/assignment1_msgs/msg/_command_s.c.o\x1b[0m\n'}
[4.305125] (-) TimerEvent: {}
[4.340075] (assignment1_msgs) StdoutLine: {'line': b'[ 84%] \x1b[32m\x1b[1mLinking C shared library rosidl_generator_py/assignment1_msgs/libassignment1_msgs__python.so\x1b[0m\n'}
[4.380039] (assignment1_msgs) StdoutLine: {'line': b'[ 84%] Built target assignment1_msgs__python\n'}
[4.390308] (assignment1_msgs) StdoutLine: {'line': b'\x1b[35m\x1b[1mScanning dependencies of target assignment1_msgs__rosidl_typesupport_introspection_c__pyext\x1b[0m\n'}
[4.390561] (assignment1_msgs) StdoutLine: {'line': b'\x1b[35m\x1b[1mScanning dependencies of target assignment1_msgs__rosidl_typesupport_c__pyext\x1b[0m\n'}
[4.390696] (assignment1_msgs) StdoutLine: {'line': b'\x1b[35m\x1b[1mScanning dependencies of target assignment1_msgs__rosidl_typesupport_fastrtps_c__pyext\x1b[0m\n'}
[4.405231] (-) TimerEvent: {}
[4.410079] (assignment1_msgs) StdoutLine: {'line': b'[ 87%] \x1b[32mBuilding C object CMakeFiles/assignment1_msgs__rosidl_typesupport_c__pyext.dir/rosidl_generator_py/assignment1_msgs/_assignment1_msgs_s.ep.rosidl_typesupport_c.c.o\x1b[0m\n'}
[4.410465] (assignment1_msgs) StdoutLine: {'line': b'[ 89%] \x1b[32mBuilding C object CMakeFiles/assignment1_msgs__rosidl_typesupport_introspection_c__pyext.dir/rosidl_generator_py/assignment1_msgs/_assignment1_msgs_s.ep.rosidl_typesupport_introspection_c.c.o\x1b[0m\n'}
[4.411922] (assignment1_msgs) StdoutLine: {'line': b'[ 92%] \x1b[32mBuilding C object CMakeFiles/assignment1_msgs__rosidl_typesupport_fastrtps_c__pyext.dir/rosidl_generator_py/assignment1_msgs/_assignment1_msgs_s.ep.rosidl_typesupport_fastrtps_c.c.o\x1b[0m\n'}
[4.494228] (assignment1_msgs) StdoutLine: {'line': b'[ 94%] \x1b[32m\x1b[1mLinking CXX shared library rosidl_generator_py/assignment1_msgs/assignment1_msgs_s__rosidl_typesupport_fastrtps_c.cpython-38-x86_64-linux-gnu.so\x1b[0m\n'}
[4.497828] (assignment1_msgs) StdoutLine: {'line': b'[ 97%] \x1b[32m\x1b[1mLinking C shared library rosidl_generator_py/assignment1_msgs/assignment1_msgs_s__rosidl_typesupport_c.cpython-38-x86_64-linux-gnu.so\x1b[0m\n'}
[4.501218] (assignment1_msgs) StdoutLine: {'line': b'[100%] \x1b[32m\x1b[1mLinking C shared library rosidl_generator_py/assignment1_msgs/assignment1_msgs_s__rosidl_typesupport_introspection_c.cpython-38-x86_64-linux-gnu.so\x1b[0m\n'}
[4.505309] (-) TimerEvent: {}
[4.541805] (assignment1_msgs) StdoutLine: {'line': b'[100%] Built target assignment1_msgs__rosidl_typesupport_introspection_c__pyext\n'}
[4.544948] (assignment1_msgs) StdoutLine: {'line': b'[100%] Built target assignment1_msgs__rosidl_typesupport_c__pyext\n'}
[4.563397] (assignment1_msgs) StdoutLine: {'line': b'[100%] Built target assignment1_msgs__rosidl_typesupport_fastrtps_c__pyext\n'}
[4.573906] (assignment1_msgs) CommandEnded: {'returncode': 0}
[4.605417] (-) TimerEvent: {}
[4.637496] (assignment1_msgs) JobProgress: {'identifier': 'assignment1_msgs', 'progress': 'install'}
[4.637885] (assignment1_msgs) Command: {'cmd': ['/usr/bin/cmake', '--install', '/home/jkang/InSituNeedle_Manipulation_FBG_FEM_ROS2/build/assignment1_msgs'], 'cwd': '/home/jkang/InSituNeedle_Manipulation_FBG_FEM_ROS2/build/assignment1_msgs', 'env': OrderedDict([('LESSOPEN', '| /usr/bin/lesspipe %s'), ('USER', 'jkang'), ('SSH_AGENT_PID', '1772'), ('XDG_SESSION_TYPE', 'x11'), ('SHLVL', '1'), ('LD_LIBRARY_PATH', '/home/jkang/rsp_homework/install/turtles/lib:/home/jkang/rsp_homework/install/pnp_actionlib/lib:/home/jkang/rsp_homework/install/pnp_msgs/lib:/home/jkang/rsp_homework/install/assignment1_subpub/lib:/home/jkang/rsp_homework/install/assignment1_srvcli/lib:/home/jkang/rsp_homework/install/assignment1_msgs/lib:/opt/ros/galactic/opt/yaml_cpp_vendor/lib:/opt/ros/galactic/opt/rviz_ogre_vendor/lib:/opt/ros/galactic/lib/x86_64-linux-gnu:/opt/ros/galactic/lib'), ('HOME', '/home/jkang'), ('OLDPWD', '/home/jkang'), ('DESKTOP_SESSION', 'ubuntu'), ('ROS_PYTHON_VERSION', '3'), ('GNOME_SHELL_SESSION_MODE', 'ubuntu'), ('GTK_MODULES', 'gail:atk-bridge'), ('MANAGERPID', '1535'), ('DBUS_SESSION_BUS_ADDRESS', 'unix:path=/run/user/1000/bus'), ('COLORTERM', 'truecolor'), ('IM_CONFIG_PHASE', '1'), ('COLCON_PREFIX_PATH', '/home/jkang/rsp_homework/install'), ('ROS_DISTRO', 'galactic'), ('LOGNAME', 'jkang'), ('JOURNAL_STREAM', '8:45484'), ('_', '/usr/bin/colcon'), ('ROS_VERSION', '2'), ('XDG_SESSION_CLASS', 'user'), ('USERNAME', 'jkang'), ('TERM', 'xterm-256color'), ('GNOME_DESKTOP_SESSION_ID', 'this-is-deprecated'), ('ROS_LOCALHOST_ONLY', '0'), ('WINDOWPATH', '2'), ('PATH', '/opt/ros/galactic/bin:/home/jkang/.local/bin:/usr/local/sbin:/usr/local/bin:/usr/sbin:/usr/bin:/sbin:/bin:/usr/games:/usr/local/games:/snap/bin'), ('SESSION_MANAGER', 'local/jkang-Legion-Y7000P-2019:@/tmp/.ICE-unix/1810,unix/jkang-Legion-Y7000P-2019:/tmp/.ICE-unix/1810'), ('INVOCATION_ID', 'b654e1dc32bc4c8b8938729b76e5b54e'), ('XDG_MENU_PREFIX', 'gnome-'), ('GNOME_TERMINAL_SCREEN', '/org/gnome/Terminal/screen/df3fb9ee_23b9_4e3b_8fa3_27bbcbb8349c'), ('XDG_RUNTIME_DIR', '/run/user/1000'), ('DISPLAY', ':1'), ('LANG', 'en_US.UTF-8'), ('XDG_CURRENT_DESKTOP', 'ubuntu:GNOME'), ('XMODIFIERS', '@im=ibus'), ('XDG_SESSION_DESKTOP', 'ubuntu'), ('XAUTHORITY', '/run/user/1000/gdm/Xauthority'), ('LS_COLORS', 'rs=0:di=01;34:ln=01;36:mh=00:pi=40;33:so=01;35:do=01;35:bd=40;33;01:cd=40;33;01:or=40;31;01:mi=00:su=37;41:sg=30;43:ca=30;41:tw=30;42:ow=34;42:st=37;44:ex=01;32:*.tar=01;31:*.tgz=01;31:*.arc=01;31:*.arj=01;31:*.taz=01;31:*.lha=01;31:*.lz4=01;31:*.lzh=01;31:*.lzma=01;31:*.tlz=01;31:*.txz=01;31:*.tzo=01;31:*.t7z=01;31:*.zip=01;31:*.z=01;31:*.dz=01;31:*.gz=01;31:*.lrz=01;31:*.lz=01;31:*.lzo=01;31:*.xz=01;31:*.zst=01;31:*.tzst=01;31:*.bz2=01;31:*.bz=01;31:*.tbz=01;31:*.tbz2=01;31:*.tz=01;31:*.deb=01;31:*.rpm=01;31:*.jar=01;31:*.war=01;31:*.ear=01;31:*.sar=01;31:*.rar=01;31:*.alz=01;31:*.ace=01;31:*.zoo=01;31:*.cpio=01;31:*.7z=01;31:*.rz=01;31:*.cab=01;31:*.wim=01;31:*.swm=01;31:*.dwm=01;31:*.esd=01;31:*.jpg=01;35:*.jpeg=01;35:*.mjpg=01;35:*.mjpeg=01;35:*.gif=01;35:*.bmp=01;35:*.pbm=01;35:*.pgm=01;35:*.ppm=01;35:*.tga=01;35:*.xbm=01;35:*.xpm=01;35:*.tif=01;35:*.tiff=01;35:*.png=01;35:*.svg=01;35:*.svgz=01;35:*.mng=01;35:*.pcx=01;35:*.mov=01;35:*.mpg=01;35:*.mpeg=01;35:*.m2v=01;35:*.mkv=01;35:*.webm=01;35:*.ogm=01;35:*.mp4=01;35:*.m4v=01;35:*.mp4v=01;35:*.vob=01;35:*.qt=01;35:*.nuv=01;35:*.wmv=01;35:*.asf=01;35:*.rm=01;35:*.rmvb=01;35:*.flc=01;35:*.avi=01;35:*.fli=01;35:*.flv=01;35:*.gl=01;35:*.dl=01;35:*.xcf=01;35:*.xwd=01;35:*.yuv=01;35:*.cgm=01;35:*.emf=01;35:*.ogv=01;35:*.ogx=01;35:*.aac=00;36:*.au=00;36:*.flac=00;36:*.m4a=00;36:*.mid=00;36:*.midi=00;36:*.mka=00;36:*.mp3=00;36:*.mpc=00;36:*.ogg=00;36:*.ra=00;36:*.wav=00;36:*.oga=00;36:*.opus=00;36:*.spx=00;36:*.xspf=00;36:'), ('GNOME_TERMINAL_SERVICE', ':1.105'), ('SSH_AUTH_SOCK', '/run/user/1000/keyring/ssh'), ('AMENT_PREFIX_PATH', '/home/jkang/rsp_homework/install/turtles:/home/jkang/rsp_homework/install/pnp_actionlib:/home/jkang/rsp_homework/install/pnp_msgs:/home/jkang/rsp_homework/install/assignment1_subpub:/home/jkang/rsp_homework/install/assignment1_srvcli:/home/jkang/rsp_homework/install/assignment1_msgs:/opt/ros/galactic'), ('SHELL', '/bin/bash'), ('QT_ACCESSIBILITY', '1'), ('GDMSESSION', 'ubuntu'), ('LESSCLOSE', '/usr/bin/lesspipe %s %s'), ('GPG_AGENT_INFO', '/run/user/1000/gnupg/S.gpg-agent:0:1'), ('QT_IM_MODULE', 'ibus'), ('PWD', '/home/jkang/InSituNeedle_Manipulation_FBG_FEM_ROS2/build/assignment1_msgs'), ('LC_ALL', 'en_US.UTF-8'), ('XDG_CONFIG_DIRS', '/etc/xdg/xdg-ubuntu:/etc/xdg'), ('XDG_DATA_DIRS', '/usr/share/ubuntu:/usr/local/share/:/usr/share/:/var/lib/snapd/desktop'), ('PYTHONPATH', '/home/jkang/rsp_homework/install/pnp_msgs/lib/python3.8/site-packages:/home/jkang/rsp_homework/install/assignment1_msgs/lib/python3.8/site-packages:/opt/ros/galactic/lib/python3.8/site-packages'), ('COLCON', '1'), ('VTE_VERSION', '6003'), ('CMAKE_PREFIX_PATH', '/home/jkang/rsp_homework/install/turtles:/home/jkang/rsp_homework/install/pnp_actionlib:/home/jkang/rsp_homework/install/pnp_msgs:/home/jkang/rsp_homework/install/assignment1_subpub:/home/jkang/rsp_homework/install/assignment1_srvcli:/home/jkang/rsp_homework/install/assignment1_msgs:/opt/ros/galactic')]), 'shell': False}
[4.648164] (assignment1_msgs) StdoutLine: {'line': b'-- Install configuration: ""\n'}
[4.648388] (assignment1_msgs) StdoutLine: {'line': b'-- Installing: /home/jkang/InSituNeedle_Manipulation_FBG_FEM_ROS2/install/assignment1_msgs/share/ament_index/resource_index/rosidl_interfaces/assignment1_msgs\n'}
[4.648581] (assignment1_msgs) StdoutLine: {'line': b'-- Installing: /home/jkang/InSituNeedle_Manipulation_FBG_FEM_ROS2/install/assignment1_msgs/include/assignment1_msgs\n'}
[4.648834] (assignment1_msgs) StdoutLine: {'line': b'-- Installing: /home/jkang/InSituNeedle_Manipulation_FBG_FEM_ROS2/install/assignment1_msgs/include/assignment1_msgs/msg\n'}
[4.648962] (assignment1_msgs) StdoutLine: {'line': b'-- Installing: /home/jkang/InSituNeedle_Manipulation_FBG_FEM_ROS2/install/assignment1_msgs/include/assignment1_msgs/msg/command.h\n'}
[4.649080] (assignment1_msgs) StdoutLine: {'line': b'-- Installing: /home/jkang/InSituNeedle_Manipulation_FBG_FEM_ROS2/install/assignment1_msgs/include/assignment1_msgs/msg/rosidl_generator_c__visibility_control.h\n'}
[4.649199] (assignment1_msgs) StdoutLine: {'line': b'-- Installing: /home/jkang/InSituNeedle_Manipulation_FBG_FEM_ROS2/install/assignment1_msgs/include/assignment1_msgs/msg/detail\n'}
[4.649276] (assignment1_msgs) StdoutLine: {'line': b'-- Installing: /home/jkang/InSituNeedle_Manipulation_FBG_FEM_ROS2/install/assignment1_msgs/include/assignment1_msgs/msg/detail/command__struct.h\n'}
[4.649384] (assignment1_msgs) StdoutLine: {'line': b'-- Installing: /home/jkang/InSituNeedle_Manipulation_FBG_FEM_ROS2/install/assignment1_msgs/include/assignment1_msgs/msg/detail/command__functions.c\n'}
[4.649477] (assignment1_msgs) StdoutLine: {'line': b'-- Installing: /home/jkang/InSituNeedle_Manipulation_FBG_FEM_ROS2/install/assignment1_msgs/include/assignment1_msgs/msg/detail/command__type_support.h\n'}
[4.649549] (assignment1_msgs) StdoutLine: {'line': b'-- Installing: /home/jkang/InSituNeedle_Manipulation_FBG_FEM_ROS2/install/assignment1_msgs/include/assignment1_msgs/msg/detail/command__functions.h\n'}
[4.649624] (assignment1_msgs) StdoutLine: {'line': b'-- Installing: /home/jkang/InSituNeedle_Manipulation_FBG_FEM_ROS2/install/assignment1_msgs/include/assignment1_msgs/srv\n'}
[4.649697] (assignment1_msgs) StdoutLine: {'line': b'-- Installing: /home/jkang/InSituNeedle_Manipulation_FBG_FEM_ROS2/install/assignment1_msgs/include/assignment1_msgs/srv/detail\n'}
[4.649753] (assignment1_msgs) StdoutLine: {'line': b'-- Installing: /home/jkang/InSituNeedle_Manipulation_FBG_FEM_ROS2/install/assignment1_msgs/include/assignment1_msgs/srv/detail/find_norm__type_support.h\n'}
[4.649831] (assignment1_msgs) StdoutLine: {'line': b'-- Installing: /home/jkang/InSituNeedle_Manipulation_FBG_FEM_ROS2/install/assignment1_msgs/include/assignment1_msgs/srv/detail/find_norm__struct.h\n'}
[4.649907] (assignment1_msgs) StdoutLine: {'line': b'-- Installing: /home/jkang/InSituNeedle_Manipulation_FBG_FEM_ROS2/install/assignment1_msgs/include/assignment1_msgs/srv/detail/find_norm__functions.c\n'}
[4.649962] (assignment1_msgs) StdoutLine: {'line': b'-- Installing: /home/jkang/InSituNeedle_Manipulation_FBG_FEM_ROS2/install/assignment1_msgs/include/assignment1_msgs/srv/detail/find_norm__functions.h\n'}
[4.650024] (assignment1_msgs) StdoutLine: {'line': b'-- Installing: /home/jkang/InSituNeedle_Manipulation_FBG_FEM_ROS2/install/assignment1_msgs/include/assignment1_msgs/srv/find_norm.h\n'}
[4.650101] (assignment1_msgs) StdoutLine: {'line': b'-- Installing: /home/jkang/InSituNeedle_Manipulation_FBG_FEM_ROS2/install/assignment1_msgs/share/assignment1_msgs/environment/library_path.sh\n'}
[4.650176] (assignment1_msgs) StdoutLine: {'line': b'-- Installing: /home/jkang/InSituNeedle_Manipulation_FBG_FEM_ROS2/install/assignment1_msgs/share/assignment1_msgs/environment/library_path.dsv\n'}
[4.650347] (assignment1_msgs) StdoutLine: {'line': b'-- Installing: /home/jkang/InSituNeedle_Manipulation_FBG_FEM_ROS2/install/assignment1_msgs/lib/libassignment1_msgs__rosidl_generator_c.so\n'}
[4.650745] (assignment1_msgs) StdoutLine: {'line': b'-- Set runtime path of "/home/jkang/InSituNeedle_Manipulation_FBG_FEM_ROS2/install/assignment1_msgs/lib/libassignment1_msgs__rosidl_generator_c.so" to ""\n'}
[4.650816] (assignment1_msgs) StdoutLine: {'line': b'-- Up-to-date: /home/jkang/InSituNeedle_Manipulation_FBG_FEM_ROS2/install/assignment1_msgs/include/assignment1_msgs\n'}
[4.650916] (assignment1_msgs) StdoutLine: {'line': b'-- Up-to-date: /home/jkang/InSituNeedle_Manipulation_FBG_FEM_ROS2/install/assignment1_msgs/include/assignment1_msgs/msg\n'}
[4.650973] (assignment1_msgs) StdoutLine: {'line': b'-- Up-to-date: /home/jkang/InSituNeedle_Manipulation_FBG_FEM_ROS2/install/assignment1_msgs/include/assignment1_msgs/msg/detail\n'}
[4.651044] (assignment1_msgs) StdoutLine: {'line': b'-- Installing: /home/jkang/InSituNeedle_Manipulation_FBG_FEM_ROS2/install/assignment1_msgs/include/assignment1_msgs/msg/detail/command__rosidl_typesupport_fastrtps_c.h\n'}
[4.651146] (assignment1_msgs) StdoutLine: {'line': b'-- Installing: /home/jkang/InSituNeedle_Manipulation_FBG_FEM_ROS2/install/assignment1_msgs/include/assignment1_msgs/msg/rosidl_typesupport_fastrtps_c__visibility_control.h\n'}
[4.651209] (assignment1_msgs) StdoutLine: {'line': b'-- Up-to-date: /home/jkang/InSituNeedle_Manipulation_FBG_FEM_ROS2/install/assignment1_msgs/include/assignment1_msgs/srv\n'}
[4.651265] (assignment1_msgs) StdoutLine: {'line': b'-- Up-to-date: /home/jkang/InSituNeedle_Manipulation_FBG_FEM_ROS2/install/assignment1_msgs/include/assignment1_msgs/srv/detail\n'}
[4.651382] (assignment1_msgs) StdoutLine: {'line': b'-- Installing: /home/jkang/InSituNeedle_Manipulation_FBG_FEM_ROS2/install/assignment1_msgs/include/assignment1_msgs/srv/detail/find_norm__rosidl_typesupport_fastrtps_c.h\n'}
[4.651445] (assignment1_msgs) StdoutLine: {'line': b'-- Installing: /home/jkang/InSituNeedle_Manipulation_FBG_FEM_ROS2/install/assignment1_msgs/lib/libassignment1_msgs__rosidl_typesupport_fastrtps_c.so\n'}
[4.651713] (assignment1_msgs) StdoutLine: {'line': b'-- Set runtime path of "/home/jkang/InSituNeedle_Manipulation_FBG_FEM_ROS2/install/assignment1_msgs/lib/libassignment1_msgs__rosidl_typesupport_fastrtps_c.so" to ""\n'}
[4.651787] (assignment1_msgs) StdoutLine: {'line': b'-- Up-to-date: /home/jkang/InSituNeedle_Manipulation_FBG_FEM_ROS2/install/assignment1_msgs/include/assignment1_msgs\n'}
[4.651891] (assignment1_msgs) StdoutLine: {'line': b'-- Up-to-date: /home/jkang/InSituNeedle_Manipulation_FBG_FEM_ROS2/install/assignment1_msgs/include/assignment1_msgs/msg\n'}
[4.651967] (assignment1_msgs) StdoutLine: {'line': b'-- Up-to-date: /home/jkang/InSituNeedle_Manipulation_FBG_FEM_ROS2/install/assignment1_msgs/include/assignment1_msgs/msg/detail\n'}
[4.652065] (assignment1_msgs) StdoutLine: {'line': b'-- Installing: /home/jkang/InSituNeedle_Manipulation_FBG_FEM_ROS2/install/assignment1_msgs/include/assignment1_msgs/msg/detail/command__rosidl_typesupport_fastrtps_cpp.hpp\n'}
[4.652131] (assignment1_msgs) StdoutLine: {'line': b'-- Installing: /home/jkang/InSituNeedle_Manipulation_FBG_FEM_ROS2/install/assignment1_msgs/include/assignment1_msgs/msg/detail/dds_fastrtps\n'}
[4.652241] (assignment1_msgs) StdoutLine: {'line': b'-- Installing: /home/jkang/InSituNeedle_Manipulation_FBG_FEM_ROS2/install/assignment1_msgs/include/assignment1_msgs/msg/rosidl_typesupport_fastrtps_cpp__visibility_control.h\n'}
[4.652305] (assignment1_msgs) StdoutLine: {'line': b'-- Up-to-date: /home/jkang/InSituNeedle_Manipulation_FBG_FEM_ROS2/install/assignment1_msgs/include/assignment1_msgs/srv\n'}
[4.652369] (assignment1_msgs) StdoutLine: {'line': b'-- Up-to-date: /home/jkang/InSituNeedle_Manipulation_FBG_FEM_ROS2/install/assignment1_msgs/include/assignment1_msgs/srv/detail\n'}
[4.652454] (assignment1_msgs) StdoutLine: {'line': b'-- Installing: /home/jkang/InSituNeedle_Manipulation_FBG_FEM_ROS2/install/assignment1_msgs/include/assignment1_msgs/srv/detail/find_norm__rosidl_typesupport_fastrtps_cpp.hpp\n'}
[4.652534] (assignment1_msgs) StdoutLine: {'line': b'-- Installing: /home/jkang/InSituNeedle_Manipulation_FBG_FEM_ROS2/install/assignment1_msgs/include/assignment1_msgs/srv/detail/dds_fastrtps\n'}
[4.652597] (assignment1_msgs) StdoutLine: {'line': b'-- Installing: /home/jkang/InSituNeedle_Manipulation_FBG_FEM_ROS2/install/assignment1_msgs/lib/libassignment1_msgs__rosidl_typesupport_fastrtps_cpp.so\n'}
[4.653014] (assignment1_msgs) StdoutLine: {'line': b'-- Set runtime path of "/home/jkang/InSituNeedle_Manipulation_FBG_FEM_ROS2/install/assignment1_msgs/lib/libassignment1_msgs__rosidl_typesupport_fastrtps_cpp.so" to ""\n'}
[4.653138] (assignment1_msgs) StdoutLine: {'line': b'-- Up-to-date: /home/jkang/InSituNeedle_Manipulation_FBG_FEM_ROS2/install/assignment1_msgs/include/assignment1_msgs\n'}
[4.653224] (assignment1_msgs) StdoutLine: {'line': b'-- Up-to-date: /home/jkang/InSituNeedle_Manipulation_FBG_FEM_ROS2/install/assignment1_msgs/include/assignment1_msgs/msg\n'}
[4.653331] (assignment1_msgs) StdoutLine: {'line': b'-- Installing: /home/jkang/InSituNeedle_Manipulation_FBG_FEM_ROS2/install/assignment1_msgs/include/assignment1_msgs/msg/rosidl_typesupport_introspection_c__visibility_control.h\n'}
[4.653421] (assignment1_msgs) StdoutLine: {'line': b'-- Up-to-date: /home/jkang/InSituNeedle_Manipulation_FBG_FEM_ROS2/install/assignment1_msgs/include/assignment1_msgs/msg/detail\n'}
[4.653502] (assignment1_msgs) StdoutLine: {'line': b'-- Installing: /home/jkang/InSituNeedle_Manipulation_FBG_FEM_ROS2/install/assignment1_msgs/include/assignment1_msgs/msg/detail/command__rosidl_typesupport_introspection_c.h\n'}
[4.653593] (assignment1_msgs) StdoutLine: {'line': b'-- Installing: /home/jkang/InSituNeedle_Manipulation_FBG_FEM_ROS2/install/assignment1_msgs/include/assignment1_msgs/msg/detail/command__type_support.c\n'}
[4.653676] (assignment1_msgs) StdoutLine: {'line': b'-- Up-to-date: /home/jkang/InSituNeedle_Manipulation_FBG_FEM_ROS2/install/assignment1_msgs/include/assignment1_msgs/srv\n'}
[4.653742] (assignment1_msgs) StdoutLine: {'line': b'-- Up-to-date: /home/jkang/InSituNeedle_Manipulation_FBG_FEM_ROS2/install/assignment1_msgs/include/assignment1_msgs/srv/detail\n'}
[4.653807] (assignment1_msgs) StdoutLine: {'line': b'-- Installing: /home/jkang/InSituNeedle_Manipulation_FBG_FEM_ROS2/install/assignment1_msgs/include/assignment1_msgs/srv/detail/find_norm__rosidl_typesupport_introspection_c.h\n'}
[4.653890] (assignment1_msgs) StdoutLine: {'line': b'-- Installing: /home/jkang/InSituNeedle_Manipulation_FBG_FEM_ROS2/install/assignment1_msgs/include/assignment1_msgs/srv/detail/find_norm__type_support.c\n'}
[4.653959] (assignment1_msgs) StdoutLine: {'line': b'-- Installing: /home/jkang/InSituNeedle_Manipulation_FBG_FEM_ROS2/install/assignment1_msgs/lib/libassignment1_msgs__rosidl_typesupport_introspection_c.so\n'}
[4.654289] (assignment1_msgs) StdoutLine: {'line': b'-- Set runtime path of "/home/jkang/InSituNeedle_Manipulation_FBG_FEM_ROS2/install/assignment1_msgs/lib/libassignment1_msgs__rosidl_typesupport_introspection_c.so" to ""\n'}
[4.654401] (assignment1_msgs) StdoutLine: {'line': b'-- Installing: /home/jkang/InSituNeedle_Manipulation_FBG_FEM_ROS2/install/assignment1_msgs/lib/libassignment1_msgs__rosidl_typesupport_c.so\n'}
[4.654829] (assignment1_msgs) StdoutLine: {'line': b'-- Set runtime path of "/home/jkang/InSituNeedle_Manipulation_FBG_FEM_ROS2/install/assignment1_msgs/lib/libassignment1_msgs__rosidl_typesupport_c.so" to ""\n'}
[4.654944] (assignment1_msgs) StdoutLine: {'line': b'-- Up-to-date: /home/jkang/InSituNeedle_Manipulation_FBG_FEM_ROS2/install/assignment1_msgs/include/assignment1_msgs\n'}
[4.655010] (assignment1_msgs) StdoutLine: {'line': b'-- Up-to-date: /home/jkang/InSituNeedle_Manipulation_FBG_FEM_ROS2/install/assignment1_msgs/include/assignment1_msgs/msg\n'}
[4.655109] (assignment1_msgs) StdoutLine: {'line': b'-- Installing: /home/jkang/InSituNeedle_Manipulation_FBG_FEM_ROS2/install/assignment1_msgs/include/assignment1_msgs/msg/command.hpp\n'}
[4.655191] (assignment1_msgs) StdoutLine: {'line': b'-- Up-to-date: /home/jkang/InSituNeedle_Manipulation_FBG_FEM_ROS2/install/assignment1_msgs/include/assignment1_msgs/msg/detail\n'}
[4.655256] (assignment1_msgs) StdoutLine: {'line': b'-- Installing: /home/jkang/InSituNeedle_Manipulation_FBG_FEM_ROS2/install/assignment1_msgs/include/assignment1_msgs/msg/detail/command__builder.hpp\n'}
[4.655350] (assignment1_msgs) StdoutLine: {'line': b'-- Installing: /home/jkang/InSituNeedle_Manipulation_FBG_FEM_ROS2/install/assignment1_msgs/include/assignment1_msgs/msg/detail/command__traits.hpp\n'}
[4.655456] (assignment1_msgs) StdoutLine: {'line': b'-- Installing: /home/jkang/InSituNeedle_Manipulation_FBG_FEM_ROS2/install/assignment1_msgs/include/assignment1_msgs/msg/detail/command__struct.hpp\n'}
[4.655520] (assignment1_msgs) StdoutLine: {'line': b'-- Up-to-date: /home/jkang/InSituNeedle_Manipulation_FBG_FEM_ROS2/install/assignment1_msgs/include/assignment1_msgs/srv\n'}
[4.655599] (assignment1_msgs) StdoutLine: {'line': b'-- Up-to-date: /home/jkang/InSituNeedle_Manipulation_FBG_FEM_ROS2/install/assignment1_msgs/include/assignment1_msgs/srv/detail\n'}
[4.655678] (assignment1_msgs) StdoutLine: {'line': b'-- Installing: /home/jkang/InSituNeedle_Manipulation_FBG_FEM_ROS2/install/assignment1_msgs/include/assignment1_msgs/srv/detail/find_norm__struct.hpp\n'}
[4.655763] (assignment1_msgs) StdoutLine: {'line': b'-- Installing: /home/jkang/InSituNeedle_Manipulation_FBG_FEM_ROS2/install/assignment1_msgs/include/assignment1_msgs/srv/detail/find_norm__traits.hpp\n'}
[4.655827] (assignment1_msgs) StdoutLine: {'line': b'-- Installing: /home/jkang/InSituNeedle_Manipulation_FBG_FEM_ROS2/install/assignment1_msgs/include/assignment1_msgs/srv/detail/find_norm__builder.hpp\n'}
[4.655905] (assignment1_msgs) StdoutLine: {'line': b'-- Installing: /home/jkang/InSituNeedle_Manipulation_FBG_FEM_ROS2/install/assignment1_msgs/include/assignment1_msgs/srv/find_norm.hpp\n'}
[4.655989] (assignment1_msgs) StdoutLine: {'line': b'-- Up-to-date: /home/jkang/InSituNeedle_Manipulation_FBG_FEM_ROS2/install/assignment1_msgs/include/assignment1_msgs\n'}
[4.656066] (assignment1_msgs) StdoutLine: {'line': b'-- Up-to-date: /home/jkang/InSituNeedle_Manipulation_FBG_FEM_ROS2/install/assignment1_msgs/include/assignment1_msgs/msg\n'}
[4.656144] (assignment1_msgs) StdoutLine: {'line': b'-- Up-to-date: /home/jkang/InSituNeedle_Manipulation_FBG_FEM_ROS2/install/assignment1_msgs/include/assignment1_msgs/msg/detail\n'}
[4.656234] (assignment1_msgs) StdoutLine: {'line': b'-- Installing: /home/jkang/InSituNeedle_Manipulation_FBG_FEM_ROS2/install/assignment1_msgs/include/assignment1_msgs/msg/detail/command__rosidl_typesupport_introspection_cpp.hpp\n'}
[4.656319] (assignment1_msgs) StdoutLine: {'line': b'-- Installing: /home/jkang/InSituNeedle_Manipulation_FBG_FEM_ROS2/install/assignment1_msgs/include/assignment1_msgs/msg/detail/command__type_support.cpp\n'}
[4.656399] (assignment1_msgs) StdoutLine: {'line': b'-- Up-to-date: /home/jkang/InSituNeedle_Manipulation_FBG_FEM_ROS2/install/assignment1_msgs/include/assignment1_msgs/srv\n'}
[4.656464] (assignment1_msgs) StdoutLine: {'line': b'-- Up-to-date: /home/jkang/InSituNeedle_Manipulation_FBG_FEM_ROS2/install/assignment1_msgs/include/assignment1_msgs/srv/detail\n'}
[4.656527] (assignment1_msgs) StdoutLine: {'line': b'-- Installing: /home/jkang/InSituNeedle_Manipulation_FBG_FEM_ROS2/install/assignment1_msgs/include/assignment1_msgs/srv/detail/find_norm__type_support.cpp\n'}
[4.656607] (assignment1_msgs) StdoutLine: {'line': b'-- Installing: /home/jkang/InSituNeedle_Manipulation_FBG_FEM_ROS2/install/assignment1_msgs/include/assignment1_msgs/srv/detail/find_norm__rosidl_typesupport_introspection_cpp.hpp\n'}
[4.656671] (assignment1_msgs) StdoutLine: {'line': b'-- Installing: /home/jkang/InSituNeedle_Manipulation_FBG_FEM_ROS2/install/assignment1_msgs/lib/libassignment1_msgs__rosidl_typesupport_introspection_cpp.so\n'}
[4.657045] (assignment1_msgs) StdoutLine: {'line': b'-- Set runtime path of "/home/jkang/InSituNeedle_Manipulation_FBG_FEM_ROS2/install/assignment1_msgs/lib/libassignment1_msgs__rosidl_typesupport_introspection_cpp.so" to ""\n'}
[4.657159] (assignment1_msgs) StdoutLine: {'line': b'-- Installing: /home/jkang/InSituNeedle_Manipulation_FBG_FEM_ROS2/install/assignment1_msgs/lib/libassignment1_msgs__rosidl_typesupport_cpp.so\n'}
[4.657595] (assignment1_msgs) StdoutLine: {'line': b'-- Set runtime path of "/home/jkang/InSituNeedle_Manipulation_FBG_FEM_ROS2/install/assignment1_msgs/lib/libassignment1_msgs__rosidl_typesupport_cpp.so" to ""\n'}
[4.657694] (assignment1_msgs) StdoutLine: {'line': b'-- Installing: /home/jkang/InSituNeedle_Manipulation_FBG_FEM_ROS2/install/assignment1_msgs/share/assignment1_msgs/environment/pythonpath.sh\n'}
[4.657798] (assignment1_msgs) StdoutLine: {'line': b'-- Installing: /home/jkang/InSituNeedle_Manipulation_FBG_FEM_ROS2/install/assignment1_msgs/share/assignment1_msgs/environment/pythonpath.dsv\n'}
[4.658013] (assignment1_msgs) StdoutLine: {'line': b'-- Installing: /home/jkang/InSituNeedle_Manipulation_FBG_FEM_ROS2/install/assignment1_msgs/lib/python3.8/site-packages/assignment1_msgs/__init__.py\n'}
[4.686907] (assignment1_msgs) StdoutLine: {'line': b"Compiling '/home/jkang/InSituNeedle_Manipulation_FBG_FEM_ROS2/install/assignment1_msgs/lib/python3.8/site-packages/assignment1_msgs/__init__.py'...\n"}
[4.689833] (assignment1_msgs) StdoutLine: {'line': b'-- Installing: /home/jkang/InSituNeedle_Manipulation_FBG_FEM_ROS2/install/assignment1_msgs/lib/python3.8/site-packages/assignment1_msgs/msg\n'}
[4.690136] (assignment1_msgs) StdoutLine: {'line': b'-- Installing: /home/jkang/InSituNeedle_Manipulation_FBG_FEM_ROS2/install/assignment1_msgs/lib/python3.8/site-packages/assignment1_msgs/msg/_command_s.c\n'}
[4.690285] (assignment1_msgs) StdoutLine: {'line': b'-- Installing: /home/jkang/InSituNeedle_Manipulation_FBG_FEM_ROS2/install/assignment1_msgs/lib/python3.8/site-packages/assignment1_msgs/msg/__init__.py\n'}
[4.690537] (assignment1_msgs) StdoutLine: {'line': b'-- Installing: /home/jkang/InSituNeedle_Manipulation_FBG_FEM_ROS2/install/assignment1_msgs/lib/python3.8/site-packages/assignment1_msgs/msg/_command.py\n'}
[4.690606] (assignment1_msgs) StdoutLine: {'line': b'-- Installing: /home/jkang/InSituNeedle_Manipulation_FBG_FEM_ROS2/install/assignment1_msgs/lib/python3.8/site-packages/assignment1_msgs/srv\n'}
[4.690687] (assignment1_msgs) StdoutLine: {'line': b'-- Installing: /home/jkang/InSituNeedle_Manipulation_FBG_FEM_ROS2/install/assignment1_msgs/lib/python3.8/site-packages/assignment1_msgs/srv/_find_norm.py\n'}
[4.690745] (assignment1_msgs) StdoutLine: {'line': b'-- Installing: /home/jkang/InSituNeedle_Manipulation_FBG_FEM_ROS2/install/assignment1_msgs/lib/python3.8/site-packages/assignment1_msgs/srv/_find_norm_s.c\n'}
[4.690802] (assignment1_msgs) StdoutLine: {'line': b'-- Installing: /home/jkang/InSituNeedle_Manipulation_FBG_FEM_ROS2/install/assignment1_msgs/lib/python3.8/site-packages/assignment1_msgs/srv/__init__.py\n'}
[4.690888] (assignment1_msgs) StdoutLine: {'line': b'-- Installing: /home/jkang/InSituNeedle_Manipulation_FBG_FEM_ROS2/install/assignment1_msgs/lib/python3.8/site-packages/assignment1_msgs/assignment1_msgs_s__rosidl_typesupport_fastrtps_c.cpython-38-x86_64-linux-gnu.so\n'}
[4.691416] (assignment1_msgs) StdoutLine: {'line': b'-- Set runtime path of "/home/jkang/InSituNeedle_Manipulation_FBG_FEM_ROS2/install/assignment1_msgs/lib/python3.8/site-packages/assignment1_msgs/assignment1_msgs_s__rosidl_typesupport_fastrtps_c.cpython-38-x86_64-linux-gnu.so" to ""\n'}
[4.691656] (assignment1_msgs) StdoutLine: {'line': b'-- Installing: /home/jkang/InSituNeedle_Manipulation_FBG_FEM_ROS2/install/assignment1_msgs/lib/python3.8/site-packages/assignment1_msgs/assignment1_msgs_s__rosidl_typesupport_introspection_c.cpython-38-x86_64-linux-gnu.so\n'}
[4.692209] (assignment1_msgs) StdoutLine: {'line': b'-- Set runtime path of "/home/jkang/InSituNeedle_Manipulation_FBG_FEM_ROS2/install/assignment1_msgs/lib/python3.8/site-packages/assignment1_msgs/assignment1_msgs_s__rosidl_typesupport_introspection_c.cpython-38-x86_64-linux-gnu.so" to ""\n'}
[4.692470] (assignment1_msgs) StdoutLine: {'line': b'-- Installing: /home/jkang/InSituNeedle_Manipulation_FBG_FEM_ROS2/install/assignment1_msgs/lib/python3.8/site-packages/assignment1_msgs/assignment1_msgs_s__rosidl_typesupport_c.cpython-38-x86_64-linux-gnu.so\n'}
[4.692965] (assignment1_msgs) StdoutLine: {'line': b'-- Set runtime path of "/home/jkang/InSituNeedle_Manipulation_FBG_FEM_ROS2/install/assignment1_msgs/lib/python3.8/site-packages/assignment1_msgs/assignment1_msgs_s__rosidl_typesupport_c.cpython-38-x86_64-linux-gnu.so" to ""\n'}
[4.693108] (assignment1_msgs) StdoutLine: {'line': b'-- Installing: /home/jkang/InSituNeedle_Manipulation_FBG_FEM_ROS2/install/assignment1_msgs/lib/libassignment1_msgs__python.so\n'}
[4.693480] (assignment1_msgs) StdoutLine: {'line': b'-- Set runtime path of "/home/jkang/InSituNeedle_Manipulation_FBG_FEM_ROS2/install/assignment1_msgs/lib/libassignment1_msgs__python.so" to ""\n'}
[4.693632] (assignment1_msgs) StdoutLine: {'line': b'-- Installing: /home/jkang/InSituNeedle_Manipulation_FBG_FEM_ROS2/install/assignment1_msgs/share/assignment1_msgs/msg/Command.idl\n'}
[4.693827] (assignment1_msgs) StdoutLine: {'line': b'-- Installing: /home/jkang/InSituNeedle_Manipulation_FBG_FEM_ROS2/install/assignment1_msgs/share/assignment1_msgs/srv/FindNorm.idl\n'}
[4.693977] (assignment1_msgs) StdoutLine: {'line': b'-- Installing: /home/jkang/InSituNeedle_Manipulation_FBG_FEM_ROS2/install/assignment1_msgs/share/assignment1_msgs/msg/Command.msg\n'}
[4.694096] (assignment1_msgs) StdoutLine: {'line': b'-- Installing: /home/jkang/InSituNeedle_Manipulation_FBG_FEM_ROS2/install/assignment1_msgs/share/assignment1_msgs/srv/FindNorm.srv\n'}
[4.694226] (assignment1_msgs) StdoutLine: {'line': b'-- Installing: /home/jkang/InSituNeedle_Manipulation_FBG_FEM_ROS2/install/assignment1_msgs/share/assignment1_msgs/srv/FindNorm_Request.msg\n'}
[4.694365] (assignment1_msgs) StdoutLine: {'line': b'-- Installing: /home/jkang/InSituNeedle_Manipulation_FBG_FEM_ROS2/install/assignment1_msgs/share/assignment1_msgs/srv/FindNorm_Response.msg\n'}
[4.694574] (assignment1_msgs) StdoutLine: {'line': b'-- Installing: /home/jkang/InSituNeedle_Manipulation_FBG_FEM_ROS2/install/assignment1_msgs/share/ament_index/resource_index/package_run_dependencies/assignment1_msgs\n'}
[4.694778] (assignment1_msgs) StdoutLine: {'line': b'-- Installing: /home/jkang/InSituNeedle_Manipulation_FBG_FEM_ROS2/install/assignment1_msgs/share/ament_index/resource_index/parent_prefix_path/assignment1_msgs\n'}
[4.694952] (assignment1_msgs) StdoutLine: {'line': b'-- Installing: /home/jkang/InSituNeedle_Manipulation_FBG_FEM_ROS2/install/assignment1_msgs/share/assignment1_msgs/environment/ament_prefix_path.sh\n'}
[4.695077] (assignment1_msgs) StdoutLine: {'line': b'-- Installing: /home/jkang/InSituNeedle_Manipulation_FBG_FEM_ROS2/install/assignment1_msgs/share/assignment1_msgs/environment/ament_prefix_path.dsv\n'}
[4.695184] (assignment1_msgs) StdoutLine: {'line': b'-- Installing: /home/jkang/InSituNeedle_Manipulation_FBG_FEM_ROS2/install/assignment1_msgs/share/assignment1_msgs/environment/path.sh\n'}
[4.695326] (assignment1_msgs) StdoutLine: {'line': b'-- Installing: /home/jkang/InSituNeedle_Manipulation_FBG_FEM_ROS2/install/assignment1_msgs/share/assignment1_msgs/environment/path.dsv\n'}
[4.695465] (assignment1_msgs) StdoutLine: {'line': b'-- Installing: /home/jkang/InSituNeedle_Manipulation_FBG_FEM_ROS2/install/assignment1_msgs/share/assignment1_msgs/local_setup.bash\n'}
[4.695645] (assignment1_msgs) StdoutLine: {'line': b'-- Installing: /home/jkang/InSituNeedle_Manipulation_FBG_FEM_ROS2/install/assignment1_msgs/share/assignment1_msgs/local_setup.sh\n'}
[4.695763] (assignment1_msgs) StdoutLine: {'line': b'-- Installing: /home/jkang/InSituNeedle_Manipulation_FBG_FEM_ROS2/install/assignment1_msgs/share/assignment1_msgs/local_setup.zsh\n'}
[4.695884] (assignment1_msgs) StdoutLine: {'line': b'-- Installing: /home/jkang/InSituNeedle_Manipulation_FBG_FEM_ROS2/install/assignment1_msgs/share/assignment1_msgs/local_setup.dsv\n'}
[4.696008] (assignment1_msgs) StdoutLine: {'line': b'-- Installing: /home/jkang/InSituNeedle_Manipulation_FBG_FEM_ROS2/install/assignment1_msgs/share/assignment1_msgs/package.dsv\n'}
[4.696142] (assignment1_msgs) StdoutLine: {'line': b'-- Installing: /home/jkang/InSituNeedle_Manipulation_FBG_FEM_ROS2/install/assignment1_msgs/share/ament_index/resource_index/packages/assignment1_msgs\n'}
[4.696327] (assignment1_msgs) StdoutLine: {'line': b'-- Installing: /home/jkang/InSituNeedle_Manipulation_FBG_FEM_ROS2/install/assignment1_msgs/share/assignment1_msgs/cmake/assignment1_msgs__rosidl_generator_cExport.cmake\n'}
[4.696472] (assignment1_msgs) StdoutLine: {'line': b'-- Installing: /home/jkang/InSituNeedle_Manipulation_FBG_FEM_ROS2/install/assignment1_msgs/share/assignment1_msgs/cmake/assignment1_msgs__rosidl_generator_cExport-noconfig.cmake\n'}
[4.696646] (assignment1_msgs) StdoutLine: {'line': b'-- Installing: /home/jkang/InSituNeedle_Manipulation_FBG_FEM_ROS2/install/assignment1_msgs/share/assignment1_msgs/cmake/assignment1_msgs__rosidl_typesupport_introspection_cExport.cmake\n'}
[4.696787] (assignment1_msgs) StdoutLine: {'line': b'-- Installing: /home/jkang/InSituNeedle_Manipulation_FBG_FEM_ROS2/install/assignment1_msgs/share/assignment1_msgs/cmake/assignment1_msgs__rosidl_typesupport_introspection_cExport-noconfig.cmake\n'}
[4.696973] (assignment1_msgs) StdoutLine: {'line': b'-- Installing: /home/jkang/InSituNeedle_Manipulation_FBG_FEM_ROS2/install/assignment1_msgs/share/assignment1_msgs/cmake/assignment1_msgs__rosidl_typesupport_cExport.cmake\n'}
[4.697133] (assignment1_msgs) StdoutLine: {'line': b'-- Installing: /home/jkang/InSituNeedle_Manipulation_FBG_FEM_ROS2/install/assignment1_msgs/share/assignment1_msgs/cmake/assignment1_msgs__rosidl_typesupport_cExport-noconfig.cmake\n'}
[4.697302] (assignment1_msgs) StdoutLine: {'line': b'-- Installing: /home/jkang/InSituNeedle_Manipulation_FBG_FEM_ROS2/install/assignment1_msgs/share/assignment1_msgs/cmake/assignment1_msgs__rosidl_generator_cppExport.cmake\n'}
[4.697491] (assignment1_msgs) StdoutLine: {'line': b'-- Installing: /home/jkang/InSituNeedle_Manipulation_FBG_FEM_ROS2/install/assignment1_msgs/share/assignment1_msgs/cmake/assignment1_msgs__rosidl_typesupport_introspection_cppExport.cmake\n'}
[4.697627] (assignment1_msgs) StdoutLine: {'line': b'-- Installing: /home/jkang/InSituNeedle_Manipulation_FBG_FEM_ROS2/install/assignment1_msgs/share/assignment1_msgs/cmake/assignment1_msgs__rosidl_typesupport_introspection_cppExport-noconfig.cmake\n'}
[4.697790] (assignment1_msgs) StdoutLine: {'line': b'-- Installing: /home/jkang/InSituNeedle_Manipulation_FBG_FEM_ROS2/install/assignment1_msgs/share/assignment1_msgs/cmake/assignment1_msgs__rosidl_typesupport_cppExport.cmake\n'}
[4.697917] (assignment1_msgs) StdoutLine: {'line': b'-- Installing: /home/jkang/InSituNeedle_Manipulation_FBG_FEM_ROS2/install/assignment1_msgs/share/assignment1_msgs/cmake/assignment1_msgs__rosidl_typesupport_cppExport-noconfig.cmake\n'}
[4.698080] (assignment1_msgs) StdoutLine: {'line': b'-- Installing: /home/jkang/InSituNeedle_Manipulation_FBG_FEM_ROS2/install/assignment1_msgs/share/assignment1_msgs/cmake/rosidl_cmake-extras.cmake\n'}
[4.698205] (assignment1_msgs) StdoutLine: {'line': b'-- Installing: /home/jkang/InSituNeedle_Manipulation_FBG_FEM_ROS2/install/assignment1_msgs/share/assignment1_msgs/cmake/ament_cmake_export_dependencies-extras.cmake\n'}
[4.698329] (assignment1_msgs) StdoutLine: {'line': b'-- Installing: /home/jkang/InSituNeedle_Manipulation_FBG_FEM_ROS2/install/assignment1_msgs/share/assignment1_msgs/cmake/ament_cmake_export_libraries-extras.cmake\n'}
[4.698453] (assignment1_msgs) StdoutLine: {'line': b'-- Installing: /home/jkang/InSituNeedle_Manipulation_FBG_FEM_ROS2/install/assignment1_msgs/share/assignment1_msgs/cmake/ament_cmake_export_targets-extras.cmake\n'}
[4.698582] (assignment1_msgs) StdoutLine: {'line': b'-- Installing: /home/jkang/InSituNeedle_Manipulation_FBG_FEM_ROS2/install/assignment1_msgs/share/assignment1_msgs/cmake/ament_cmake_export_include_directories-extras.cmake\n'}
[4.698714] (assignment1_msgs) StdoutLine: {'line': b'-- Installing: /home/jkang/InSituNeedle_Manipulation_FBG_FEM_ROS2/install/assignment1_msgs/share/assignment1_msgs/cmake/rosidl_cmake_export_typesupport_libraries-extras.cmake\n'}
[4.698832] (assignment1_msgs) StdoutLine: {'line': b'-- Installing: /home/jkang/InSituNeedle_Manipulation_FBG_FEM_ROS2/install/assignment1_msgs/share/assignment1_msgs/cmake/rosidl_cmake_export_typesupport_targets-extras.cmake\n'}
[4.698966] (assignment1_msgs) StdoutLine: {'line': b'-- Installing: /home/jkang/InSituNeedle_Manipulation_FBG_FEM_ROS2/install/assignment1_msgs/share/assignment1_msgs/cmake/assignment1_msgsConfig.cmake\n'}
[4.699094] (assignment1_msgs) StdoutLine: {'line': b'-- Installing: /home/jkang/InSituNeedle_Manipulation_FBG_FEM_ROS2/install/assignment1_msgs/share/assignment1_msgs/cmake/assignment1_msgsConfig-version.cmake\n'}
[4.699220] (assignment1_msgs) StdoutLine: {'line': b'-- Installing: /home/jkang/InSituNeedle_Manipulation_FBG_FEM_ROS2/install/assignment1_msgs/share/assignment1_msgs/package.xml\n'}
[4.701146] (assignment1_msgs) CommandEnded: {'returncode': 0}
[4.707001] (-) TimerEvent: {}
[4.808685] (-) TimerEvent: {}
[4.831325] (assignment1_msgs) JobEnded: {'identifier': 'assignment1_msgs', 'rc': 0}
[4.838615] (assignment1_srvcli) JobStarted: {'identifier': 'assignment1_srvcli'}
[4.855966] (assignment1_subpub) JobStarted: {'identifier': 'assignment1_subpub'}
[4.868125] (assignment1_srvcli) JobProgress: {'identifier': 'assignment1_srvcli', 'progress': 'cmake'}
[4.869788] (assignment1_srvcli) Command: {'cmd': ['/usr/bin/cmake', '/home/jkang/InSituNeedle_Manipulation_FBG_FEM_ROS2/src/assignment1/assignment1_srvcli', '-DCMAKE_INSTALL_PREFIX=/home/jkang/InSituNeedle_Manipulation_FBG_FEM_ROS2/install/assignment1_srvcli'], 'cwd': '/home/jkang/InSituNeedle_Manipulation_FBG_FEM_ROS2/build/assignment1_srvcli', 'env': OrderedDict([('LESSOPEN', '| /usr/bin/lesspipe %s'), ('USER', 'jkang'), ('SSH_AGENT_PID', '1772'), ('XDG_SESSION_TYPE', 'x11'), ('SHLVL', '1'), ('LD_LIBRARY_PATH', '/home/jkang/InSituNeedle_Manipulation_FBG_FEM_ROS2/install/assignment1_msgs/lib:/home/jkang/rsp_homework/install/turtles/lib:/home/jkang/rsp_homework/install/pnp_actionlib/lib:/home/jkang/rsp_homework/install/pnp_msgs/lib:/home/jkang/rsp_homework/install/assignment1_subpub/lib:/home/jkang/rsp_homework/install/assignment1_srvcli/lib:/home/jkang/rsp_homework/install/assignment1_msgs/lib:/opt/ros/galactic/opt/yaml_cpp_vendor/lib:/opt/ros/galactic/opt/rviz_ogre_vendor/lib:/opt/ros/galactic/lib/x86_64-linux-gnu:/opt/ros/galactic/lib'), ('HOME', '/home/jkang'), ('OLDPWD', '/home/jkang'), ('DESKTOP_SESSION', 'ubuntu'), ('ROS_PYTHON_VERSION', '3'), ('GNOME_SHELL_SESSION_MODE', 'ubuntu'), ('GTK_MODULES', 'gail:atk-bridge'), ('MANAGERPID', '1535'), ('DBUS_SESSION_BUS_ADDRESS', 'unix:path=/run/user/1000/bus'), ('COLORTERM', 'truecolor'), ('IM_CONFIG_PHASE', '1'), ('COLCON_PREFIX_PATH', '/home/jkang/rsp_homework/install'), ('ROS_DISTRO', 'galactic'), ('LOGNAME', 'jkang'), ('JOURNAL_STREAM', '8:45484'), ('_', '/usr/bin/colcon'), ('ROS_VERSION', '2'), ('XDG_SESSION_CLASS', 'user'), ('USERNAME', 'jkang'), ('TERM', 'xterm-256color'), ('GNOME_DESKTOP_SESSION_ID', 'this-is-deprecated'), ('ROS_LOCALHOST_ONLY', '0'), ('WINDOWPATH', '2'), ('PATH', '/opt/ros/galactic/bin:/home/jkang/.local/bin:/usr/local/sbin:/usr/local/bin:/usr/sbin:/usr/bin:/sbin:/bin:/usr/games:/usr/local/games:/snap/bin'), ('SESSION_MANAGER', 'local/jkang-Legion-Y7000P-2019:@/tmp/.ICE-unix/1810,unix/jkang-Legion-Y7000P-2019:/tmp/.ICE-unix/1810'), ('INVOCATION_ID', 'b654e1dc32bc4c8b8938729b76e5b54e'), ('XDG_MENU_PREFIX', 'gnome-'), ('GNOME_TERMINAL_SCREEN', '/org/gnome/Terminal/screen/df3fb9ee_23b9_4e3b_8fa3_27bbcbb8349c'), ('XDG_RUNTIME_DIR', '/run/user/1000'), ('DISPLAY', ':1'), ('LANG', 'en_US.UTF-8'), ('XDG_CURRENT_DESKTOP', 'ubuntu:GNOME'), ('XMODIFIERS', '@im=ibus'), ('XDG_SESSION_DESKTOP', 'ubuntu'), ('XAUTHORITY', '/run/user/1000/gdm/Xauthority'), ('LS_COLORS', 'rs=0:di=01;34:ln=01;36:mh=00:pi=40;33:so=01;35:do=01;35:bd=40;33;01:cd=40;33;01:or=40;31;01:mi=00:su=37;41:sg=30;43:ca=30;41:tw=30;42:ow=34;42:st=37;44:ex=01;32:*.tar=01;31:*.tgz=01;31:*.arc=01;31:*.arj=01;31:*.taz=01;31:*.lha=01;31:*.lz4=01;31:*.lzh=01;31:*.lzma=01;31:*.tlz=01;31:*.txz=01;31:*.tzo=01;31:*.t7z=01;31:*.zip=01;31:*.z=01;31:*.dz=01;31:*.gz=01;31:*.lrz=01;31:*.lz=01;31:*.lzo=01;31:*.xz=01;31:*.zst=01;31:*.tzst=01;31:*.bz2=01;31:*.bz=01;31:*.tbz=01;31:*.tbz2=01;31:*.tz=01;31:*.deb=01;31:*.rpm=01;31:*.jar=01;31:*.war=01;31:*.ear=01;31:*.sar=01;31:*.rar=01;31:*.alz=01;31:*.ace=01;31:*.zoo=01;31:*.cpio=01;31:*.7z=01;31:*.rz=01;31:*.cab=01;31:*.wim=01;31:*.swm=01;31:*.dwm=01;31:*.esd=01;31:*.jpg=01;35:*.jpeg=01;35:*.mjpg=01;35:*.mjpeg=01;35:*.gif=01;35:*.bmp=01;35:*.pbm=01;35:*.pgm=01;35:*.ppm=01;35:*.tga=01;35:*.xbm=01;35:*.xpm=01;35:*.tif=01;35:*.tiff=01;35:*.png=01;35:*.svg=01;35:*.svgz=01;35:*.mng=01;35:*.pcx=01;35:*.mov=01;35:*.mpg=01;35:*.mpeg=01;35:*.m2v=01;35:*.mkv=01;35:*.webm=01;35:*.ogm=01;35:*.mp4=01;35:*.m4v=01;35:*.mp4v=01;35:*.vob=01;35:*.qt=01;35:*.nuv=01;35:*.wmv=01;35:*.asf=01;35:*.rm=01;35:*.rmvb=01;35:*.flc=01;35:*.avi=01;35:*.fli=01;35:*.flv=01;35:*.gl=01;35:*.dl=01;35:*.xcf=01;35:*.xwd=01;35:*.yuv=01;35:*.cgm=01;35:*.emf=01;35:*.ogv=01;35:*.ogx=01;35:*.aac=00;36:*.au=00;36:*.flac=00;36:*.m4a=00;36:*.mid=00;36:*.midi=00;36:*.mka=00;36:*.mp3=00;36:*.mpc=00;36:*.ogg=00;36:*.ra=00;36:*.wav=00;36:*.oga=00;36:*.opus=00;36:*.spx=00;36:*.xspf=00;36:'), ('GNOME_TERMINAL_SERVICE', ':1.105'), ('SSH_AUTH_SOCK', '/run/user/1000/keyring/ssh'), ('AMENT_PREFIX_PATH', '/home/jkang/InSituNeedle_Manipulation_FBG_FEM_ROS2/install/assignment1_msgs:/home/jkang/rsp_homework/install/turtles:/home/jkang/rsp_homework/install/pnp_actionlib:/home/jkang/rsp_homework/install/pnp_msgs:/home/jkang/rsp_homework/install/assignment1_subpub:/home/jkang/rsp_homework/install/assignment1_srvcli:/home/jkang/rsp_homework/install/assignment1_msgs:/opt/ros/galactic'), ('SHELL', '/bin/bash'), ('QT_ACCESSIBILITY', '1'), ('GDMSESSION', 'ubuntu'), ('LESSCLOSE', '/usr/bin/lesspipe %s %s'), ('GPG_AGENT_INFO', '/run/user/1000/gnupg/S.gpg-agent:0:1'), ('QT_IM_MODULE', 'ibus'), ('PWD', '/home/jkang/InSituNeedle_Manipulation_FBG_FEM_ROS2/build/assignment1_srvcli'), ('LC_ALL', 'en_US.UTF-8'), ('XDG_CONFIG_DIRS', '/etc/xdg/xdg-ubuntu:/etc/xdg'), ('XDG_DATA_DIRS', '/usr/share/ubuntu:/usr/local/share/:/usr/share/:/var/lib/snapd/desktop'), ('PYTHONPATH', '/home/jkang/InSituNeedle_Manipulation_FBG_FEM_ROS2/install/assignment1_msgs/lib/python3.8/site-packages:/home/jkang/rsp_homework/install/pnp_msgs/lib/python3.8/site-packages:/home/jkang/rsp_homework/install/assignment1_msgs/lib/python3.8/site-packages:/opt/ros/galactic/lib/python3.8/site-packages'), ('COLCON', '1'), ('VTE_VERSION', '6003'), ('CMAKE_PREFIX_PATH', '/home/jkang/InSituNeedle_Manipulation_FBG_FEM_ROS2/install/assignment1_msgs:/home/jkang/rsp_homework/install/turtles:/home/jkang/rsp_homework/install/pnp_actionlib:/home/jkang/rsp_homework/install/pnp_msgs:/home/jkang/rsp_homework/install/assignment1_subpub:/home/jkang/rsp_homework/install/assignment1_srvcli:/home/jkang/rsp_homework/install/assignment1_msgs:/opt/ros/galactic')]), 'shell': False}
[4.873072] (assignment1_subpub) JobProgress: {'identifier': 'assignment1_subpub', 'progress': 'cmake'}
[4.873456] (assignment1_subpub) Command: {'cmd': ['/usr/bin/cmake', '/home/jkang/InSituNeedle_Manipulation_FBG_FEM_ROS2/src/assignment1/assignment1_subpub', '-DCMAKE_INSTALL_PREFIX=/home/jkang/InSituNeedle_Manipulation_FBG_FEM_ROS2/install/assignment1_subpub'], 'cwd': '/home/jkang/InSituNeedle_Manipulation_FBG_FEM_ROS2/build/assignment1_subpub', 'env': OrderedDict([('LESSOPEN', '| /usr/bin/lesspipe %s'), ('USER', 'jkang'), ('SSH_AGENT_PID', '1772'), ('XDG_SESSION_TYPE', 'x11'), ('SHLVL', '1'), ('LD_LIBRARY_PATH', '/home/jkang/InSituNeedle_Manipulation_FBG_FEM_ROS2/install/assignment1_msgs/lib:/home/jkang/rsp_homework/install/turtles/lib:/home/jkang/rsp_homework/install/pnp_actionlib/lib:/home/jkang/rsp_homework/install/pnp_msgs/lib:/home/jkang/rsp_homework/install/assignment1_subpub/lib:/home/jkang/rsp_homework/install/assignment1_srvcli/lib:/home/jkang/rsp_homework/install/assignment1_msgs/lib:/opt/ros/galactic/opt/yaml_cpp_vendor/lib:/opt/ros/galactic/opt/rviz_ogre_vendor/lib:/opt/ros/galactic/lib/x86_64-linux-gnu:/opt/ros/galactic/lib'), ('HOME', '/home/jkang'), ('OLDPWD', '/home/jkang'), ('DESKTOP_SESSION', 'ubuntu'), ('ROS_PYTHON_VERSION', '3'), ('GNOME_SHELL_SESSION_MODE', 'ubuntu'), ('GTK_MODULES', 'gail:atk-bridge'), ('MANAGERPID', '1535'), ('DBUS_SESSION_BUS_ADDRESS', 'unix:path=/run/user/1000/bus'), ('COLORTERM', 'truecolor'), ('IM_CONFIG_PHASE', '1'), ('COLCON_PREFIX_PATH', '/home/jkang/rsp_homework/install'), ('ROS_DISTRO', 'galactic'), ('LOGNAME', 'jkang'), ('JOURNAL_STREAM', '8:45484'), ('_', '/usr/bin/colcon'), ('ROS_VERSION', '2'), ('XDG_SESSION_CLASS', 'user'), ('USERNAME', 'jkang'), ('TERM', 'xterm-256color'), ('GNOME_DESKTOP_SESSION_ID', 'this-is-deprecated'), ('ROS_LOCALHOST_ONLY', '0'), ('WINDOWPATH', '2'), ('PATH', '/opt/ros/galactic/bin:/home/jkang/.local/bin:/usr/local/sbin:/usr/local/bin:/usr/sbin:/usr/bin:/sbin:/bin:/usr/games:/usr/local/games:/snap/bin'), ('SESSION_MANAGER', 'local/jkang-Legion-Y7000P-2019:@/tmp/.ICE-unix/1810,unix/jkang-Legion-Y7000P-2019:/tmp/.ICE-unix/1810'), ('INVOCATION_ID', 'b654e1dc32bc4c8b8938729b76e5b54e'), ('XDG_MENU_PREFIX', 'gnome-'), ('GNOME_TERMINAL_SCREEN', '/org/gnome/Terminal/screen/df3fb9ee_23b9_4e3b_8fa3_27bbcbb8349c'), ('XDG_RUNTIME_DIR', '/run/user/1000'), ('DISPLAY', ':1'), ('LANG', 'en_US.UTF-8'), ('XDG_CURRENT_DESKTOP', 'ubuntu:GNOME'), ('XMODIFIERS', '@im=ibus'), ('XDG_SESSION_DESKTOP', 'ubuntu'), ('XAUTHORITY', '/run/user/1000/gdm/Xauthority'), ('LS_COLORS', 'rs=0:di=01;34:ln=01;36:mh=00:pi=40;33:so=01;35:do=01;35:bd=40;33;01:cd=40;33;01:or=40;31;01:mi=00:su=37;41:sg=30;43:ca=30;41:tw=30;42:ow=34;42:st=37;44:ex=01;32:*.tar=01;31:*.tgz=01;31:*.arc=01;31:*.arj=01;31:*.taz=01;31:*.lha=01;31:*.lz4=01;31:*.lzh=01;31:*.lzma=01;31:*.tlz=01;31:*.txz=01;31:*.tzo=01;31:*.t7z=01;31:*.zip=01;31:*.z=01;31:*.dz=01;31:*.gz=01;31:*.lrz=01;31:*.lz=01;31:*.lzo=01;31:*.xz=01;31:*.zst=01;31:*.tzst=01;31:*.bz2=01;31:*.bz=01;31:*.tbz=01;31:*.tbz2=01;31:*.tz=01;31:*.deb=01;31:*.rpm=01;31:*.jar=01;31:*.war=01;31:*.ear=01;31:*.sar=01;31:*.rar=01;31:*.alz=01;31:*.ace=01;31:*.zoo=01;31:*.cpio=01;31:*.7z=01;31:*.rz=01;31:*.cab=01;31:*.wim=01;31:*.swm=01;31:*.dwm=01;31:*.esd=01;31:*.jpg=01;35:*.jpeg=01;35:*.mjpg=01;35:*.mjpeg=01;35:*.gif=01;35:*.bmp=01;35:*.pbm=01;35:*.pgm=01;35:*.ppm=01;35:*.tga=01;35:*.xbm=01;35:*.xpm=01;35:*.tif=01;35:*.tiff=01;35:*.png=01;35:*.svg=01;35:*.svgz=01;35:*.mng=01;35:*.pcx=01;35:*.mov=01;35:*.mpg=01;35:*.mpeg=01;35:*.m2v=01;35:*.mkv=01;35:*.webm=01;35:*.ogm=01;35:*.mp4=01;35:*.m4v=01;35:*.mp4v=01;35:*.vob=01;35:*.qt=01;35:*.nuv=01;35:*.wmv=01;35:*.asf=01;35:*.rm=01;35:*.rmvb=01;35:*.flc=01;35:*.avi=01;35:*.fli=01;35:*.flv=01;35:*.gl=01;35:*.dl=01;35:*.xcf=01;35:*.xwd=01;35:*.yuv=01;35:*.cgm=01;35:*.emf=01;35:*.ogv=01;35:*.ogx=01;35:*.aac=00;36:*.au=00;36:*.flac=00;36:*.m4a=00;36:*.mid=00;36:*.midi=00;36:*.mka=00;36:*.mp3=00;36:*.mpc=00;36:*.ogg=00;36:*.ra=00;36:*.wav=00;36:*.oga=00;36:*.opus=00;36:*.spx=00;36:*.xspf=00;36:'), ('GNOME_TERMINAL_SERVICE', ':1.105'), ('SSH_AUTH_SOCK', '/run/user/1000/keyring/ssh'), ('AMENT_PREFIX_PATH', '/home/jkang/InSituNeedle_Manipulation_FBG_FEM_ROS2/install/assignment1_msgs:/home/jkang/rsp_homework/install/turtles:/home/jkang/rsp_homework/install/pnp_actionlib:/home/jkang/rsp_homework/install/pnp_msgs:/home/jkang/rsp_homework/install/assignment1_subpub:/home/jkang/rsp_homework/install/assignment1_srvcli:/home/jkang/rsp_homework/install/assignment1_msgs:/opt/ros/galactic'), ('SHELL', '/bin/bash'), ('QT_ACCESSIBILITY', '1'), ('GDMSESSION', 'ubuntu'), ('LESSCLOSE', '/usr/bin/lesspipe %s %s'), ('GPG_AGENT_INFO', '/run/user/1000/gnupg/S.gpg-agent:0:1'), ('QT_IM_MODULE', 'ibus'), ('PWD', '/home/jkang/InSituNeedle_Manipulation_FBG_FEM_ROS2/build/assignment1_subpub'), ('LC_ALL', 'en_US.UTF-8'), ('XDG_CONFIG_DIRS', '/etc/xdg/xdg-ubuntu:/etc/xdg'), ('XDG_DATA_DIRS', '/usr/share/ubuntu:/usr/local/share/:/usr/share/:/var/lib/snapd/desktop'), ('PYTHONPATH', '/home/jkang/InSituNeedle_Manipulation_FBG_FEM_ROS2/install/assignment1_msgs/lib/python3.8/site-packages:/home/jkang/rsp_homework/install/pnp_msgs/lib/python3.8/site-packages:/home/jkang/rsp_homework/install/assignment1_msgs/lib/python3.8/site-packages:/opt/ros/galactic/lib/python3.8/site-packages'), ('COLCON', '1'), ('VTE_VERSION', '6003'), ('CMAKE_PREFIX_PATH', '/home/jkang/InSituNeedle_Manipulation_FBG_FEM_ROS2/install/assignment1_msgs:/home/jkang/rsp_homework/install/turtles:/home/jkang/rsp_homework/install/pnp_actionlib:/home/jkang/rsp_homework/install/pnp_msgs:/home/jkang/rsp_homework/install/assignment1_subpub:/home/jkang/rsp_homework/install/assignment1_srvcli:/home/jkang/rsp_homework/install/assignment1_msgs:/opt/ros/galactic')]), 'shell': False}
[4.908783] (-) TimerEvent: {}
[4.920593] (assignment1_srvcli) StdoutLine: {'line': b'-- The C compiler identification is GNU 9.4.0\n'}
[4.929496] (assignment1_subpub) StdoutLine: {'line': b'-- The C compiler identification is GNU 9.4.0\n'}
[4.970595] (assignment1_srvcli) StdoutLine: {'line': b'-- The CXX compiler identification is GNU 9.4.0\n'}
[4.976377] (assignment1_srvcli) StdoutLine: {'line': b'-- Check for working C compiler: /usr/bin/cc\n'}
[4.978362] (assignment1_subpub) StdoutLine: {'line': b'-- The CXX compiler identification is GNU 9.4.0\n'}
[4.982400] (assignment1_subpub) StdoutLine: {'line': b'-- Check for working C compiler: /usr/bin/cc\n'}
[5.008898] (-) TimerEvent: {}
[5.043252] (assignment1_srvcli) StdoutLine: {'line': b'-- Check for working C compiler: /usr/bin/cc -- works\n'}
[5.044151] (assignment1_srvcli) StdoutLine: {'line': b'-- Detecting C compiler ABI info\n'}
[5.045581] (assignment1_subpub) StdoutLine: {'line': b'-- Check for working C compiler: /usr/bin/cc -- works\n'}
[5.046428] (assignment1_subpub) StdoutLine: {'line': b'-- Detecting C compiler ABI info\n'}
[5.108971] (-) TimerEvent: {}
[5.109350] (assignment1_srvcli) StdoutLine: {'line': b'-- Detecting C compiler ABI info - done\n'}
[5.109518] (assignment1_subpub) StdoutLine: {'line': b'-- Detecting C compiler ABI info - done\n'}
[5.120868] (assignment1_srvcli) StdoutLine: {'line': b'-- Detecting C compile features\n'}
[5.121163] (assignment1_srvcli) StdoutLine: {'line': b'-- Detecting C compile features - done\n'}
[5.123183] (assignment1_srvcli) StdoutLine: {'line': b'-- Check for working CXX compiler: /usr/bin/c++\n'}
[5.128635] (assignment1_subpub) StdoutLine: {'line': b'-- Detecting C compile features\n'}
[5.129120] (assignment1_subpub) StdoutLine: {'line': b'-- Detecting C compile features - done\n'}
[5.132796] (assignment1_subpub) StdoutLine: {'line': b'-- Check for working CXX compiler: /usr/bin/c++\n'}
[5.195481] (assignment1_srvcli) StdoutLine: {'line': b'-- Check for working CXX compiler: /usr/bin/c++ -- works\n'}
[5.196479] (assignment1_srvcli) StdoutLine: {'line': b'-- Detecting CXX compiler ABI info\n'}
[5.209093] (-) TimerEvent: {}
[5.215864] (assignment1_subpub) StdoutLine: {'line': b'-- Check for working CXX compiler: /usr/bin/c++ -- works\n'}
[5.216788] (assignment1_subpub) StdoutLine: {'line': b'-- Detecting CXX compiler ABI info\n'}
[5.269809] (assignment1_srvcli) StdoutLine: {'line': b'-- Detecting CXX compiler ABI info - done\n'}
[5.280488] (assignment1_srvcli) StdoutLine: {'line': b'-- Detecting CXX compile features\n'}
[5.281152] (assignment1_srvcli) StdoutLine: {'line': b'-- Detecting CXX compile features - done\n'}
[5.283412] (assignment1_srvcli) StdoutLine: {'line': b'-- Found ament_cmake: 1.1.6 (/opt/ros/galactic/share/ament_cmake/cmake)\n'}
[5.290754] (assignment1_subpub) StdoutLine: {'line': b'-- Detecting CXX compiler ABI info - done\n'}
[5.303066] (assignment1_subpub) StdoutLine: {'line': b'-- Detecting CXX compile features\n'}
[5.303679] (assignment1_subpub) StdoutLine: {'line': b'-- Detecting CXX compile features - done\n'}
[5.305608] (assignment1_srvcli) StdoutLine: {'line': b'-- Found PythonInterp: /usr/bin/python3 (found suitable version "3.8.10", minimum required is "3") \n'}
[5.305750] (assignment1_srvcli) StdoutLine: {'line': b'-- Using PYTHON_EXECUTABLE: /usr/bin/python3\n'}
[5.306504] (assignment1_subpub) StdoutLine: {'line': b'-- Found ament_cmake: 1.1.6 (/opt/ros/galactic/share/ament_cmake/cmake)\n'}
[5.309190] (-) TimerEvent: {}
[5.328670] (assignment1_subpub) StdoutLine: {'line': b'-- Found PythonInterp: /usr/bin/python3 (found suitable version "3.8.10", minimum required is "3") \n'}
[5.328984] (assignment1_subpub) StdoutLine: {'line': b'-- Using PYTHON_EXECUTABLE: /usr/bin/python3\n'}
[5.387754] (assignment1_srvcli) StdoutLine: {'line': b'-- Found rclcpp: 9.2.2 (/opt/ros/galactic/share/rclcpp/cmake)\n'}
[5.399984] (assignment1_subpub) StdoutLine: {'line': b'-- Found assignment1_msgs: 0.0.0 (/home/jkang/InSituNeedle_Manipulation_FBG_FEM_ROS2/install/assignment1_msgs/share/assignment1_msgs/cmake)\n'}
[5.409266] (-) TimerEvent: {}
[5.431697] (assignment1_subpub) StdoutLine: {'line': b'-- Using all available rosidl_typesupport_c: rosidl_typesupport_fastrtps_c;rosidl_typesupport_introspection_c\n'}
[5.434225] (assignment1_srvcli) StdoutLine: {'line': b'-- Using all available rosidl_typesupport_c: rosidl_typesupport_fastrtps_c;rosidl_typesupport_introspection_c\n'}
[5.438292] (assignment1_subpub) StdoutLine: {'line': b'-- Found rosidl_adapter: 2.2.3 (/opt/ros/galactic/share/rosidl_adapter/cmake)\n'}
[5.441410] (assignment1_srvcli) StdoutLine: {'line': b'-- Found rosidl_adapter: 2.2.3 (/opt/ros/galactic/share/rosidl_adapter/cmake)\n'}
[5.509408] (-) TimerEvent: {}
[5.510941] (assignment1_subpub) StdoutLine: {'line': b'-- Found OpenSSL: /usr/lib/x86_64-linux-gnu/libcrypto.so (found version "1.1.1f")  \n'}
[5.514200] (assignment1_srvcli) StdoutLine: {'line': b'-- Found OpenSSL: /usr/lib/x86_64-linux-gnu/libcrypto.so (found version "1.1.1f")  \n'}
[5.536428] (assignment1_subpub) StdoutLine: {'line': b'-- Found FastRTPS: /opt/ros/galactic/include  \n'}
[5.540259] (assignment1_srvcli) StdoutLine: {'line': b'-- Found FastRTPS: /opt/ros/galactic/include  \n'}
[5.606928] (assignment1_subpub) StdoutLine: {'line': b'-- Using all available rosidl_typesupport_cpp: rosidl_typesupport_fastrtps_cpp;rosidl_typesupport_introspection_cpp\n'}
[5.609483] (-) TimerEvent: {}
[5.617240] (assignment1_srvcli) StdoutLine: {'line': b'-- Using all available rosidl_typesupport_cpp: rosidl_typesupport_fastrtps_cpp;rosidl_typesupport_introspection_cpp\n'}
[5.671935] (assignment1_srvcli) StdoutLine: {'line': b'-- Found rmw_implementation_cmake: 3.3.1 (/opt/ros/galactic/share/rmw_implementation_cmake/cmake)\n'}
[5.674920] (assignment1_srvcli) StdoutLine: {'line': b'-- Found rmw_cyclonedds_cpp: 0.22.6 (/opt/ros/galactic/share/rmw_cyclonedds_cpp/cmake)\n'}
[5.692863] (assignment1_srvcli) StdoutLine: {'line': b"-- Using RMW implementation 'rmw_cyclonedds_cpp' as default\n"}
[5.694213] (assignment1_srvcli) StdoutLine: {'line': b'-- Looking for pthread.h\n'}
[5.709613] (-) TimerEvent: {}
[5.745459] (assignment1_subpub) StdoutLine: {'line': b'-- Found rclcpp: 9.2.2 (/opt/ros/galactic/share/rclcpp/cmake)\n'}
[5.760912] (assignment1_srvcli) StdoutLine: {'line': b'-- Looking for pthread.h - found\n'}
[5.761344] (assignment1_srvcli) StdoutLine: {'line': b'-- Performing Test CMAKE_HAVE_LIBC_PTHREAD\n'}
[5.795694] (assignment1_subpub) StdoutLine: {'line': b'-- Found rmw_implementation_cmake: 3.3.1 (/opt/ros/galactic/share/rmw_implementation_cmake/cmake)\n'}
[5.798742] (assignment1_subpub) StdoutLine: {'line': b'-- Found rmw_cyclonedds_cpp: 0.22.6 (/opt/ros/galactic/share/rmw_cyclonedds_cpp/cmake)\n'}
[5.809736] (-) TimerEvent: {}
[5.816801] (assignment1_subpub) StdoutLine: {'line': b"-- Using RMW implementation 'rmw_cyclonedds_cpp' as default\n"}
[5.817582] (assignment1_subpub) StdoutLine: {'line': b'-- Looking for pthread.h\n'}
[5.828923] (assignment1_srvcli) StdoutLine: {'line': b'-- Performing Test CMAKE_HAVE_LIBC_PTHREAD - Failed\n'}
[5.829107] (assignment1_srvcli) StdoutLine: {'line': b'-- Looking for pthread_create in pthreads\n'}
[5.884495] (assignment1_srvcli) StdoutLine: {'line': b'-- Looking for pthread_create in pthreads - not found\n'}
[5.884807] (assignment1_srvcli) StdoutLine: {'line': b'-- Looking for pthread_create in pthread\n'}
[5.884977] (assignment1_subpub) StdoutLine: {'line': b'-- Looking for pthread.h - found\n'}
[5.885246] (assignment1_subpub) StdoutLine: {'line': b'-- Performing Test CMAKE_HAVE_LIBC_PTHREAD\n'}
[5.909833] (-) TimerEvent: {}
[5.949251] (assignment1_srvcli) StdoutLine: {'line': b'-- Looking for pthread_create in pthread - found\n'}
[5.950247] (assignment1_srvcli) StdoutLine: {'line': b'-- Found Threads: TRUE  \n'}
[5.950519] (assignment1_subpub) StdoutLine: {'line': b'-- Performing Test CMAKE_HAVE_LIBC_PTHREAD - Failed\n'}
[5.950704] (assignment1_subpub) StdoutLine: {'line': b'-- Looking for pthread_create in pthreads\n'}
[6.004524] (assignment1_subpub) StdoutLine: {'line': b'-- Looking for pthread_create in pthreads - not found\n'}
[6.004880] (assignment1_subpub) StdoutLine: {'line': b'-- Looking for pthread_create in pthread\n'}
[6.009931] (-) TimerEvent: {}
[6.069627] (assignment1_subpub) StdoutLine: {'line': b'-- Looking for pthread_create in pthread - found\n'}
[6.070661] (assignment1_subpub) StdoutLine: {'line': b'-- Found Threads: TRUE  \n'}
[6.086802] (assignment1_srvcli) StdoutLine: {'line': b'-- Found assignment1_msgs: 0.0.0 (/home/jkang/InSituNeedle_Manipulation_FBG_FEM_ROS2/install/assignment1_msgs/share/assignment1_msgs/cmake)\n'}
[6.110043] (-) TimerEvent: {}
[6.180107] (assignment1_srvcli) StdoutLine: {'line': b'-- Found example_interfaces: 0.9.2 (/opt/ros/galactic/share/example_interfaces/cmake)\n'}
[6.210156] (-) TimerEvent: {}
[6.272168] (assignment1_subpub) StdoutLine: {'line': b'-- Found ament_lint_auto: 0.10.7 (/opt/ros/galactic/share/ament_lint_auto/cmake)\n'}
[6.279392] (assignment1_srvcli) StdoutLine: {'line': b'-- Found ament_lint_auto: 0.10.7 (/opt/ros/galactic/share/ament_lint_auto/cmake)\n'}
[6.310238] (-) TimerEvent: {}
[6.341124] (assignment1_subpub) StdoutLine: {'line': b"-- Added test 'copyright' to check source files copyright and LICENSE\n"}
[6.342714] (assignment1_subpub) StdoutLine: {'line': b"-- Added test 'cppcheck' to perform static code analysis on C / C++ code\n"}
[6.343176] (assignment1_subpub) StdoutLine: {'line': b'-- Configured cppcheck include dirs: /home/jkang/InSituNeedle_Manipulation_FBG_FEM_ROS2/src/assignment1/assignment1_subpub/include\n'}
[6.343270] (assignment1_subpub) StdoutLine: {'line': b'-- Configured cppcheck exclude dirs and/or files: \n'}
[6.344384] (assignment1_subpub) StdoutLine: {'line': b"-- Added test 'cpplint' to check C / C++ code against the Google style\n"}
[6.344480] (assignment1_subpub) StdoutLine: {'line': b'-- Configured cpplint exclude dirs and/or files: \n'}
[6.345456] (assignment1_subpub) StdoutLine: {'line': b"-- Added test 'lint_cmake' to check CMake code style\n"}
[6.346508] (assignment1_srvcli) StdoutLine: {'line': b"-- Added test 'copyright' to check source files copyright and LICENSE\n"}
[6.346983] (assignment1_subpub) StdoutLine: {'line': b"-- Added test 'uncrustify' to check C / C++ code style\n"}
[6.347073] (assignment1_subpub) StdoutLine: {'line': b'-- Configured uncrustify additional arguments: \n'}
[6.347664] (assignment1_subpub) StdoutLine: {'line': b"-- Added test 'xmllint' to check XML markup files\n"}
[6.347758] (assignment1_srvcli) StdoutLine: {'line': b"-- Added test 'cppcheck' to perform static code analysis on C / C++ code\n"}
[6.348019] (assignment1_srvcli) StdoutLine: {'line': b'-- Configured cppcheck include dirs: /home/jkang/InSituNeedle_Manipulation_FBG_FEM_ROS2/src/assignment1/assignment1_srvcli/include\n'}
[6.348117] (assignment1_srvcli) StdoutLine: {'line': b'-- Configured cppcheck exclude dirs and/or files: \n'}
[6.349033] (assignment1_srvcli) StdoutLine: {'line': b"-- Added test 'cpplint' to check C / C++ code against the Google style\n"}
[6.349132] (assignment1_srvcli) StdoutLine: {'line': b'-- Configured cpplint exclude dirs and/or files: \n'}
[6.349825] (assignment1_srvcli) StdoutLine: {'line': b"-- Added test 'lint_cmake' to check CMake code style\n"}
[6.350883] (assignment1_srvcli) StdoutLine: {'line': b"-- Added test 'uncrustify' to check C / C++ code style\n"}
[6.350973] (assignment1_srvcli) StdoutLine: {'line': b'-- Configured uncrustify additional arguments: \n'}
[6.351462] (assignment1_srvcli) StdoutLine: {'line': b"-- Added test 'xmllint' to check XML markup files\n"}
[6.351716] (assignment1_subpub) StdoutLine: {'line': b'-- Configuring done\n'}
[6.354901] (assignment1_srvcli) StdoutLine: {'line': b'-- Configuring done\n'}
[6.368790] (assignment1_srvcli) StdoutLine: {'line': b'-- Generating done\n'}
[6.370366] (assignment1_srvcli) StdoutLine: {'line': b'-- Build files have been written to: /home/jkang/InSituNeedle_Manipulation_FBG_FEM_ROS2/build/assignment1_srvcli\n'}
[6.372501] (assignment1_subpub) StdoutLine: {'line': b'-- Generating done\n'}
[6.375429] (assignment1_subpub) StdoutLine: {'line': b'-- Build files have been written to: /home/jkang/InSituNeedle_Manipulation_FBG_FEM_ROS2/build/assignment1_subpub\n'}
[6.378842] (assignment1_srvcli) CommandEnded: {'returncode': 0}
[6.380267] (assignment1_srvcli) JobProgress: {'identifier': 'assignment1_srvcli', 'progress': 'build'}
[6.380405] (assignment1_srvcli) Command: {'cmd': ['/usr/bin/cmake', '--build', '/home/jkang/InSituNeedle_Manipulation_FBG_FEM_ROS2/build/assignment1_srvcli', '--', '-j12', '-l12'], 'cwd': '/home/jkang/InSituNeedle_Manipulation_FBG_FEM_ROS2/build/assignment1_srvcli', 'env': OrderedDict([('LESSOPEN', '| /usr/bin/lesspipe %s'), ('USER', 'jkang'), ('SSH_AGENT_PID', '1772'), ('XDG_SESSION_TYPE', 'x11'), ('SHLVL', '1'), ('LD_LIBRARY_PATH', '/home/jkang/InSituNeedle_Manipulation_FBG_FEM_ROS2/install/assignment1_msgs/lib:/home/jkang/rsp_homework/install/turtles/lib:/home/jkang/rsp_homework/install/pnp_actionlib/lib:/home/jkang/rsp_homework/install/pnp_msgs/lib:/home/jkang/rsp_homework/install/assignment1_subpub/lib:/home/jkang/rsp_homework/install/assignment1_srvcli/lib:/home/jkang/rsp_homework/install/assignment1_msgs/lib:/opt/ros/galactic/opt/yaml_cpp_vendor/lib:/opt/ros/galactic/opt/rviz_ogre_vendor/lib:/opt/ros/galactic/lib/x86_64-linux-gnu:/opt/ros/galactic/lib'), ('HOME', '/home/jkang'), ('OLDPWD', '/home/jkang'), ('DESKTOP_SESSION', 'ubuntu'), ('ROS_PYTHON_VERSION', '3'), ('GNOME_SHELL_SESSION_MODE', 'ubuntu'), ('GTK_MODULES', 'gail:atk-bridge'), ('MANAGERPID', '1535'), ('DBUS_SESSION_BUS_ADDRESS', 'unix:path=/run/user/1000/bus'), ('COLORTERM', 'truecolor'), ('IM_CONFIG_PHASE', '1'), ('COLCON_PREFIX_PATH', '/home/jkang/rsp_homework/install'), ('ROS_DISTRO', 'galactic'), ('LOGNAME', 'jkang'), ('JOURNAL_STREAM', '8:45484'), ('_', '/usr/bin/colcon'), ('ROS_VERSION', '2'), ('XDG_SESSION_CLASS', 'user'), ('USERNAME', 'jkang'), ('TERM', 'xterm-256color'), ('GNOME_DESKTOP_SESSION_ID', 'this-is-deprecated'), ('ROS_LOCALHOST_ONLY', '0'), ('WINDOWPATH', '2'), ('PATH', '/opt/ros/galactic/bin:/home/jkang/.local/bin:/usr/local/sbin:/usr/local/bin:/usr/sbin:/usr/bin:/sbin:/bin:/usr/games:/usr/local/games:/snap/bin'), ('SESSION_MANAGER', 'local/jkang-Legion-Y7000P-2019:@/tmp/.ICE-unix/1810,unix/jkang-Legion-Y7000P-2019:/tmp/.ICE-unix/1810'), ('INVOCATION_ID', 'b654e1dc32bc4c8b8938729b76e5b54e'), ('XDG_MENU_PREFIX', 'gnome-'), ('GNOME_TERMINAL_SCREEN', '/org/gnome/Terminal/screen/df3fb9ee_23b9_4e3b_8fa3_27bbcbb8349c'), ('XDG_RUNTIME_DIR', '/run/user/1000'), ('DISPLAY', ':1'), ('LANG', 'en_US.UTF-8'), ('XDG_CURRENT_DESKTOP', 'ubuntu:GNOME'), ('XMODIFIERS', '@im=ibus'), ('XDG_SESSION_DESKTOP', 'ubuntu'), ('XAUTHORITY', '/run/user/1000/gdm/Xauthority'), ('LS_COLORS', 'rs=0:di=01;34:ln=01;36:mh=00:pi=40;33:so=01;35:do=01;35:bd=40;33;01:cd=40;33;01:or=40;31;01:mi=00:su=37;41:sg=30;43:ca=30;41:tw=30;42:ow=34;42:st=37;44:ex=01;32:*.tar=01;31:*.tgz=01;31:*.arc=01;31:*.arj=01;31:*.taz=01;31:*.lha=01;31:*.lz4=01;31:*.lzh=01;31:*.lzma=01;31:*.tlz=01;31:*.txz=01;31:*.tzo=01;31:*.t7z=01;31:*.zip=01;31:*.z=01;31:*.dz=01;31:*.gz=01;31:*.lrz=01;31:*.lz=01;31:*.lzo=01;31:*.xz=01;31:*.zst=01;31:*.tzst=01;31:*.bz2=01;31:*.bz=01;31:*.tbz=01;31:*.tbz2=01;31:*.tz=01;31:*.deb=01;31:*.rpm=01;31:*.jar=01;31:*.war=01;31:*.ear=01;31:*.sar=01;31:*.rar=01;31:*.alz=01;31:*.ace=01;31:*.zoo=01;31:*.cpio=01;31:*.7z=01;31:*.rz=01;31:*.cab=01;31:*.wim=01;31:*.swm=01;31:*.dwm=01;31:*.esd=01;31:*.jpg=01;35:*.jpeg=01;35:*.mjpg=01;35:*.mjpeg=01;35:*.gif=01;35:*.bmp=01;35:*.pbm=01;35:*.pgm=01;35:*.ppm=01;35:*.tga=01;35:*.xbm=01;35:*.xpm=01;35:*.tif=01;35:*.tiff=01;35:*.png=01;35:*.svg=01;35:*.svgz=01;35:*.mng=01;35:*.pcx=01;35:*.mov=01;35:*.mpg=01;35:*.mpeg=01;35:*.m2v=01;35:*.mkv=01;35:*.webm=01;35:*.ogm=01;35:*.mp4=01;35:*.m4v=01;35:*.mp4v=01;35:*.vob=01;35:*.qt=01;35:*.nuv=01;35:*.wmv=01;35:*.asf=01;35:*.rm=01;35:*.rmvb=01;35:*.flc=01;35:*.avi=01;35:*.fli=01;35:*.flv=01;35:*.gl=01;35:*.dl=01;35:*.xcf=01;35:*.xwd=01;35:*.yuv=01;35:*.cgm=01;35:*.emf=01;35:*.ogv=01;35:*.ogx=01;35:*.aac=00;36:*.au=00;36:*.flac=00;36:*.m4a=00;36:*.mid=00;36:*.midi=00;36:*.mka=00;36:*.mp3=00;36:*.mpc=00;36:*.ogg=00;36:*.ra=00;36:*.wav=00;36:*.oga=00;36:*.opus=00;36:*.spx=00;36:*.xspf=00;36:'), ('GNOME_TERMINAL_SERVICE', ':1.105'), ('SSH_AUTH_SOCK', '/run/user/1000/keyring/ssh'), ('AMENT_PREFIX_PATH', '/home/jkang/InSituNeedle_Manipulation_FBG_FEM_ROS2/install/assignment1_msgs:/home/jkang/rsp_homework/install/turtles:/home/jkang/rsp_homework/install/pnp_actionlib:/home/jkang/rsp_homework/install/pnp_msgs:/home/jkang/rsp_homework/install/assignment1_subpub:/home/jkang/rsp_homework/install/assignment1_srvcli:/home/jkang/rsp_homework/install/assignment1_msgs:/opt/ros/galactic'), ('SHELL', '/bin/bash'), ('QT_ACCESSIBILITY', '1'), ('GDMSESSION', 'ubuntu'), ('LESSCLOSE', '/usr/bin/lesspipe %s %s'), ('GPG_AGENT_INFO', '/run/user/1000/gnupg/S.gpg-agent:0:1'), ('QT_IM_MODULE', 'ibus'), ('PWD', '/home/jkang/InSituNeedle_Manipulation_FBG_FEM_ROS2/build/assignment1_srvcli'), ('LC_ALL', 'en_US.UTF-8'), ('XDG_CONFIG_DIRS', '/etc/xdg/xdg-ubuntu:/etc/xdg'), ('XDG_DATA_DIRS', '/usr/share/ubuntu:/usr/local/share/:/usr/share/:/var/lib/snapd/desktop'), ('PYTHONPATH', '/home/jkang/InSituNeedle_Manipulation_FBG_FEM_ROS2/install/assignment1_msgs/lib/python3.8/site-packages:/home/jkang/rsp_homework/install/pnp_msgs/lib/python3.8/site-packages:/home/jkang/rsp_homework/install/assignment1_msgs/lib/python3.8/site-packages:/opt/ros/galactic/lib/python3.8/site-packages'), ('COLCON', '1'), ('VTE_VERSION', '6003'), ('CMAKE_PREFIX_PATH', '/home/jkang/InSituNeedle_Manipulation_FBG_FEM_ROS2/install/assignment1_msgs:/home/jkang/rsp_homework/install/turtles:/home/jkang/rsp_homework/install/pnp_actionlib:/home/jkang/rsp_homework/install/pnp_msgs:/home/jkang/rsp_homework/install/assignment1_subpub:/home/jkang/rsp_homework/install/assignment1_srvcli:/home/jkang/rsp_homework/install/assignment1_msgs:/opt/ros/galactic')]), 'shell': False}
[6.384678] (assignment1_subpub) CommandEnded: {'returncode': 0}
[6.385570] (assignment1_subpub) JobProgress: {'identifier': 'assignment1_subpub', 'progress': 'build'}
[6.385911] (assignment1_subpub) Command: {'cmd': ['/usr/bin/cmake', '--build', '/home/jkang/InSituNeedle_Manipulation_FBG_FEM_ROS2/build/assignment1_subpub', '--', '-j12', '-l12'], 'cwd': '/home/jkang/InSituNeedle_Manipulation_FBG_FEM_ROS2/build/assignment1_subpub', 'env': OrderedDict([('LESSOPEN', '| /usr/bin/lesspipe %s'), ('USER', 'jkang'), ('SSH_AGENT_PID', '1772'), ('XDG_SESSION_TYPE', 'x11'), ('SHLVL', '1'), ('LD_LIBRARY_PATH', '/home/jkang/InSituNeedle_Manipulation_FBG_FEM_ROS2/install/assignment1_msgs/lib:/home/jkang/rsp_homework/install/turtles/lib:/home/jkang/rsp_homework/install/pnp_actionlib/lib:/home/jkang/rsp_homework/install/pnp_msgs/lib:/home/jkang/rsp_homework/install/assignment1_subpub/lib:/home/jkang/rsp_homework/install/assignment1_srvcli/lib:/home/jkang/rsp_homework/install/assignment1_msgs/lib:/opt/ros/galactic/opt/yaml_cpp_vendor/lib:/opt/ros/galactic/opt/rviz_ogre_vendor/lib:/opt/ros/galactic/lib/x86_64-linux-gnu:/opt/ros/galactic/lib'), ('HOME', '/home/jkang'), ('OLDPWD', '/home/jkang'), ('DESKTOP_SESSION', 'ubuntu'), ('ROS_PYTHON_VERSION', '3'), ('GNOME_SHELL_SESSION_MODE', 'ubuntu'), ('GTK_MODULES', 'gail:atk-bridge'), ('MANAGERPID', '1535'), ('DBUS_SESSION_BUS_ADDRESS', 'unix:path=/run/user/1000/bus'), ('COLORTERM', 'truecolor'), ('IM_CONFIG_PHASE', '1'), ('COLCON_PREFIX_PATH', '/home/jkang/rsp_homework/install'), ('ROS_DISTRO', 'galactic'), ('LOGNAME', 'jkang'), ('JOURNAL_STREAM', '8:45484'), ('_', '/usr/bin/colcon'), ('ROS_VERSION', '2'), ('XDG_SESSION_CLASS', 'user'), ('USERNAME', 'jkang'), ('TERM', 'xterm-256color'), ('GNOME_DESKTOP_SESSION_ID', 'this-is-deprecated'), ('ROS_LOCALHOST_ONLY', '0'), ('WINDOWPATH', '2'), ('PATH', '/opt/ros/galactic/bin:/home/jkang/.local/bin:/usr/local/sbin:/usr/local/bin:/usr/sbin:/usr/bin:/sbin:/bin:/usr/games:/usr/local/games:/snap/bin'), ('SESSION_MANAGER', 'local/jkang-Legion-Y7000P-2019:@/tmp/.ICE-unix/1810,unix/jkang-Legion-Y7000P-2019:/tmp/.ICE-unix/1810'), ('INVOCATION_ID', 'b654e1dc32bc4c8b8938729b76e5b54e'), ('XDG_MENU_PREFIX', 'gnome-'), ('GNOME_TERMINAL_SCREEN', '/org/gnome/Terminal/screen/df3fb9ee_23b9_4e3b_8fa3_27bbcbb8349c'), ('XDG_RUNTIME_DIR', '/run/user/1000'), ('DISPLAY', ':1'), ('LANG', 'en_US.UTF-8'), ('XDG_CURRENT_DESKTOP', 'ubuntu:GNOME'), ('XMODIFIERS', '@im=ibus'), ('XDG_SESSION_DESKTOP', 'ubuntu'), ('XAUTHORITY', '/run/user/1000/gdm/Xauthority'), ('LS_COLORS', 'rs=0:di=01;34:ln=01;36:mh=00:pi=40;33:so=01;35:do=01;35:bd=40;33;01:cd=40;33;01:or=40;31;01:mi=00:su=37;41:sg=30;43:ca=30;41:tw=30;42:ow=34;42:st=37;44:ex=01;32:*.tar=01;31:*.tgz=01;31:*.arc=01;31:*.arj=01;31:*.taz=01;31:*.lha=01;31:*.lz4=01;31:*.lzh=01;31:*.lzma=01;31:*.tlz=01;31:*.txz=01;31:*.tzo=01;31:*.t7z=01;31:*.zip=01;31:*.z=01;31:*.dz=01;31:*.gz=01;31:*.lrz=01;31:*.lz=01;31:*.lzo=01;31:*.xz=01;31:*.zst=01;31:*.tzst=01;31:*.bz2=01;31:*.bz=01;31:*.tbz=01;31:*.tbz2=01;31:*.tz=01;31:*.deb=01;31:*.rpm=01;31:*.jar=01;31:*.war=01;31:*.ear=01;31:*.sar=01;31:*.rar=01;31:*.alz=01;31:*.ace=01;31:*.zoo=01;31:*.cpio=01;31:*.7z=01;31:*.rz=01;31:*.cab=01;31:*.wim=01;31:*.swm=01;31:*.dwm=01;31:*.esd=01;31:*.jpg=01;35:*.jpeg=01;35:*.mjpg=01;35:*.mjpeg=01;35:*.gif=01;35:*.bmp=01;35:*.pbm=01;35:*.pgm=01;35:*.ppm=01;35:*.tga=01;35:*.xbm=01;35:*.xpm=01;35:*.tif=01;35:*.tiff=01;35:*.png=01;35:*.svg=01;35:*.svgz=01;35:*.mng=01;35:*.pcx=01;35:*.mov=01;35:*.mpg=01;35:*.mpeg=01;35:*.m2v=01;35:*.mkv=01;35:*.webm=01;35:*.ogm=01;35:*.mp4=01;35:*.m4v=01;35:*.mp4v=01;35:*.vob=01;35:*.qt=01;35:*.nuv=01;35:*.wmv=01;35:*.asf=01;35:*.rm=01;35:*.rmvb=01;35:*.flc=01;35:*.avi=01;35:*.fli=01;35:*.flv=01;35:*.gl=01;35:*.dl=01;35:*.xcf=01;35:*.xwd=01;35:*.yuv=01;35:*.cgm=01;35:*.emf=01;35:*.ogv=01;35:*.ogx=01;35:*.aac=00;36:*.au=00;36:*.flac=00;36:*.m4a=00;36:*.mid=00;36:*.midi=00;36:*.mka=00;36:*.mp3=00;36:*.mpc=00;36:*.ogg=00;36:*.ra=00;36:*.wav=00;36:*.oga=00;36:*.opus=00;36:*.spx=00;36:*.xspf=00;36:'), ('GNOME_TERMINAL_SERVICE', ':1.105'), ('SSH_AUTH_SOCK', '/run/user/1000/keyring/ssh'), ('AMENT_PREFIX_PATH', '/home/jkang/InSituNeedle_Manipulation_FBG_FEM_ROS2/install/assignment1_msgs:/home/jkang/rsp_homework/install/turtles:/home/jkang/rsp_homework/install/pnp_actionlib:/home/jkang/rsp_homework/install/pnp_msgs:/home/jkang/rsp_homework/install/assignment1_subpub:/home/jkang/rsp_homework/install/assignment1_srvcli:/home/jkang/rsp_homework/install/assignment1_msgs:/opt/ros/galactic'), ('SHELL', '/bin/bash'), ('QT_ACCESSIBILITY', '1'), ('GDMSESSION', 'ubuntu'), ('LESSCLOSE', '/usr/bin/lesspipe %s %s'), ('GPG_AGENT_INFO', '/run/user/1000/gnupg/S.gpg-agent:0:1'), ('QT_IM_MODULE', 'ibus'), ('PWD', '/home/jkang/InSituNeedle_Manipulation_FBG_FEM_ROS2/build/assignment1_subpub'), ('LC_ALL', 'en_US.UTF-8'), ('XDG_CONFIG_DIRS', '/etc/xdg/xdg-ubuntu:/etc/xdg'), ('XDG_DATA_DIRS', '/usr/share/ubuntu:/usr/local/share/:/usr/share/:/var/lib/snapd/desktop'), ('PYTHONPATH', '/home/jkang/InSituNeedle_Manipulation_FBG_FEM_ROS2/install/assignment1_msgs/lib/python3.8/site-packages:/home/jkang/rsp_homework/install/pnp_msgs/lib/python3.8/site-packages:/home/jkang/rsp_homework/install/assignment1_msgs/lib/python3.8/site-packages:/opt/ros/galactic/lib/python3.8/site-packages'), ('COLCON', '1'), ('VTE_VERSION', '6003'), ('CMAKE_PREFIX_PATH', '/home/jkang/InSituNeedle_Manipulation_FBG_FEM_ROS2/install/assignment1_msgs:/home/jkang/rsp_homework/install/turtles:/home/jkang/rsp_homework/install/pnp_actionlib:/home/jkang/rsp_homework/install/pnp_msgs:/home/jkang/rsp_homework/install/assignment1_subpub:/home/jkang/rsp_homework/install/assignment1_srvcli:/home/jkang/rsp_homework/install/assignment1_msgs:/opt/ros/galactic')]), 'shell': False}
[6.410339] (-) TimerEvent: {}
[6.418498] (assignment1_srvcli) StdoutLine: {'line': b'\x1b[35m\x1b[1mScanning dependencies of target srvcli\x1b[0m\n'}
[6.422191] (assignment1_subpub) StdoutLine: {'line': b'\x1b[35m\x1b[1mScanning dependencies of target subpub\x1b[0m\n'}
[6.465995] (assignment1_srvcli) StdoutLine: {'line': b'[ 28%] \x1b[32mBuilding CXX object CMakeFiles/srvcli.dir/src/server.cpp.o\x1b[0m\n'}
[6.466214] (assignment1_srvcli) StdoutLine: {'line': b'[ 28%] \x1b[32mBuilding CXX object CMakeFiles/srvcli.dir/src/client.cpp.o\x1b[0m\n'}
[6.468478] (assignment1_subpub) StdoutLine: {'line': b'[ 14%] \x1b[32mBuilding CXX object CMakeFiles/subpub.dir/src/subscriber.cpp.o\x1b[0m\n'}
[6.468743] (assignment1_subpub) StdoutLine: {'line': b'[ 28%] \x1b[32mBuilding CXX object CMakeFiles/subpub.dir/src/publisher.cpp.o\x1b[0m\n'}
[6.510433] (-) TimerEvent: {}
[6.610713] (-) TimerEvent: {}
[6.710977] (-) TimerEvent: {}
[6.811292] (-) TimerEvent: {}
[6.911628] (-) TimerEvent: {}
[7.011929] (-) TimerEvent: {}
[7.112198] (-) TimerEvent: {}
[7.212512] (-) TimerEvent: {}
[7.312766] (-) TimerEvent: {}
[7.413071] (-) TimerEvent: {}
[7.513343] (-) TimerEvent: {}
[7.613623] (-) TimerEvent: {}
[7.713914] (-) TimerEvent: {}
[7.814184] (-) TimerEvent: {}
[7.914451] (-) TimerEvent: {}
[8.014744] (-) TimerEvent: {}
[8.115066] (-) TimerEvent: {}
[8.215359] (-) TimerEvent: {}
[8.315642] (-) TimerEvent: {}
[8.416022] (-) TimerEvent: {}
[8.516286] (-) TimerEvent: {}
[8.616553] (-) TimerEvent: {}
[8.716842] (-) TimerEvent: {}
[8.817144] (-) TimerEvent: {}
[8.917437] (-) TimerEvent: {}
[9.017717] (-) TimerEvent: {}
[9.118014] (-) TimerEvent: {}
[9.218336] (-) TimerEvent: {}
[9.304103] (assignment1_srvcli) StdoutLine: {'line': b'[ 42%] \x1b[32m\x1b[1mLinking CXX shared library libsrvcli.so\x1b[0m\n'}
[9.318511] (-) TimerEvent: {}
[9.418855] (-) TimerEvent: {}
[9.457152] (assignment1_srvcli) StdoutLine: {'line': b'[ 42%] Built target srvcli\n'}
[9.470328] (assignment1_srvcli) StdoutLine: {'line': b'\x1b[35m\x1b[1mScanning dependencies of target cli\x1b[0m\n'}
[9.470546] (assignment1_srvcli) StdoutLine: {'line': b'\x1b[35m\x1b[1mScanning dependencies of target srv\x1b[0m\n'}
[9.518992] (-) TimerEvent: {}
[9.520152] (assignment1_srvcli) StdoutLine: {'line': b'[ 57%] \x1b[32mBuilding CXX object CMakeFiles/cli.dir/src/client_node.cpp.o\x1b[0m\n'}
[9.520969] (assignment1_srvcli) StdoutLine: {'line': b'[ 71%] \x1b[32mBuilding CXX object CMakeFiles/srv.dir/src/server_node.cpp.o\x1b[0m\n'}
[9.619098] (-) TimerEvent: {}
[9.719422] (-) TimerEvent: {}
[9.819728] (-) TimerEvent: {}
[9.920050] (-) TimerEvent: {}
[10.020353] (-) TimerEvent: {}
[10.120654] (-) TimerEvent: {}
[10.220957] (-) TimerEvent: {}
[10.321254] (-) TimerEvent: {}
[10.421563] (-) TimerEvent: {}
[10.521870] (-) TimerEvent: {}
[10.622188] (-) TimerEvent: {}
[10.722499] (-) TimerEvent: {}
[10.822807] (-) TimerEvent: {}
[10.923137] (-) TimerEvent: {}
[11.023458] (-) TimerEvent: {}
[11.123778] (-) TimerEvent: {}
[11.224076] (-) TimerEvent: {}
[11.324357] (-) TimerEvent: {}
[11.424657] (-) TimerEvent: {}
[11.524976] (-) TimerEvent: {}
[11.560695] (assignment1_srvcli) StdoutLine: {'line': b'[ 85%] \x1b[32m\x1b[1mLinking CXX executable cli\x1b[0m\n'}
[11.563537] (assignment1_srvcli) StdoutLine: {'line': b'[100%] \x1b[32m\x1b[1mLinking CXX executable srv\x1b[0m\n'}
[11.625115] (-) TimerEvent: {}
[11.697994] (assignment1_srvcli) StdoutLine: {'line': b'[100%] Built target cli\n'}
[11.698211] (assignment1_srvcli) StdoutLine: {'line': b'[100%] Built target srv\n'}
[11.709911] (assignment1_srvcli) CommandEnded: {'returncode': 0}
[11.725289] (-) TimerEvent: {}
[11.739142] (assignment1_srvcli) JobProgress: {'identifier': 'assignment1_srvcli', 'progress': 'install'}
[11.740591] (assignment1_srvcli) Command: {'cmd': ['/usr/bin/cmake', '--install', '/home/jkang/InSituNeedle_Manipulation_FBG_FEM_ROS2/build/assignment1_srvcli'], 'cwd': '/home/jkang/InSituNeedle_Manipulation_FBG_FEM_ROS2/build/assignment1_srvcli', 'env': OrderedDict([('LESSOPEN', '| /usr/bin/lesspipe %s'), ('USER', 'jkang'), ('SSH_AGENT_PID', '1772'), ('XDG_SESSION_TYPE', 'x11'), ('SHLVL', '1'), ('LD_LIBRARY_PATH', '/home/jkang/InSituNeedle_Manipulation_FBG_FEM_ROS2/install/assignment1_msgs/lib:/home/jkang/rsp_homework/install/turtles/lib:/home/jkang/rsp_homework/install/pnp_actionlib/lib:/home/jkang/rsp_homework/install/pnp_msgs/lib:/home/jkang/rsp_homework/install/assignment1_subpub/lib:/home/jkang/rsp_homework/install/assignment1_srvcli/lib:/home/jkang/rsp_homework/install/assignment1_msgs/lib:/opt/ros/galactic/opt/yaml_cpp_vendor/lib:/opt/ros/galactic/opt/rviz_ogre_vendor/lib:/opt/ros/galactic/lib/x86_64-linux-gnu:/opt/ros/galactic/lib'), ('HOME', '/home/jkang'), ('OLDPWD', '/home/jkang'), ('DESKTOP_SESSION', 'ubuntu'), ('ROS_PYTHON_VERSION', '3'), ('GNOME_SHELL_SESSION_MODE', 'ubuntu'), ('GTK_MODULES', 'gail:atk-bridge'), ('MANAGERPID', '1535'), ('DBUS_SESSION_BUS_ADDRESS', 'unix:path=/run/user/1000/bus'), ('COLORTERM', 'truecolor'), ('IM_CONFIG_PHASE', '1'), ('COLCON_PREFIX_PATH', '/home/jkang/rsp_homework/install'), ('ROS_DISTRO', 'galactic'), ('LOGNAME', 'jkang'), ('JOURNAL_STREAM', '8:45484'), ('_', '/usr/bin/colcon'), ('ROS_VERSION', '2'), ('XDG_SESSION_CLASS', 'user'), ('USERNAME', 'jkang'), ('TERM', 'xterm-256color'), ('GNOME_DESKTOP_SESSION_ID', 'this-is-deprecated'), ('ROS_LOCALHOST_ONLY', '0'), ('WINDOWPATH', '2'), ('PATH', '/opt/ros/galactic/bin:/home/jkang/.local/bin:/usr/local/sbin:/usr/local/bin:/usr/sbin:/usr/bin:/sbin:/bin:/usr/games:/usr/local/games:/snap/bin'), ('SESSION_MANAGER', 'local/jkang-Legion-Y7000P-2019:@/tmp/.ICE-unix/1810,unix/jkang-Legion-Y7000P-2019:/tmp/.ICE-unix/1810'), ('INVOCATION_ID', 'b654e1dc32bc4c8b8938729b76e5b54e'), ('XDG_MENU_PREFIX', 'gnome-'), ('GNOME_TERMINAL_SCREEN', '/org/gnome/Terminal/screen/df3fb9ee_23b9_4e3b_8fa3_27bbcbb8349c'), ('XDG_RUNTIME_DIR', '/run/user/1000'), ('DISPLAY', ':1'), ('LANG', 'en_US.UTF-8'), ('XDG_CURRENT_DESKTOP', 'ubuntu:GNOME'), ('XMODIFIERS', '@im=ibus'), ('XDG_SESSION_DESKTOP', 'ubuntu'), ('XAUTHORITY', '/run/user/1000/gdm/Xauthority'), ('LS_COLORS', 'rs=0:di=01;34:ln=01;36:mh=00:pi=40;33:so=01;35:do=01;35:bd=40;33;01:cd=40;33;01:or=40;31;01:mi=00:su=37;41:sg=30;43:ca=30;41:tw=30;42:ow=34;42:st=37;44:ex=01;32:*.tar=01;31:*.tgz=01;31:*.arc=01;31:*.arj=01;31:*.taz=01;31:*.lha=01;31:*.lz4=01;31:*.lzh=01;31:*.lzma=01;31:*.tlz=01;31:*.txz=01;31:*.tzo=01;31:*.t7z=01;31:*.zip=01;31:*.z=01;31:*.dz=01;31:*.gz=01;31:*.lrz=01;31:*.lz=01;31:*.lzo=01;31:*.xz=01;31:*.zst=01;31:*.tzst=01;31:*.bz2=01;31:*.bz=01;31:*.tbz=01;31:*.tbz2=01;31:*.tz=01;31:*.deb=01;31:*.rpm=01;31:*.jar=01;31:*.war=01;31:*.ear=01;31:*.sar=01;31:*.rar=01;31:*.alz=01;31:*.ace=01;31:*.zoo=01;31:*.cpio=01;31:*.7z=01;31:*.rz=01;31:*.cab=01;31:*.wim=01;31:*.swm=01;31:*.dwm=01;31:*.esd=01;31:*.jpg=01;35:*.jpeg=01;35:*.mjpg=01;35:*.mjpeg=01;35:*.gif=01;35:*.bmp=01;35:*.pbm=01;35:*.pgm=01;35:*.ppm=01;35:*.tga=01;35:*.xbm=01;35:*.xpm=01;35:*.tif=01;35:*.tiff=01;35:*.png=01;35:*.svg=01;35:*.svgz=01;35:*.mng=01;35:*.pcx=01;35:*.mov=01;35:*.mpg=01;35:*.mpeg=01;35:*.m2v=01;35:*.mkv=01;35:*.webm=01;35:*.ogm=01;35:*.mp4=01;35:*.m4v=01;35:*.mp4v=01;35:*.vob=01;35:*.qt=01;35:*.nuv=01;35:*.wmv=01;35:*.asf=01;35:*.rm=01;35:*.rmvb=01;35:*.flc=01;35:*.avi=01;35:*.fli=01;35:*.flv=01;35:*.gl=01;35:*.dl=01;35:*.xcf=01;35:*.xwd=01;35:*.yuv=01;35:*.cgm=01;35:*.emf=01;35:*.ogv=01;35:*.ogx=01;35:*.aac=00;36:*.au=00;36:*.flac=00;36:*.m4a=00;36:*.mid=00;36:*.midi=00;36:*.mka=00;36:*.mp3=00;36:*.mpc=00;36:*.ogg=00;36:*.ra=00;36:*.wav=00;36:*.oga=00;36:*.opus=00;36:*.spx=00;36:*.xspf=00;36:'), ('GNOME_TERMINAL_SERVICE', ':1.105'), ('SSH_AUTH_SOCK', '/run/user/1000/keyring/ssh'), ('AMENT_PREFIX_PATH', '/home/jkang/InSituNeedle_Manipulation_FBG_FEM_ROS2/install/assignment1_msgs:/home/jkang/rsp_homework/install/turtles:/home/jkang/rsp_homework/install/pnp_actionlib:/home/jkang/rsp_homework/install/pnp_msgs:/home/jkang/rsp_homework/install/assignment1_subpub:/home/jkang/rsp_homework/install/assignment1_srvcli:/home/jkang/rsp_homework/install/assignment1_msgs:/opt/ros/galactic'), ('SHELL', '/bin/bash'), ('QT_ACCESSIBILITY', '1'), ('GDMSESSION', 'ubuntu'), ('LESSCLOSE', '/usr/bin/lesspipe %s %s'), ('GPG_AGENT_INFO', '/run/user/1000/gnupg/S.gpg-agent:0:1'), ('QT_IM_MODULE', 'ibus'), ('PWD', '/home/jkang/InSituNeedle_Manipulation_FBG_FEM_ROS2/build/assignment1_srvcli'), ('LC_ALL', 'en_US.UTF-8'), ('XDG_CONFIG_DIRS', '/etc/xdg/xdg-ubuntu:/etc/xdg'), ('XDG_DATA_DIRS', '/usr/share/ubuntu:/usr/local/share/:/usr/share/:/var/lib/snapd/desktop'), ('PYTHONPATH', '/home/jkang/InSituNeedle_Manipulation_FBG_FEM_ROS2/install/assignment1_msgs/lib/python3.8/site-packages:/home/jkang/rsp_homework/install/pnp_msgs/lib/python3.8/site-packages:/home/jkang/rsp_homework/install/assignment1_msgs/lib/python3.8/site-packages:/opt/ros/galactic/lib/python3.8/site-packages'), ('COLCON', '1'), ('VTE_VERSION', '6003'), ('CMAKE_PREFIX_PATH', '/home/jkang/InSituNeedle_Manipulation_FBG_FEM_ROS2/install/assignment1_msgs:/home/jkang/rsp_homework/install/turtles:/home/jkang/rsp_homework/install/pnp_actionlib:/home/jkang/rsp_homework/install/pnp_msgs:/home/jkang/rsp_homework/install/assignment1_subpub:/home/jkang/rsp_homework/install/assignment1_srvcli:/home/jkang/rsp_homework/install/assignment1_msgs:/opt/ros/galactic')]), 'shell': False}
[11.749275] (assignment1_srvcli) StdoutLine: {'line': b'-- Install configuration: ""\n'}
[11.749540] (assignment1_srvcli) StdoutLine: {'line': b'-- Installing: /home/jkang/InSituNeedle_Manipulation_FBG_FEM_ROS2/install/assignment1_srvcli/include\n'}
[11.749845] (assignment1_srvcli) StdoutLine: {'line': b'-- Installing: /home/jkang/InSituNeedle_Manipulation_FBG_FEM_ROS2/install/assignment1_srvcli/include/assignment1_srvcli\n'}
[11.749973] (assignment1_srvcli) StdoutLine: {'line': b'-- Installing: /home/jkang/InSituNeedle_Manipulation_FBG_FEM_ROS2/install/assignment1_srvcli/include/assignment1_srvcli/client.hpp\n'}
[11.750111] (assignment1_srvcli) StdoutLine: {'line': b'-- Installing: /home/jkang/InSituNeedle_Manipulation_FBG_FEM_ROS2/install/assignment1_srvcli/include/assignment1_srvcli/server.hpp\n'}
[11.750370] (assignment1_srvcli) StdoutLine: {'line': b'-- Installing: /home/jkang/InSituNeedle_Manipulation_FBG_FEM_ROS2/install/assignment1_srvcli/lib/libsrvcli.so\n'}
[11.751353] (assignment1_srvcli) StdoutLine: {'line': b'-- Set runtime path of "/home/jkang/InSituNeedle_Manipulation_FBG_FEM_ROS2/install/assignment1_srvcli/lib/libsrvcli.so" to ""\n'}
[11.751540] (assignment1_srvcli) StdoutLine: {'line': b'-- Installing: /home/jkang/InSituNeedle_Manipulation_FBG_FEM_ROS2/install/assignment1_srvcli/lib/assignment1_srvcli/srv\n'}
[11.751970] (assignment1_srvcli) StdoutLine: {'line': b'-- Set runtime path of "/home/jkang/InSituNeedle_Manipulation_FBG_FEM_ROS2/install/assignment1_srvcli/lib/assignment1_srvcli/srv" to ""\n'}
[11.752180] (assignment1_srvcli) StdoutLine: {'line': b'-- Installing: /home/jkang/InSituNeedle_Manipulation_FBG_FEM_ROS2/install/assignment1_srvcli/lib/assignment1_srvcli/cli\n'}
[11.752646] (assignment1_srvcli) StdoutLine: {'line': b'-- Set runtime path of "/home/jkang/InSituNeedle_Manipulation_FBG_FEM_ROS2/install/assignment1_srvcli/lib/assignment1_srvcli/cli" to ""\n'}
[11.752870] (assignment1_srvcli) StdoutLine: {'line': b'-- Installing: /home/jkang/InSituNeedle_Manipulation_FBG_FEM_ROS2/install/assignment1_srvcli/share/ament_index/resource_index/package_run_dependencies/assignment1_srvcli\n'}
[11.753192] (assignment1_srvcli) StdoutLine: {'line': b'-- Installing: /home/jkang/InSituNeedle_Manipulation_FBG_FEM_ROS2/install/assignment1_srvcli/share/ament_index/resource_index/parent_prefix_path/assignment1_srvcli\n'}
[11.753311] (assignment1_srvcli) StdoutLine: {'line': b'-- Installing: /home/jkang/InSituNeedle_Manipulation_FBG_FEM_ROS2/install/assignment1_srvcli/share/assignment1_srvcli/environment/ament_prefix_path.sh\n'}
[11.753408] (assignment1_srvcli) StdoutLine: {'line': b'-- Installing: /home/jkang/InSituNeedle_Manipulation_FBG_FEM_ROS2/install/assignment1_srvcli/share/assignment1_srvcli/environment/ament_prefix_path.dsv\n'}
[11.753531] (assignment1_srvcli) StdoutLine: {'line': b'-- Installing: /home/jkang/InSituNeedle_Manipulation_FBG_FEM_ROS2/install/assignment1_srvcli/share/assignment1_srvcli/environment/path.sh\n'}
[11.753654] (assignment1_srvcli) StdoutLine: {'line': b'-- Installing: /home/jkang/InSituNeedle_Manipulation_FBG_FEM_ROS2/install/assignment1_srvcli/share/assignment1_srvcli/environment/path.dsv\n'}
[11.753782] (assignment1_srvcli) StdoutLine: {'line': b'-- Installing: /home/jkang/InSituNeedle_Manipulation_FBG_FEM_ROS2/install/assignment1_srvcli/share/assignment1_srvcli/local_setup.bash\n'}
[11.753896] (assignment1_srvcli) StdoutLine: {'line': b'-- Installing: /home/jkang/InSituNeedle_Manipulation_FBG_FEM_ROS2/install/assignment1_srvcli/share/assignment1_srvcli/local_setup.sh\n'}
[11.754020] (assignment1_srvcli) StdoutLine: {'line': b'-- Installing: /home/jkang/InSituNeedle_Manipulation_FBG_FEM_ROS2/install/assignment1_srvcli/share/assignment1_srvcli/local_setup.zsh\n'}
[11.754146] (assignment1_srvcli) StdoutLine: {'line': b'-- Installing: /home/jkang/InSituNeedle_Manipulation_FBG_FEM_ROS2/install/assignment1_srvcli/share/assignment1_srvcli/local_setup.dsv\n'}
[11.754265] (assignment1_srvcli) StdoutLine: {'line': b'-- Installing: /home/jkang/InSituNeedle_Manipulation_FBG_FEM_ROS2/install/assignment1_srvcli/share/assignment1_srvcli/package.dsv\n'}
[11.754419] (assignment1_srvcli) StdoutLine: {'line': b'-- Installing: /home/jkang/InSituNeedle_Manipulation_FBG_FEM_ROS2/install/assignment1_srvcli/share/ament_index/resource_index/packages/assignment1_srvcli\n'}
[11.754614] (assignment1_srvcli) StdoutLine: {'line': b'-- Installing: /home/jkang/InSituNeedle_Manipulation_FBG_FEM_ROS2/install/assignment1_srvcli/share/assignment1_srvcli/cmake/assignment1_srvcliConfig.cmake\n'}
[11.754704] (assignment1_srvcli) StdoutLine: {'line': b'-- Installing: /home/jkang/InSituNeedle_Manipulation_FBG_FEM_ROS2/install/assignment1_srvcli/share/assignment1_srvcli/cmake/assignment1_srvcliConfig-version.cmake\n'}
[11.754830] (assignment1_srvcli) StdoutLine: {'line': b'-- Installing: /home/jkang/InSituNeedle_Manipulation_FBG_FEM_ROS2/install/assignment1_srvcli/share/assignment1_srvcli/package.xml\n'}
[11.761303] (assignment1_srvcli) CommandEnded: {'returncode': 0}
[11.823543] (assignment1_srvcli) JobEnded: {'identifier': 'assignment1_srvcli', 'rc': 0}
[11.825381] (-) TimerEvent: {}
[11.925589] (-) TimerEvent: {}
[12.025853] (-) TimerEvent: {}
[12.126202] (-) TimerEvent: {}
[12.226549] (-) TimerEvent: {}
[12.326897] (-) TimerEvent: {}
[12.427245] (-) TimerEvent: {}
[12.527628] (-) TimerEvent: {}
[12.627978] (-) TimerEvent: {}
[12.728330] (-) TimerEvent: {}
[12.828679] (-) TimerEvent: {}
[12.918958] (assignment1_subpub) StdoutLine: {'line': b'[ 42%] \x1b[32m\x1b[1mLinking CXX shared library libsubpub.so\x1b[0m\n'}
[12.928834] (-) TimerEvent: {}
[13.029130] (-) TimerEvent: {}
[13.129397] (-) TimerEvent: {}
[13.198060] (assignment1_subpub) StdoutLine: {'line': b'[ 42%] Built target subpub\n'}
[13.207510] (assignment1_subpub) StdoutLine: {'line': b'\x1b[35m\x1b[1mScanning dependencies of target sub\x1b[0m\n'}
[13.207657] (assignment1_subpub) StdoutLine: {'line': b'\x1b[35m\x1b[1mScanning dependencies of target pub\x1b[0m\n'}
[13.229498] (-) TimerEvent: {}
[13.243416] (assignment1_subpub) StdoutLine: {'line': b'[ 57%] \x1b[32mBuilding CXX object CMakeFiles/sub.dir/src/subscriber_node.cpp.o\x1b[0m\n'}
[13.248865] (assignment1_subpub) StdoutLine: {'line': b'[ 71%] \x1b[32mBuilding CXX object CMakeFiles/pub.dir/src/publisher_node.cpp.o\x1b[0m\n'}
[13.329637] (-) TimerEvent: {}
[13.429977] (-) TimerEvent: {}
[13.530286] (-) TimerEvent: {}
[13.630592] (-) TimerEvent: {}
[13.730910] (-) TimerEvent: {}
[13.831227] (-) TimerEvent: {}
[13.931603] (-) TimerEvent: {}
[14.031939] (-) TimerEvent: {}
[14.132258] (-) TimerEvent: {}
[14.232598] (-) TimerEvent: {}
[14.332935] (-) TimerEvent: {}
[14.433241] (-) TimerEvent: {}
[14.533581] (-) TimerEvent: {}
[14.633917] (-) TimerEvent: {}
[14.734258] (-) TimerEvent: {}
[14.834604] (-) TimerEvent: {}
[14.934949] (-) TimerEvent: {}
[15.035294] (-) TimerEvent: {}
[15.061486] (assignment1_subpub) StdoutLine: {'line': b'[ 85%] \x1b[32m\x1b[1mLinking CXX executable pub\x1b[0m\n'}
[15.081772] (assignment1_subpub) StdoutLine: {'line': b'[100%] \x1b[32m\x1b[1mLinking CXX executable sub\x1b[0m\n'}
[15.135459] (-) TimerEvent: {}
[15.206263] (assignment1_subpub) StdoutLine: {'line': b'[100%] Built target pub\n'}
[15.224530] (assignment1_subpub) StdoutLine: {'line': b'[100%] Built target sub\n'}
[15.234132] (assignment1_subpub) CommandEnded: {'returncode': 0}
[15.236035] (-) TimerEvent: {}
[15.263158] (assignment1_subpub) JobProgress: {'identifier': 'assignment1_subpub', 'progress': 'install'}
[15.263922] (assignment1_subpub) Command: {'cmd': ['/usr/bin/cmake', '--install', '/home/jkang/InSituNeedle_Manipulation_FBG_FEM_ROS2/build/assignment1_subpub'], 'cwd': '/home/jkang/InSituNeedle_Manipulation_FBG_FEM_ROS2/build/assignment1_subpub', 'env': OrderedDict([('LESSOPEN', '| /usr/bin/lesspipe %s'), ('USER', 'jkang'), ('SSH_AGENT_PID', '1772'), ('XDG_SESSION_TYPE', 'x11'), ('SHLVL', '1'), ('LD_LIBRARY_PATH', '/home/jkang/InSituNeedle_Manipulation_FBG_FEM_ROS2/install/assignment1_msgs/lib:/home/jkang/rsp_homework/install/turtles/lib:/home/jkang/rsp_homework/install/pnp_actionlib/lib:/home/jkang/rsp_homework/install/pnp_msgs/lib:/home/jkang/rsp_homework/install/assignment1_subpub/lib:/home/jkang/rsp_homework/install/assignment1_srvcli/lib:/home/jkang/rsp_homework/install/assignment1_msgs/lib:/opt/ros/galactic/opt/yaml_cpp_vendor/lib:/opt/ros/galactic/opt/rviz_ogre_vendor/lib:/opt/ros/galactic/lib/x86_64-linux-gnu:/opt/ros/galactic/lib'), ('HOME', '/home/jkang'), ('OLDPWD', '/home/jkang'), ('DESKTOP_SESSION', 'ubuntu'), ('ROS_PYTHON_VERSION', '3'), ('GNOME_SHELL_SESSION_MODE', 'ubuntu'), ('GTK_MODULES', 'gail:atk-bridge'), ('MANAGERPID', '1535'), ('DBUS_SESSION_BUS_ADDRESS', 'unix:path=/run/user/1000/bus'), ('COLORTERM', 'truecolor'), ('IM_CONFIG_PHASE', '1'), ('COLCON_PREFIX_PATH', '/home/jkang/rsp_homework/install'), ('ROS_DISTRO', 'galactic'), ('LOGNAME', 'jkang'), ('JOURNAL_STREAM', '8:45484'), ('_', '/usr/bin/colcon'), ('ROS_VERSION', '2'), ('XDG_SESSION_CLASS', 'user'), ('USERNAME', 'jkang'), ('TERM', 'xterm-256color'), ('GNOME_DESKTOP_SESSION_ID', 'this-is-deprecated'), ('ROS_LOCALHOST_ONLY', '0'), ('WINDOWPATH', '2'), ('PATH', '/opt/ros/galactic/bin:/home/jkang/.local/bin:/usr/local/sbin:/usr/local/bin:/usr/sbin:/usr/bin:/sbin:/bin:/usr/games:/usr/local/games:/snap/bin'), ('SESSION_MANAGER', 'local/jkang-Legion-Y7000P-2019:@/tmp/.ICE-unix/1810,unix/jkang-Legion-Y7000P-2019:/tmp/.ICE-unix/1810'), ('INVOCATION_ID', 'b654e1dc32bc4c8b8938729b76e5b54e'), ('XDG_MENU_PREFIX', 'gnome-'), ('GNOME_TERMINAL_SCREEN', '/org/gnome/Terminal/screen/df3fb9ee_23b9_4e3b_8fa3_27bbcbb8349c'), ('XDG_RUNTIME_DIR', '/run/user/1000'), ('DISPLAY', ':1'), ('LANG', 'en_US.UTF-8'), ('XDG_CURRENT_DESKTOP', 'ubuntu:GNOME'), ('XMODIFIERS', '@im=ibus'), ('XDG_SESSION_DESKTOP', 'ubuntu'), ('XAUTHORITY', '/run/user/1000/gdm/Xauthority'), ('LS_COLORS', 'rs=0:di=01;34:ln=01;36:mh=00:pi=40;33:so=01;35:do=01;35:bd=40;33;01:cd=40;33;01:or=40;31;01:mi=00:su=37;41:sg=30;43:ca=30;41:tw=30;42:ow=34;42:st=37;44:ex=01;32:*.tar=01;31:*.tgz=01;31:*.arc=01;31:*.arj=01;31:*.taz=01;31:*.lha=01;31:*.lz4=01;31:*.lzh=01;31:*.lzma=01;31:*.tlz=01;31:*.txz=01;31:*.tzo=01;31:*.t7z=01;31:*.zip=01;31:*.z=01;31:*.dz=01;31:*.gz=01;31:*.lrz=01;31:*.lz=01;31:*.lzo=01;31:*.xz=01;31:*.zst=01;31:*.tzst=01;31:*.bz2=01;31:*.bz=01;31:*.tbz=01;31:*.tbz2=01;31:*.tz=01;31:*.deb=01;31:*.rpm=01;31:*.jar=01;31:*.war=01;31:*.ear=01;31:*.sar=01;31:*.rar=01;31:*.alz=01;31:*.ace=01;31:*.zoo=01;31:*.cpio=01;31:*.7z=01;31:*.rz=01;31:*.cab=01;31:*.wim=01;31:*.swm=01;31:*.dwm=01;31:*.esd=01;31:*.jpg=01;35:*.jpeg=01;35:*.mjpg=01;35:*.mjpeg=01;35:*.gif=01;35:*.bmp=01;35:*.pbm=01;35:*.pgm=01;35:*.ppm=01;35:*.tga=01;35:*.xbm=01;35:*.xpm=01;35:*.tif=01;35:*.tiff=01;35:*.png=01;35:*.svg=01;35:*.svgz=01;35:*.mng=01;35:*.pcx=01;35:*.mov=01;35:*.mpg=01;35:*.mpeg=01;35:*.m2v=01;35:*.mkv=01;35:*.webm=01;35:*.ogm=01;35:*.mp4=01;35:*.m4v=01;35:*.mp4v=01;35:*.vob=01;35:*.qt=01;35:*.nuv=01;35:*.wmv=01;35:*.asf=01;35:*.rm=01;35:*.rmvb=01;35:*.flc=01;35:*.avi=01;35:*.fli=01;35:*.flv=01;35:*.gl=01;35:*.dl=01;35:*.xcf=01;35:*.xwd=01;35:*.yuv=01;35:*.cgm=01;35:*.emf=01;35:*.ogv=01;35:*.ogx=01;35:*.aac=00;36:*.au=00;36:*.flac=00;36:*.m4a=00;36:*.mid=00;36:*.midi=00;36:*.mka=00;36:*.mp3=00;36:*.mpc=00;36:*.ogg=00;36:*.ra=00;36:*.wav=00;36:*.oga=00;36:*.opus=00;36:*.spx=00;36:*.xspf=00;36:'), ('GNOME_TERMINAL_SERVICE', ':1.105'), ('SSH_AUTH_SOCK', '/run/user/1000/keyring/ssh'), ('AMENT_PREFIX_PATH', '/home/jkang/InSituNeedle_Manipulation_FBG_FEM_ROS2/install/assignment1_msgs:/home/jkang/rsp_homework/install/turtles:/home/jkang/rsp_homework/install/pnp_actionlib:/home/jkang/rsp_homework/install/pnp_msgs:/home/jkang/rsp_homework/install/assignment1_subpub:/home/jkang/rsp_homework/install/assignment1_srvcli:/home/jkang/rsp_homework/install/assignment1_msgs:/opt/ros/galactic'), ('SHELL', '/bin/bash'), ('QT_ACCESSIBILITY', '1'), ('GDMSESSION', 'ubuntu'), ('LESSCLOSE', '/usr/bin/lesspipe %s %s'), ('GPG_AGENT_INFO', '/run/user/1000/gnupg/S.gpg-agent:0:1'), ('QT_IM_MODULE', 'ibus'), ('PWD', '/home/jkang/InSituNeedle_Manipulation_FBG_FEM_ROS2/build/assignment1_subpub'), ('LC_ALL', 'en_US.UTF-8'), ('XDG_CONFIG_DIRS', '/etc/xdg/xdg-ubuntu:/etc/xdg'), ('XDG_DATA_DIRS', '/usr/share/ubuntu:/usr/local/share/:/usr/share/:/var/lib/snapd/desktop'), ('PYTHONPATH', '/home/jkang/InSituNeedle_Manipulation_FBG_FEM_ROS2/install/assignment1_msgs/lib/python3.8/site-packages:/home/jkang/rsp_homework/install/pnp_msgs/lib/python3.8/site-packages:/home/jkang/rsp_homework/install/assignment1_msgs/lib/python3.8/site-packages:/opt/ros/galactic/lib/python3.8/site-packages'), ('COLCON', '1'), ('VTE_VERSION', '6003'), ('CMAKE_PREFIX_PATH', '/home/jkang/InSituNeedle_Manipulation_FBG_FEM_ROS2/install/assignment1_msgs:/home/jkang/rsp_homework/install/turtles:/home/jkang/rsp_homework/install/pnp_actionlib:/home/jkang/rsp_homework/install/pnp_msgs:/home/jkang/rsp_homework/install/assignment1_subpub:/home/jkang/rsp_homework/install/assignment1_srvcli:/home/jkang/rsp_homework/install/assignment1_msgs:/opt/ros/galactic')]), 'shell': False}
[15.273240] (assignment1_subpub) StdoutLine: {'line': b'-- Install configuration: ""\n'}
[15.273617] (assignment1_subpub) StdoutLine: {'line': b'-- Installing: /home/jkang/InSituNeedle_Manipulation_FBG_FEM_ROS2/install/assignment1_subpub/include\n'}
[15.273988] (assignment1_subpub) StdoutLine: {'line': b'-- Installing: /home/jkang/InSituNeedle_Manipulation_FBG_FEM_ROS2/install/assignment1_subpub/include/assignment1_subpub\n'}
[15.274125] (assignment1_subpub) StdoutLine: {'line': b'-- Installing: /home/jkang/InSituNeedle_Manipulation_FBG_FEM_ROS2/install/assignment1_subpub/include/assignment1_subpub/publisher.hpp\n'}
[15.274221] (assignment1_subpub) StdoutLine: {'line': b'-- Installing: /home/jkang/InSituNeedle_Manipulation_FBG_FEM_ROS2/install/assignment1_subpub/include/assignment1_subpub/subscriber.hpp\n'}
[15.274286] (assignment1_subpub) StdoutLine: {'line': b'-- Installing: /home/jkang/InSituNeedle_Manipulation_FBG_FEM_ROS2/install/assignment1_subpub/lib/libsubpub.so\n'}
[15.279108] (assignment1_subpub) StdoutLine: {'line': b'-- Set runtime path of "/home/jkang/InSituNeedle_Manipulation_FBG_FEM_ROS2/install/assignment1_subpub/lib/libsubpub.so" to ""\n'}
[15.279260] (assignment1_subpub) StdoutLine: {'line': b'-- Installing: /home/jkang/InSituNeedle_Manipulation_FBG_FEM_ROS2/install/assignment1_subpub/lib/assignment1_subpub/pub\n'}
[15.279834] (assignment1_subpub) StdoutLine: {'line': b'-- Set runtime path of "/home/jkang/InSituNeedle_Manipulation_FBG_FEM_ROS2/install/assignment1_subpub/lib/assignment1_subpub/pub" to ""\n'}
[15.280097] (assignment1_subpub) StdoutLine: {'line': b'-- Installing: /home/jkang/InSituNeedle_Manipulation_FBG_FEM_ROS2/install/assignment1_subpub/lib/assignment1_subpub/sub\n'}
[15.280515] (assignment1_subpub) StdoutLine: {'line': b'-- Set runtime path of "/home/jkang/InSituNeedle_Manipulation_FBG_FEM_ROS2/install/assignment1_subpub/lib/assignment1_subpub/sub" to ""\n'}
[15.280709] (assignment1_subpub) StdoutLine: {'line': b'-- Installing: /home/jkang/InSituNeedle_Manipulation_FBG_FEM_ROS2/install/assignment1_subpub/share/ament_index/resource_index/package_run_dependencies/assignment1_subpub\n'}
[15.280928] (assignment1_subpub) StdoutLine: {'line': b'-- Installing: /home/jkang/InSituNeedle_Manipulation_FBG_FEM_ROS2/install/assignment1_subpub/share/ament_index/resource_index/parent_prefix_path/assignment1_subpub\n'}
[15.281182] (assignment1_subpub) StdoutLine: {'line': b'-- Installing: /home/jkang/InSituNeedle_Manipulation_FBG_FEM_ROS2/install/assignment1_subpub/share/assignment1_subpub/environment/ament_prefix_path.sh\n'}
[15.281426] (assignment1_subpub) StdoutLine: {'line': b'-- Installing: /home/jkang/InSituNeedle_Manipulation_FBG_FEM_ROS2/install/assignment1_subpub/share/assignment1_subpub/environment/ament_prefix_path.dsv\n'}
[15.281562] (assignment1_subpub) StdoutLine: {'line': b'-- Installing: /home/jkang/InSituNeedle_Manipulation_FBG_FEM_ROS2/install/assignment1_subpub/share/assignment1_subpub/environment/path.sh\n'}
[15.281682] (assignment1_subpub) StdoutLine: {'line': b'-- Installing: /home/jkang/InSituNeedle_Manipulation_FBG_FEM_ROS2/install/assignment1_subpub/share/assignment1_subpub/environment/path.dsv\n'}
[15.281816] (assignment1_subpub) StdoutLine: {'line': b'-- Installing: /home/jkang/InSituNeedle_Manipulation_FBG_FEM_ROS2/install/assignment1_subpub/share/assignment1_subpub/local_setup.bash\n'}
[15.281995] (assignment1_subpub) StdoutLine: {'line': b'-- Installing: /home/jkang/InSituNeedle_Manipulation_FBG_FEM_ROS2/install/assignment1_subpub/share/assignment1_subpub/local_setup.sh\n'}
[15.282194] (assignment1_subpub) StdoutLine: {'line': b'-- Installing: /home/jkang/InSituNeedle_Manipulation_FBG_FEM_ROS2/install/assignment1_subpub/share/assignment1_subpub/local_setup.zsh\n'}
[15.282344] (assignment1_subpub) StdoutLine: {'line': b'-- Installing: /home/jkang/InSituNeedle_Manipulation_FBG_FEM_ROS2/install/assignment1_subpub/share/assignment1_subpub/local_setup.dsv\n'}
[15.282500] (assignment1_subpub) StdoutLine: {'line': b'-- Installing: /home/jkang/InSituNeedle_Manipulation_FBG_FEM_ROS2/install/assignment1_subpub/share/assignment1_subpub/package.dsv\n'}
[15.282614] (assignment1_subpub) StdoutLine: {'line': b'-- Installing: /home/jkang/InSituNeedle_Manipulation_FBG_FEM_ROS2/install/assignment1_subpub/share/ament_index/resource_index/packages/assignment1_subpub\n'}
[15.282750] (assignment1_subpub) StdoutLine: {'line': b'-- Installing: /home/jkang/InSituNeedle_Manipulation_FBG_FEM_ROS2/install/assignment1_subpub/share/assignment1_subpub/cmake/assignment1_subpubConfig.cmake\n'}
[15.282894] (assignment1_subpub) StdoutLine: {'line': b'-- Installing: /home/jkang/InSituNeedle_Manipulation_FBG_FEM_ROS2/install/assignment1_subpub/share/assignment1_subpub/cmake/assignment1_subpubConfig-version.cmake\n'}
[15.283042] (assignment1_subpub) StdoutLine: {'line': b'-- Installing: /home/jkang/InSituNeedle_Manipulation_FBG_FEM_ROS2/install/assignment1_subpub/share/assignment1_subpub/package.xml\n'}
[15.288739] (assignment1_subpub) CommandEnded: {'returncode': 0}
[15.341165] (-) TimerEvent: {}
[15.353939] (assignment1_subpub) JobEnded: {'identifier': 'assignment1_subpub', 'rc': 0}
[15.354494] (-) EventReactorShutdown: {}
